,learning_rate,batch_size,dropout,optimizer,activation,regularization,layer_1,layer_2,train_frac,test_frac,epochs,preweight,mean_val_nni,std_val_nni,mean_test_nni,std_test_nni
Kn9u4,2.180695219430115e-05,50.0,0.10932000275944005,SGD,elu,1.3236593511780782e-05,70.0,104.0,0.7,0.15,200.0,26.0,0.4582993955317577,0.04218857176981924,-1,-1
fFj2K,0.0028205412464869547,100.0,0.0012991430367083612,SGD,elu,9.755136533671147e-05,101.0,163.0,0.7,0.15,200.0,47.0,0.45262014401444023,0.023377990872266493,-1,-1
LWvsy,0.015869860004827055,5.0,0.03310455751331406,adam,elu,9.27471371460544e-05,171.0,94.0,0.7,0.15,200.0,18.0,0.488113157245197,0.03302237879413457,-1,-1
DJgea,1.0050505129495864e-06,30.0,0.08082869356704317,adam,tanh,3.0028452074408566e-05,54.0,132.0,0.7,0.15,200.0,25.0,0.49054639960569,0.037658676708066954,-1,-1
KxaVc,0.024809314979642557,100.0,0.050921669057131726,adam,tanh,7.425250628785628e-05,82.0,57.0,0.7,0.15,200.0,68.0,0.5020260568900836,0.03280914794407102,-1,-1
gyfac,3.610591545642385e-05,30.0,0.001585382489862608,adam,relu,7.130608884813567e-05,185.0,167.0,0.7,0.15,200.0,23.0,0.4438602383174408,0.047441940319043724,-1,-1
Mb8Xy,2.4092052964523816e-06,5.0,0.025092658756586943,adam,relu,1.3441965887482311e-05,167.0,150.0,0.7,0.15,200.0,19.0,0.49540357912098926,0.04291047344737238,-1,-1
GAsuB,0.009193700181829682,10.0,0.03710035245065174,SGD,elu,9.25562141587655e-05,135.0,112.0,0.7,0.15,200.0,43.0,0.6144816876483257,0.053248787698641775,-1,-1
sQjc1,4.953657421938174e-06,5.0,0.12853185657499153,adam,elu,9.438674199932268e-05,13.0,80.0,0.7,0.15,200.0,41.0,0.4814707521846868,0.026339821627878242,-1,-1
ueNg9,2.592411357573778e-05,50.0,0.05361083386138873,adam,relu,9.595917349065421e-05,109.0,49.0,0.7,0.15,200.0,35.0,0.5416584497106747,0.05855179706420948,-1,-1
qqvCK,0.057888314277060655,5.0,0.042293944730566885,adam,tanh,9.479889069634961e-05,109.0,139.0,0.7,0.15,200.0,45.0,0.5167492475148389,0.02976449478413978,-1,-1
LMMom,0.4613315016985682,70.0,0.13712649966448998,adam,tanh,6.953334141275973e-05,150.0,158.0,0.7,0.15,200.0,47.0,0.49791269139400357,0.03100837039401196,-1,-1
Jngn4,0.00033835259951988213,10.0,0.0950801036526258,adam,elu,6.0655756868147076e-05,141.0,185.0,0.7,0.15,200.0,19.0,0.5939941308586231,0.0775417572422242,-1,-1
GSp3G,0.0019060413122109225,10.0,0.041927671816770505,SGD,tanh,5.2762309585631566e-05,78.0,105.0,0.7,0.15,200.0,54.0,0.6054362236551794,0.02593250249489275,-1,-1
x7i5z,0.001409952657546389,50.0,0.05052384913701154,SGD,tanh,8.56827167200111e-05,184.0,135.0,0.7,0.15,200.0,23.0,0.48360677615666725,0.027879539057409405,-1,-1
PxJvR,0.014562900221897906,50.0,0.1181067750551564,adam,relu,9.730916054967808e-05,79.0,147.0,0.7,0.15,200.0,47.0,0.598578239346609,0.03923977099739423,-1,-1
Eaqjp,0.22187591415169583,70.0,0.018310100438753477,SGD,elu,8.946632443719415e-05,40.0,29.0,0.7,0.15,200.0,47.0,0.5785171077870146,0.028078016767228663,-1,-1
gXXQf,0.007540173528081137,5.0,0.0434092650831395,SGD,tanh,9.07907965087787e-05,11.0,187.0,0.7,0.15,200.0,21.0,0.5960528841577387,0.047848707031142385,-1,-1
n57uT,4.393020568649644e-06,50.0,0.02811219329502788,SGD,relu,1.8813484185478337e-05,160.0,15.0,0.7,0.15,200.0,10.0,0.47680652293324394,0.027100156289362746,-1,-1
d1vsb,6.792660795697378e-06,100.0,0.041660076130875676,SGD,tanh,9.995562746527347e-05,177.0,153.0,0.7,0.15,200.0,11.0,0.48262219590675814,0.03856503309379308,-1,-1
XJ77N,0.0006650614680167624,10.0,0.06979045944146148,SGD,elu,4.2677040217573634e-05,123.0,116.0,0.7,0.15,200.0,58.0,0.4490704397717165,0.03137671768743584,-1,-1
t2Qnl,0.00015974450910237372,10.0,0.06781814452059044,SGD,elu,1.4053718515559194e-06,125.0,79.0,0.7,0.15,200.0,56.0,0.4773416860313011,0.04397292291163925,-1,-1
jDjhD,0.10558803252727042,10.0,0.015327488453925352,SGD,tanh,4.700442495458227e-05,33.0,121.0,0.7,0.15,200.0,58.0,0.5904962610964416,0.028544643258342637,-1,-1
YZZUi,0.003628332816143354,10.0,0.011526447896156106,SGD,elu,3.5553083450234966e-05,89.0,85.0,0.7,0.15,200.0,68.0,0.6300414641832934,0.037055723220951055,-1,-1
yFk8J,0.0035593098725442795,10.0,0.010889598509900907,SGD,elu,3.558544279631389e-05,197.0,64.0,0.7,0.15,200.0,68.0,0.5261566898498541,0.04078312909816208,-1,-1
frzLF,0.0001002372914531577,10.0,0.004342817220290937,SGD,elu,2.7720039263618546e-05,134.0,43.0,0.7,0.15,200.0,32.0,0.4881787764511717,0.018276183551837553,-1,-1
ZlG9O,0.056064054307110714,10.0,0.0811470603950017,SGD,elu,5.974719813817024e-05,63.0,78.0,0.7,0.15,200.0,63.0,0.5722347046838931,0.07589978780938526,-1,-1
GC8CZ,0.007099080433550251,70.0,0.022013914826258883,SGD,elu,5.786200785937032e-07,89.0,91.0,0.7,0.15,200.0,52.0,0.4862935289408786,0.06585727359097285,-1,-1
QGvko,0.0006173409905722932,30.0,0.05586386118411242,SGD,elu,8.227179013025926e-05,98.0,117.0,0.7,0.15,200.0,35.0,0.45814898612137334,0.03668425079559904,-1,-1
MHh91,0.3047946450992326,10.0,0.09457596034865756,SGD,elu,3.832482609056051e-05,119.0,94.0,0.7,0.15,200.0,64.0,,,-1,-1
qakRx,0.00023980229635625551,10.0,0.09401041578810865,SGD,elu,3.88097430876806e-05,124.0,108.0,0.7,0.15,200.0,62.0,0.47469767257516365,0.01223247803480644,-1,-1
vbKrL,0.005642151280787357,10.0,0.008858922272126741,SGD,elu,2.305101431335304e-05,153.0,68.0,0.7,0.15,200.0,31.0,0.5764671319086683,0.07303800102962314,-1,-1
Djxy5,0.0012970633103122798,100.0,0.03207140879305646,SGD,elu,5.379883907926494e-05,60.0,93.0,0.7,0.15,200.0,70.0,0.4716041906332825,0.031087023948679824,-1,-1
ZBMNB,0.02449970325847693,10.0,0.06434107818238635,SGD,elu,1.2303176533515274e-05,41.0,169.0,0.7,0.15,200.0,42.0,0.5747578306392832,0.04298076378038341,-1,-1
raA3t,0.49384596716244555,30.0,0.031060698469319702,SGD,elu,7.791676066741598e-05,93.0,32.0,0.7,0.15,200.0,15.0,0.5282917973667622,0.05786617656923695,-1,-1
gfhlb,0.19091994558918018,100.0,0.08157302988432369,SGD,elu,6.207714801574634e-05,111.0,199.0,0.7,0.15,200.0,63.0,0.5841446085083767,0.04951962779018774,-1,-1
yKgaL,7.048147445158568e-05,70.0,0.0019016440934708084,SGD,relu,3.405895889426004e-05,136.0,98.0,0.7,0.15,200.0,28.0,0.49092977908906577,0.017770748232303457,-1,-1
w4U4y,0.017501912723483636,10.0,0.06016311543248416,SGD,elu,5.380709332403642e-06,72.0,124.0,0.7,0.15,200.0,53.0,0.5930016653156491,0.04665451572008014,-1,-1
Ess9D,0.00439982144958686,30.0,0.09176089583734763,SGD,elu,4.5391308740603226e-05,117.0,85.0,0.7,0.15,200.0,36.0,0.5264710231501505,0.057431336610097056,-1,-1
RoEWe,0.04400410137900407,10.0,0.03645350157760616,SGD,relu,6.508594290535765e-05,102.0,67.0,0.7,0.15,200.0,38.0,0.6074353825552903,0.061759845698682765,-1,-1
ONdMW,0.011070638127678998,5.0,0.022455517230863017,adam,elu,2.5185540606927547e-05,21.0,47.0,0.7,0.15,200.0,66.0,0.4742420614515111,0.04036496267075919,-1,-1
SlP7Q,0.002885050381722221,100.0,0.1039749426419938,SGD,elu,3.1805413322893765e-05,50.0,129.0,0.7,0.15,200.0,49.0,0.5327887230436527,0.045717321874837125,-1,-1
oFuwE,1.3579061177300935e-05,10.0,0.012035352655661392,adam,relu,1.6676871584509102e-05,148.0,109.0,0.7,0.15,200.0,44.0,0.5379644111511631,0.09479160103176423,-1,-1
yUZRC,1.1638791489494133e-06,50.0,0.14514801012851747,SGD,elu,5.5732788633658866e-05,171.0,13.0,0.7,0.15,200.0,27.0,0.46940556866696664,0.058876045368562585,-1,-1
t6yFD,0.0004170455941945953,30.0,0.0006046574102916702,adam,elu,6.834142537311355e-05,88.0,146.0,0.7,0.15,200.0,15.0,0.6107474534457885,0.06393881997813973,-1,-1
MKcSd,0.0010952902797760752,5.0,0.0494617950364217,SGD,relu,7.50342998018497e-05,161.0,59.0,0.7,0.15,200.0,60.0,0.5138496067617224,0.04061041544649955,-1,-1
rkUQw,0.03311578889709376,70.0,0.03668481568583989,adam,tanh,4.021163082381496e-05,194.0,140.0,0.7,0.15,200.0,50.0,0.5043074846231932,0.034393814867091525,-1,-1
rlnht,0.08075960208455861,10.0,0.07379811990305339,SGD,elu,8.197880127724634e-05,144.0,177.0,0.7,0.15,200.0,66.0,0.5584213015852223,0.0404780732987436,-1,-1
a7KJX,4.484086480714904e-05,50.0,0.01818821706226352,SGD,tanh,9.583568059153312e-06,68.0,36.0,0.7,0.15,200.0,40.0,0.4835939384818067,0.04716014252716914,-1,-1
q7ERl,0.0019452869677469187,10.0,0.04782376404547503,adam,relu,2.0785220154848292e-05,133.0,101.0,0.7,0.15,200.0,24.0,0.6075340929803292,0.06276043468935719,-1,-1
wtm1d,0.0002049646848941661,5.0,0.0580889832686878,SGD,elu,4.558110278387267e-05,115.0,22.0,0.7,0.15,200.0,32.0,0.49264656910366017,0.04385067695893421,-1,-1
wXOPX,0.19684893867774012,100.0,0.026396101478911083,SGD,elu,5.011176790129483e-05,183.0,72.0,0.7,0.15,200.0,44.0,0.5924263032510101,0.035618642602996485,-1,-1
ZrYrY,0.012427255997976807,70.0,0.12702663518608284,adam,tanh,5.8336295044837464e-05,84.0,56.0,0.7,0.15,200.0,55.0,0.5851406781811093,0.04032873204454332,-1,-1
r4H5C,0.00040592531199804514,10.0,0.008058620394776582,SGD,elu,2.974305352696406e-05,97.0,86.0,0.7,0.15,200.0,69.0,0.5336243515857758,0.02175737543760815,-1,-1
glpcO,0.3402018309376125,50.0,0.08649900323842111,SGD,relu,8.757026557919238e-05,108.0,167.0,0.7,0.15,200.0,38.0,0.5170753085022209,0.03290918425663263,-1,-1
dkC3I,0.13592032044459426,10.0,0.06195949816068654,SGD,tanh,6.563165655867594e-05,74.0,111.0,0.7,0.15,200.0,51.0,0.604210510378118,0.05312055646938426,-1,-1
YwyYL,0.0008990766292635989,30.0,0.037765164273656206,adam,elu,7.361057714822469e-05,50.0,125.0,0.7,0.15,200.0,57.0,0.5212766810719468,0.06189654656358405,-1,-1
CaRJp,1.516070019214965e-05,10.0,0.0443909197362641,SGD,elu,5.059610142422103e-05,128.0,136.0,0.7,0.15,200.0,65.0,0.482829534428962,0.04319992979253544,-1,-1
dyy6l,0.0001293674972477607,5.0,0.07297674914031238,SGD,elu,3.8912983218833576e-05,27.0,155.0,0.7,0.15,200.0,60.0,0.4733421845277547,0.04656388252669751,-1,-1
p91iC,0.0017313747639798394,10.0,0.016137094289399256,SGD,tanh,9.332326519667755e-05,159.0,74.0,0.7,0.15,200.0,29.0,0.5012845128142308,0.03675052622391373,-1,-1
Bho9l,0.025152403290814328,70.0,0.02720561760846483,adam,relu,2.6188491704065912e-05,118.0,161.0,0.7,0.15,200.0,14.0,0.4978420057511732,0.008501962175234625,-1,-1
CoJwA,0.009353546432161174,100.0,0.05334769821953711,SGD,elu,3.5879753041446453e-05,140.0,85.0,0.7,0.15,200.0,21.0,0.5018798938452034,0.08794339196045733,-1,-1
FV7NJ,0.004779695831716147,50.0,0.0054380414159146545,SGD,elu,4.2541699830775895e-05,58.0,117.0,0.7,0.15,200.0,49.0,0.5084806965743606,0.032996136565034986,-1,-1
ENqmL,0.08010193748513852,10.0,0.10581948451554336,SGD,elu,5.843342395146684e-06,191.0,195.0,0.7,0.15,200.0,42.0,0.5552760940210075,0.05367830263665761,-1,-1
vFauB,0.0023068942581076367,10.0,0.06465478880951839,SGD,tanh,1.6166384622012795e-05,81.0,97.0,0.7,0.15,200.0,46.0,0.5928963950785512,0.02749228754315419,-1,-1
pzIaO,0.3157597809503533,30.0,0.02236928274226392,adam,elu,9.830469041457715e-05,104.0,145.0,0.7,0.15,200.0,18.0,0.5044791379078789,0.00950301159218669,-1,-1
Z0fEC,0.000491452921701016,30.0,0.0004212369011715386,adam,elu,6.877367850526497e-05,90.0,144.0,0.7,0.15,200.0,30.0,0.5891811213880938,0.04157198771345937,-1,-1
CyBcU,0.00032048489476077107,30.0,0.0006424149662560018,adam,elu,8.399297803966582e-05,66.0,179.0,0.7,0.15,200.0,13.0,0.6297879737073747,0.03845217986197041,-1,-1
WhiQe,0.00026532397701208683,30.0,0.01563732293464495,adam,elu,8.440133605145527e-05,64.0,184.0,0.7,0.15,200.0,26.0,0.6166019794664912,0.0867762914692191,-1,-1
Vop88,0.0007410709776540994,30.0,0.012018537543861627,adam,elu,8.379282911078346e-05,36.0,182.0,0.7,0.15,200.0,12.0,0.6140368735685147,0.034131796289706244,-1,-1
IEVUZ,5.724163686512055e-05,30.0,0.0057014501588736315,adam,elu,8.837723458065722e-05,66.0,191.0,0.7,0.15,200.0,17.0,0.5123743090312893,0.10916323206087726,-1,-1
oPfER,2.8930755037736678e-05,30.0,0.014584782609160678,adam,elu,8.157948047432513e-05,17.0,173.0,0.7,0.15,200.0,21.0,0.5178500095279437,0.047707417417410025,-1,-1
oROWA,0.0001091488391518907,30.0,0.03255386732099072,adam,elu,7.688410185982109e-05,45.0,181.0,0.7,0.15,200.0,25.0,0.6363596339443379,0.09553346436347415,-1,-1
jo94q,8.50854377118393e-05,30.0,0.030936904595927864,adam,elu,7.641981441502556e-05,44.0,199.0,0.7,0.15,200.0,10.0,0.5360085258692882,0.039029817423962235,-1,-1
OpUXU,2.890925210115901e-06,30.0,0.022452555801788582,adam,elu,6.284839194484643e-05,53.0,160.0,0.7,0.15,200.0,34.0,0.4878187748869217,0.04734039519856932,-1,-1
CAMeM,1.759550836205787e-05,30.0,0.11427763761359325,adam,elu,7.999167661401396e-05,30.0,177.0,0.7,0.15,200.0,13.0,0.5066883917826885,0.010418287230108892,-1,-1
m6ZoL,1.02786666820002e-05,30.0,0.045770971980027365,adam,elu,7.264655420936866e-05,44.0,190.0,0.7,0.15,200.0,23.0,0.5022445301314526,0.07366707035529726,-1,-1
z05Ol,0.00016714634223573494,30.0,0.03865344309419725,adam,relu,5.581149211350229e-05,76.0,57.0,0.7,0.15,200.0,16.0,0.5975442814477505,0.057693145327604195,-1,-1
aqV5q,0.0003003807235923434,30.0,0.01882891312802674,adam,elu,6.966825529921045e-05,23.0,131.0,0.7,0.15,200.0,25.0,0.5586879572797179,0.08874831639266717,-1,-1
jh5E2,4.16999896776431e-05,5.0,0.03250355244769188,adam,elu,4.8152646343190174e-05,58.0,166.0,0.7,0.15,200.0,19.0,0.5456745613105228,0.05351261577860317,-1,-1
HHTfp,0.0030752811061764964,100.0,0.0014275409153259831,adam,elu,7.885712407883256e-05,11.0,153.0,0.7,0.15,200.0,38.0,0.6030739479484312,0.07005229934377495,-1,-1
rHoYT,1.290435358714619e-06,70.0,0.008980480557038224,adam,relu,9.742790035712421e-05,84.0,178.0,0.7,0.15,200.0,22.0,0.4743583653415134,0.011377041184304727,-1,-1
e3DdE,7.742006209597487e-06,30.0,0.028921306841060486,adam,tanh,9.578948333606285e-05,38.0,39.0,0.7,0.15,200.0,19.0,0.530434312112037,0.021335474728422076,-1,-1
pVbCB,9.81571750304758e-05,50.0,0.053486416816378765,adam,elu,5.788718834518031e-05,71.0,105.0,0.7,0.15,200.0,10.0,0.6043816190536658,0.09847585853448372,-1,-1
D0CoS,2.7806033763421818e-05,30.0,0.003958109958803004,adam,elu,9.108363767123962e-05,48.0,171.0,0.7,0.15,200.0,12.0,0.46945886890876815,0.055807942357395605,-1,-1
bqQs9,0.0012254854895200318,5.0,0.03410760445750698,adam,elu,6.42691820147269e-05,96.0,88.0,0.7,0.15,200.0,28.0,0.5791691359636235,0.0515269565545398,-1,-1
IXYR8,0.006270534151508769,100.0,0.024892542014128053,adam,elu,5.2824734061088906e-05,55.0,53.0,0.7,0.15,200.0,33.0,0.5691842829963948,0.04461119742158832,-1,-1
IPtvH,0.0001337294730532394,30.0,0.04138051642994369,adam,relu,3.3162090009081384e-05,16.0,23.0,0.7,0.15,200.0,36.0,0.628618113697755,0.043201244648474656,-1,-1
ZDb3N,0.0005486525235354972,70.0,0.07765146703018729,adam,tanh,2.2015071857428277e-05,100.0,140.0,0.7,0.15,200.0,17.0,0.590352486732538,0.027084598702753593,-1,-1
djaNc,6.373099786950454e-05,50.0,0.1452914583199369,adam,elu,8.649014112015055e-05,62.0,121.0,0.7,0.15,200.0,25.0,0.5134694642484164,0.08054561971724,-1,-1
NMth0,0.000957626121743866,30.0,0.0686014266999203,adam,elu,6.701005796646545e-05,92.0,81.0,0.7,0.15,200.0,14.0,0.5608875092165035,0.04483042706163385,-1,-1
LS9bA,4.181547036386723e-06,30.0,0.020454022006909975,adam,elu,7.161510889821777e-05,113.0,150.0,0.7,0.15,200.0,20.0,0.45050490377905117,0.08484057653135432,-1,-1
qPgQu,0.01786490584951281,5.0,0.09805173033134346,adam,relu,9.93859058197738e-05,34.0,196.0,0.7,0.15,200.0,40.0,0.5064318002232298,0.0081179253135099,-1,-1
tUohU,0.00020983303029393873,100.0,0.08506133495927745,adam,tanh,2.910018517271169e-05,78.0,62.0,0.7,0.15,200.0,30.0,0.5505037668852887,0.07983541353416641,-1,-1
PsoFe,0.004050582447078209,70.0,0.010050526193837742,adam,elu,6.0907458353906226e-05,87.0,113.0,0.7,0.15,200.0,24.0,0.5600343962179667,0.06905989386061517,-1,-1
ytQqN,1.6904757329852721e-06,10.0,0.1396986653260428,adam,elu,4.1499119205453644e-05,107.0,96.0,0.7,0.15,200.0,37.0,0.4743468624492845,0.03797149775190784,-1,-1
J2eCO,2.17533569702045e-05,50.0,0.01330378557984265,SGD,elu,3.7214663477733996e-05,120.0,127.0,0.7,0.15,200.0,27.0,0.48403354704537616,0.02359569087687574,-1,-1
Bsd4N,0.00221090765134878,30.0,0.04796671487697393,adam,elu,9.09237875353848e-05,68.0,134.0,0.7,0.15,200.0,11.0,0.5487068805817902,0.0544577761123352,-1,-1
qI3bJ,0.0003573731461214805,10.0,0.03961749822142026,SGD,tanh,7.634233740920962e-05,128.0,49.0,0.7,0.15,200.0,32.0,0.47849647811199364,0.019137765267928274,-1,-1
mmvwM,0.0014891657782011539,30.0,0.006763336608028321,SGD,relu,4.450920622395773e-05,44.0,75.0,0.7,0.15,200.0,53.0,0.49643315773574337,0.016124212823906598,-1,-1
KQkmd,0.008226591650602777,10.0,0.025291432945104896,adam,elu,5.4889886866972604e-05,27.0,102.0,0.7,0.15,200.0,16.0,0.5517790849510341,0.03549080824720597,-1,-1
tcvyv,0.0006992481274746238,5.0,0.125739976334919,SGD,elu,4.87889520204906e-05,74.0,70.0,0.7,0.15,200.0,60.0,0.5178959313794107,0.0435816368524315,-1,-1
OU8lK,0.00015629854172126916,100.0,0.05713362273604905,adam,elu,1.8993711335200008e-05,54.0,164.0,0.7,0.15,200.0,45.0,0.6063519382082123,0.06644398683417686,-1,-1
IqgpE,0.04018652473146702,70.0,0.00356089442608853,SGD,elu,5.137099702233328e-05,86.0,90.0,0.7,0.15,200.0,48.0,0.5150099591043733,0.03163653132399359,-1,-1
o4fIp,5.1931256300767774e-05,30.0,0.03568746567831024,adam,tanh,9.33523935312224e-05,81.0,188.0,0.7,0.15,200.0,22.0,0.5119132371048797,0.08908924652351076,-1,-1
XRlTP,1.1727458667061803e-05,10.0,0.05120864617506754,adam,relu,1.136453340521284e-05,47.0,181.0,0.7,0.15,200.0,34.0,0.4669920873488073,0.06113599019049986,-1,-1
MFfx6,5.693727504172267e-06,50.0,0.030178016903797455,SGD,elu,5.779882054756749e-05,104.0,158.0,0.7,0.15,200.0,42.0,0.45720727631233327,0.05089456150659393,-1,-1
DkkyR,7.682664382884606e-05,30.0,0.018442944119835842,adam,elu,7.503695281611418e-05,95.0,45.0,0.7,0.15,200.0,14.0,0.5511292382892676,0.02297476813190316,-1,-1
KhmRy,0.00010836046644682218,10.0,0.0003304010881932938,SGD,elu,2.5193926954655138e-05,40.0,63.0,0.7,0.15,200.0,62.0,0.49794479267859915,0.013062951319959834,-1,-1
VtiUf,0.00045866749742382224,30.0,0.0629791596891148,adam,elu,4.3243234548755085e-06,22.0,120.0,0.7,0.15,200.0,70.0,0.5906228393468334,0.034056831139872956,-1,-1
KrIt7,3.7312810579998276e-05,5.0,0.044470918689238574,SGD,tanh,7.029393173764793e-05,60.0,81.0,0.7,0.15,200.0,17.0,0.46831666706478303,0.03907273672896482,-1,-1
eKr9k,0.005355882593634242,30.0,0.0718196006341428,adam,elu,3.17498738083326e-05,30.0,174.0,0.7,0.15,200.0,31.0,0.6092346881913959,0.07727796762884498,-1,-1
jQdsf,0.0008646833293413522,100.0,0.008373129852062261,SGD,relu,8.493680666222256e-05,70.0,196.0,0.7,0.15,200.0,68.0,0.4703620945389558,0.019649668527790685,-1,-1
H1nmg,0.002719994776875392,70.0,0.017161109678201593,adam,elu,8.09897601217623e-05,66.0,108.0,0.7,0.15,200.0,58.0,0.5849843049706338,0.058135986687664884,-1,-1
sUbD4,0.026093781911459172,10.0,0.011911581449444231,adam,elu,8.844764304891227e-05,16.0,156.0,0.7,0.15,200.0,20.0,0.4994179094781635,0.04107121843161546,-1,-1
ZOw64,0.00027510278065311154,30.0,0.06571964533094109,SGD,elu,7.798852490148634e-05,111.0,93.0,0.7,0.15,200.0,12.0,0.4806557946878488,0.039094463488364206,-1,-1
RrfYC,0.010802507703422452,50.0,0.025378923304919566,adam,tanh,6.758119021909399e-05,52.0,142.0,0.7,0.15,200.0,23.0,0.6039925669101863,0.04914149950456603,-1,-1
vRjdm,0.0015591589081451079,10.0,0.03364878879518186,SGD,elu,4.63696450958643e-05,56.0,138.0,0.7,0.15,200.0,55.0,0.5164820763542668,0.0722505279729161,-1,-1
rEFND,0.015202275858222185,30.0,0.060800910821487295,adam,relu,1.4087873427766835e-05,100.0,148.0,0.7,0.15,200.0,28.0,0.5311947505619339,0.030465196216529156,-1,-1
fdlyo,2.3688263718104914e-05,5.0,2.5514240392112493e-05,adam,elu,9.533009039339107e-05,90.0,115.0,0.7,0.15,200.0,26.0,0.5477404109934118,0.06793016679368895,-1,-1
Vv7oi,0.061871349459269455,30.0,0.07849707137946366,SGD,elu,6.297442643754893e-05,130.0,193.0,0.7,0.15,200.0,51.0,0.5937521152505221,0.07658724704110247,-1,-1
nXxn7,0.00021228883481467655,100.0,0.02883412369299366,adam,elu,8.320057962518352e-05,79.0,169.0,0.7,0.15,200.0,39.0,0.6240918315590884,0.07558187268858557,-1,-1
mx9jK,0.0006153181946872674,70.0,0.08897285310858671,SGD,tanh,3.7983050145731824e-05,121.0,35.0,0.7,0.15,200.0,66.0,0.46697466091682205,0.04053279485207846,-1,-1
czm1Z,3.6395699032277867e-06,10.0,0.12230463760992143,adam,elu,2.7352217053428706e-05,138.0,26.0,0.7,0.15,200.0,15.0,0.4861820405354885,0.03687037532152286,-1,-1
DjUL1,7.705975929577403e-06,30.0,0.09738446755802349,adam,relu,3.481643044343226e-05,144.0,10.0,0.7,0.15,200.0,18.0,0.4419315701359051,0.048402349162542026,-1,-1
ZQJ0o,0.13403722778081475,50.0,0.11349641899106697,SGD,elu,6.026384572966694e-05,63.0,199.0,0.7,0.15,200.0,35.0,0.5378192016860686,0.05018417031151039,-1,-1
JrFrt,0.0034783034499501525,30.0,0.04134287332133136,adam,elu,4.329190656229044e-05,32.0,187.0,0.7,0.15,200.0,11.0,0.5895267494363507,0.01440199794557207,-1,-1
ciHKf,0.00037944194664054465,10.0,0.022130090350756065,SGD,elu,4.047859448823e-05,36.0,68.0,0.7,0.15,200.0,24.0,0.4876325541490937,0.028096489673495515,-1,-1
tdIqk,0.0011330976353039277,30.0,0.014533045381255839,adam,tanh,2.3747689764907712e-05,10.0,132.0,0.7,0.15,200.0,30.0,0.5534840176090464,0.053497259945547236,-1,-1
rG7ym,2.0876022656117393e-06,5.0,0.0032261115488691535,adam,elu,6.512509036971128e-05,73.0,100.0,0.7,0.15,200.0,20.0,0.4839238025559059,0.024164598080070866,-1,-1
uk8n2,1.6273725167212884e-05,100.0,0.005919435374741978,SGD,relu,5.676583850955612e-05,42.0,150.0,0.7,0.15,200.0,44.0,0.46237802864843996,0.0433433756790008,-1,-1
sWdnt,0.0070621097766817575,70.0,0.0511612672323572,adam,elu,7.1895979787911e-05,48.0,18.0,0.7,0.15,200.0,33.0,0.5857998948283992,0.05067754419792836,-1,-1
ESQ1e,0.00011388114169062534,10.0,0.05632376454414575,adam,elu,7.648685026820593e-06,151.0,53.0,0.7,0.15,200.0,41.0,0.5116609564547312,0.05845172661335728,-1,-1
AZMaJ,0.0022040168000046012,30.0,0.0354372557535207,SGD,elu,7.461090864475225e-05,25.0,78.0,0.7,0.15,200.0,27.0,0.4828169908702339,0.07812528543507466,-1,-1
abZ5H,0.021941791809281873,30.0,0.04575781651476994,adam,tanh,9.024167871029248e-05,83.0,162.0,0.7,0.15,200.0,16.0,0.5155757569496215,0.04682574057831551,-1,-1
HlGPm,3.0105292019986985e-05,50.0,0.13768289191248564,SGD,elu,5.275783701357554e-05,157.0,105.0,0.7,0.15,200.0,22.0,0.4584770349260701,0.059110476200167496,-1,-1
s0ZKr,8.603066017888354e-05,10.0,0.020389224081307937,adam,relu,9.988092258203673e-05,94.0,125.0,0.7,0.15,200.0,65.0,0.5556544832828662,0.051962858147099215,-1,-1
Pu0ZJ,1.014776217335312e-05,5.0,0.13170979882470962,adam,elu,7.934721855492165e-05,76.0,175.0,0.7,0.15,200.0,46.0,0.572213819815543,0.05283512444785143,-1,-1
cVOWg,0.0002887764992830019,30.0,0.011855492799423242,SGD,elu,1.9990554720638927e-05,116.0,181.0,0.7,0.15,200.0,13.0,0.4816389575601504,0.019507658699684318,-1,-1
kmTVb,0.00015971066074411586,100.0,0.02363327950323344,adam,elu,8.67627687080776e-05,60.0,40.0,0.7,0.15,200.0,29.0,0.5819938227774455,0.05910903682473837,-1,-1
OOaen,4.530509219975816e-05,70.0,0.10284104310455983,SGD,tanh,3.209627823878503e-05,125.0,119.0,0.7,0.15,200.0,61.0,0.5037981998315294,0.04604634043049018,-1,-1
MAKbb,0.0005164131232695827,10.0,0.03984292765666166,adam,elu,1.5357790166390275e-05,70.0,130.0,0.7,0.15,200.0,37.0,0.5814037709179292,0.04639258373998258,-1,-1
ucVAB,0.004188226776381152,30.0,0.03159800312649509,adam,relu,4.932617645973797e-05,167.0,112.0,0.7,0.15,200.0,18.0,0.6702753994625846,0.08701910773301025,-1,-1
ptNci,0.011992954827610543,50.0,0.05875612691660331,SGD,relu,3.6864542544038075e-05,166.0,85.0,0.7,0.15,200.0,18.0,0.5447179831876527,0.0839517891877378,-1,-1
SfnuH,0.26026113513845434,30.0,0.06630960220099197,adam,relu,2.8660697741475156e-05,199.0,74.0,0.7,0.15,200.0,57.0,0.5058026717744344,0.012522221560608492,-1,-1
fUk2A,0.07359549490938637,10.0,0.07065536285670965,SGD,relu,4.959984128714068e-05,169.0,65.0,0.7,0.15,200.0,21.0,0.5566409830799305,0.03650197801646348,-1,-1
YdtT9,0.0017296683118776658,30.0,0.028100434090751886,adam,relu,4.435964480719508e-05,105.0,165.0,0.7,0.15,200.0,19.0,0.5708414790215273,0.07574916556044971,-1,-1
oGRrC,0.038150039635184506,30.0,0.0318684507350201,adam,relu,5.955523126949434e-05,178.0,95.0,0.7,0.15,200.0,13.0,0.4837733701931004,0.01410661016325582,-1,-1
nnuqo,0.0007912469431834923,30.0,0.017559827394336175,adam,relu,4.671876835609086e-05,178.0,153.0,0.7,0.15,200.0,15.0,0.6081598938388761,0.07740980517285061,-1,-1
Xyuvp,0.0029743876568398193,30.0,0.008854481496300012,adam,relu,5.175717793677538e-05,190.0,109.0,0.7,0.15,200.0,10.0,0.5443542058037693,0.08575695594007889,-1,-1
VFNmG,0.005287016090600488,30.0,0.14926693779799416,adam,relu,3.951992552630598e-05,133.0,60.0,0.7,0.15,200.0,26.0,0.6010271563504468,0.04775112095690224,-1,-1
GkAOD,0.003972675130942601,30.0,0.04837321717727165,adam,relu,5.473978133061201e-05,87.0,90.0,0.7,0.15,200.0,23.0,0.5772645932437945,0.03384443630572672,-1,-1
RYQDb,0.0012489003973635044,30.0,0.014623753014892556,adam,relu,4.785660065792186e-05,174.0,136.0,0.7,0.15,200.0,25.0,0.6032480222160636,0.01969533258328163,-1,-1
l4Hzp,0.009518824761843866,30.0,0.03800150327852919,adam,relu,4.1961786296337794e-05,164.0,31.0,0.7,0.15,200.0,16.0,0.6108663551264002,0.03907146821951306,-1,-1
WBTJl,5.746326263554138e-05,30.0,0.043308695982899374,adam,relu,6.205531712604172e-05,67.0,84.0,0.7,0.15,200.0,12.0,0.5549502954274622,0.07319098920684526,-1,-1
TEmEw,0.018848704946698838,30.0,0.019274134018875178,adam,relu,6.973769037984928e-05,145.0,171.0,0.7,0.15,200.0,14.0,0.5638838574294706,0.059142594582371984,-1,-1
K9JCR,0.028415049597478894,30.0,0.026430905866703477,adam,relu,3.1008331151376e-05,100.0,183.0,0.7,0.15,200.0,18.0,0.5455721818952366,0.05752355911343042,-1,-1
RPHqw,0.0009717355679915557,100.0,0.05316220370541973,adam,elu,6.629512939720141e-05,110.0,191.0,0.7,0.15,200.0,31.0,0.5965628199869346,0.05680863889199263,-1,-1
gJhH7,0.00034064277850238874,5.0,0.00016761592837180941,adam,elu,3.5380400960757845e-05,81.0,50.0,0.7,0.15,200.0,11.0,0.5371259291147721,0.07991368820425471,-1,-1
vTYo3,0.05333175456437158,30.0,0.034910664753248104,adam,elu,7.69655054227414e-05,19.0,158.0,0.7,0.15,200.0,20.0,0.5533134153744438,0.07471151705370542,-1,-1
ssOy4,0.00019669949672366057,10.0,0.07500808847042398,adam,relu,8.214359446505478e-05,156.0,113.0,0.7,0.15,200.0,17.0,0.638689284321553,0.09178034928956375,-1,-1
G1BG1,0.00017774167818511086,10.0,0.0833883159947555,adam,relu,6.337901875561131e-05,150.0,99.0,0.7,0.15,200.0,22.0,0.6597706820311617,0.05566106804100516,-1,-1
dHSgD,0.0002065691502409313,10.0,0.09068463622678453,adam,relu,7.291331161383352e-05,148.0,104.0,0.7,0.15,200.0,22.0,0.6199740113815769,0.08715029476892827,-1,-1
Zv94K,0.00013567159387393285,10.0,0.07564382508463824,adam,relu,6.339965153065962e-05,182.0,98.0,0.7,0.15,200.0,29.0,0.5297466613145708,0.04883247642589934,-1,-1
c9Vex,1.8248480461371486e-05,10.0,0.08080401828748472,adam,relu,6.801837761600768e-05,157.0,123.0,0.7,0.15,200.0,27.0,0.55672508636456,0.07651748705293486,-1,-1
i132E,6.96788816391455e-05,10.0,0.0850575930664846,adam,relu,8.191527767297485e-05,153.0,113.0,0.7,0.15,200.0,17.0,0.7031206606151652,0.0646986412672301,-1,-1
V8fFB,6.840093824267748e-05,10.0,0.08453829491494998,adam,relu,8.05943354212755e-05,187.0,113.0,0.7,0.15,200.0,24.0,0.5326274334556109,0.06601100041825825,-1,-1
OHLcD,3.0302046792249856e-05,10.0,0.10952071398531077,adam,relu,9.397883041681191e-05,195.0,116.0,0.7,0.15,200.0,17.0,0.5193940742995642,0.060328169191783194,-1,-1
y3L0u,5.814022140655714e-06,10.0,0.09594579824122978,adam,relu,5.709746935266978e-05,173.0,110.0,0.7,0.15,200.0,21.0,0.46021746142993364,0.035280025389715156,-1,-1
FCm9k,0.0001796277557918457,10.0,0.10212491137783099,adam,relu,9.769776664129981e-05,141.0,129.0,0.7,0.15,200.0,10.0,0.5705277751853783,0.062223431577956116,-1,-1
I6Vll,2.1060317946017887e-05,10.0,0.09380615457280421,adam,relu,9.198268433902501e-05,182.0,99.0,0.7,0.15,200.0,15.0,0.5243816904552459,0.07715738336216868,-1,-1
oSln1,1.2656953985111905e-05,10.0,0.08920405944836506,adam,relu,8.885265665638429e-05,153.0,106.0,0.7,0.15,200.0,23.0,0.5669256171179248,0.09256760388465517,-1,-1
a0edS,4.7402747467116174e-05,10.0,0.10021041086469862,adam,relu,8.257246252074093e-05,163.0,94.0,0.7,0.15,200.0,19.0,0.6389837393264257,0.09068100130544073,-1,-1
F046f,2.9946228407982734e-06,10.0,0.11810631349702021,adam,relu,7.386972570732467e-05,164.0,82.0,0.7,0.15,200.0,14.0,0.47180027854280243,0.04749761355078865,-1,-1
a0ZTq,4.491931644114919e-05,10.0,0.10690087314712726,adam,relu,8.490633523142811e-05,135.0,92.0,0.7,0.15,200.0,19.0,0.5633889331980817,0.06608913469319835,-1,-1
Be9qh,8.673596737871805e-06,10.0,0.11303511531972832,adam,relu,7.134436111525947e-05,161.0,119.0,0.7,0.15,200.0,21.0,0.4848227422006854,0.015799280188875203,-1,-1
hbNwy,8.533642368288256e-05,10.0,0.08530336242226899,adam,relu,5.882965229910412e-05,190.0,73.0,0.7,0.15,200.0,32.0,0.5431398871900927,0.0665344705149546,-1,-1
yBh12,0.00042568767714560777,10.0,0.13118047818647413,adam,relu,6.501716052900426e-05,170.0,102.0,0.7,0.15,200.0,26.0,0.5579297605525313,0.056528847257481266,-1,-1
Q25pl,4.022858787182961e-05,10.0,0.10076840358677103,adam,relu,6.153183106680219e-05,186.0,77.0,0.7,0.15,200.0,34.0,0.5326945309559178,0.07648749927276,-1,-1
XpGBm,4.7702929558557505e-06,10.0,0.11949406066337263,adam,relu,5.3468189634562526e-05,150.0,125.0,0.7,0.15,200.0,11.0,0.4734154261967737,0.03670856883323266,-1,-1
PwW8P,0.0005891569593939544,70.0,0.10848752998264459,adam,relu,7.99545495104602e-05,140.0,142.0,0.7,0.15,200.0,28.0,0.5353329614724919,0.0737891998782067,-1,-1
sSwkV,1.2644263155506125e-06,10.0,0.08126729380921588,adam,relu,8.615835142448445e-05,174.0,95.0,0.7,0.15,200.0,16.0,0.4688231096312725,0.01765817202452111,-1,-1
ottf0,1.4119502972671448e-05,50.0,0.10048218811290731,adam,relu,9.614710691146548e-05,145.0,88.0,0.7,0.15,200.0,24.0,0.4889438179384851,0.023026085820398376,-1,-1
qMj5U,3.458355060678366e-05,10.0,0.06892514207551903,adam,relu,6.714284534248117e-05,130.0,133.0,0.7,0.15,200.0,19.0,0.5191553395379478,0.12326677709142754,-1,-1
MPpEz,6.70391810521009e-05,10.0,0.09350236531615264,adam,relu,7.63464394850744e-05,199.0,121.0,0.7,0.15,200.0,25.0,0.5820256632995172,0.07228375657082714,-1,-1
kIMWa,1.846192756827974e-06,5.0,0.08784527028184547,adam,relu,7.820713152345285e-05,167.0,79.0,0.7,0.15,200.0,36.0,0.47143252928970797,0.027795815262086916,-1,-1
f4Tzf,0.00012601680645762356,10.0,0.07866804267355046,adam,relu,5.0478547611109426e-05,154.0,88.0,0.7,0.15,200.0,30.0,0.6156264058302334,0.08187133616238657,-1,-1
XDiEN,0.0002762141821765185,100.0,0.1102956780139893,adam,relu,6.968525837062654e-05,179.0,70.0,0.7,0.15,200.0,17.0,0.5364979104460493,0.06392638652598069,-1,-1
n67ww,2.2631237496297023e-05,70.0,0.09821518716425935,adam,relu,8.293776226769274e-05,192.0,102.0,0.7,0.15,200.0,13.0,0.48731958138358394,0.044962227735846606,-1,-1
n6mK1,5.652882344232168e-05,10.0,0.08294600055444987,adam,relu,7.452982897861186e-05,160.0,108.0,0.7,0.15,200.0,12.0,0.5764101139280374,0.06254729919614999,-1,-1
nNjm7,9.135966327038462e-05,50.0,0.10507990023695933,adam,relu,5.605759998488438e-05,161.0,127.0,0.7,0.15,200.0,15.0,0.4896118188387474,0.07691598464067868,-1,-1
KfQFk,0.0020223925912919694,10.0,0.12288180765302315,adam,relu,8.922770968135703e-05,136.0,117.0,0.7,0.15,200.0,20.0,0.6336679264654199,0.08598696809447734,-1,-1
zqbyt,0.0006999232709404794,10.0,0.11623670395013491,adam,relu,9.969338906751763e-05,121.0,138.0,0.7,0.15,200.0,23.0,0.5816060364590884,0.04328676405385438,-1,-1
i8iHW,7.091152519161738e-06,5.0,0.076343837671615,adam,relu,5.920765082634941e-05,146.0,55.0,0.7,0.15,200.0,18.0,0.49166788841608244,0.015564316334926621,-1,-1
NXBnZ,0.0014669189929284931,100.0,0.09177046039178167,adam,relu,4.530779979746363e-05,176.0,65.0,0.7,0.15,200.0,27.0,0.5701498253852668,0.02763476116432842,-1,-1
GtFDK,1.0239055705021745e-05,70.0,0.07213911530910874,adam,relu,9.226557215076348e-05,127.0,93.0,0.7,0.15,200.0,22.0,0.5046972454871411,0.03695498119228652,-1,-1
K65Et,0.00023056656789815897,10.0,0.06445840389822258,adam,tanh,8.663961464173814e-05,151.0,111.0,0.7,0.15,200.0,29.0,0.6242164456361549,0.06263753465826843,-1,-1
ltvde,0.0001462310662094265,50.0,0.08670331067837427,adam,relu,7.113010202047757e-05,170.0,82.0,0.7,0.15,200.0,33.0,0.547854225810121,0.06889529728499985,-1,-1
RARrI,0.0004122483764463727,10.0,0.13475113799018668,adam,relu,6.386303026785876e-05,164.0,98.0,0.7,0.15,200.0,10.0,0.6227222882652144,0.06242220923930626,-1,-1
Lfenx,0.002499707680533,10.0,0.09531061839842812,adam,relu,6.888233881436302e-05,195.0,76.0,0.7,0.15,200.0,20.0,0.5871047763651009,0.06880985769719593,-1,-1
S9PGi,3.4158255551844165e-06,5.0,0.06113033703984813,adam,relu,6.111919309939538e-05,186.0,105.0,0.7,0.15,200.0,31.0,0.4830654900503082,0.018681270516843224,-1,-1
aEcdU,0.001037247463249864,10.0,0.111310472562894,adam,tanh,4.7926557027059706e-05,139.0,146.0,0.7,0.15,200.0,14.0,0.5991829657336515,0.05834495572652509,-1,-1
FA8ps,0.0066091690420142565,100.0,0.07948185313713026,adam,relu,5.465751095422475e-05,142.0,113.0,0.7,0.15,200.0,24.0,0.5730935596874869,0.0938777040924645,-1,-1
VWoiJ,2.52014842665723e-06,10.0,0.09916378386704709,adam,relu,7.300913303071808e-05,114.0,61.0,0.7,0.15,200.0,16.0,0.503952284559501,0.03208324004617738,-1,-1
KASyG,2.2821199458199113e-05,70.0,0.06732996280487775,adam,relu,7.8698154660772e-05,179.0,91.0,0.7,0.15,200.0,18.0,0.48014026122561715,0.0532983854560008,-1,-1
llSxW,0.0005000936710119117,50.0,0.12655098474960125,adam,relu,8.223904471395129e-05,132.0,123.0,0.7,0.15,200.0,39.0,0.5565104586021716,0.06382232343334952,-1,-1
g34AS,0.10536435237528428,10.0,0.10436486774973452,adam,relu,6.577706696810706e-05,156.0,134.0,0.7,0.15,200.0,26.0,0.488641469718152,0.010803324704631065,-1,-1
ZZkVf,0.00011482228697900984,10.0,0.12207532806449366,adam,tanh,4.317726949891134e-05,123.0,69.0,0.7,0.15,200.0,21.0,0.6097872969179287,0.08503640007622673,-1,-1
HPUpQ,3.327195466956082e-05,5.0,0.1434986719349049,adam,relu,9.452137783113392e-05,148.0,86.0,0.7,0.15,200.0,35.0,0.553784705102357,0.050244778482362785,-1,-1
ZEDyv,1.734539983047928e-05,10.0,0.0832514699921808,adam,relu,7.677868089176875e-05,172.0,130.0,0.7,0.15,200.0,11.0,0.4674048951739337,0.04519811148254312,-1,-1
v9hG4,5.361526053488588e-05,100.0,0.0912519592552106,adam,relu,8.805671927154537e-05,183.0,116.0,0.7,0.15,200.0,22.0,0.5271747914338919,0.039300752824844035,-1,-1
PYTFc,0.0007718242726812128,70.0,0.129903018932905,adam,relu,8.392853112133796e-05,167.0,97.0,0.7,0.15,200.0,12.0,0.589610367059795,0.06941699495349148,-1,-1
HsNQ1,0.00415378737859058,10.0,0.074496028708152,adam,relu,5.073094865802927e-05,158.0,140.0,0.7,0.15,200.0,28.0,0.5525227617583937,0.07631622811258222,-1,-1
u9mW2,5.4678267654684854e-06,50.0,0.11616193115886601,adam,tanh,9.006708296988868e-05,118.0,102.0,0.7,0.15,200.0,13.0,0.47832058271373923,0.02273615651946368,-1,-1
tGaOx,0.013404232079032767,10.0,0.05486759547197996,adam,relu,5.250048773287751e-05,199.0,148.0,0.7,0.15,200.0,15.0,0.5057496030052029,0.00581851074934558,-1,-1
gyreQ,9.473650463432266e-05,10.0,0.0695280013332296,adam,relu,4.052450829268739e-05,152.0,109.0,0.7,0.15,200.0,19.0,0.5076703519825738,0.0620175793544281,-1,-1
etq3D,0.008332330458135175,5.0,0.10622724013312185,adam,relu,6.724437314768346e-05,137.0,72.0,0.7,0.15,200.0,18.0,0.5013211293120156,0.026889264466934775,-1,-1
Rv0IT,0.00031995271942968036,10.0,0.0590296100798893,adam,relu,6.237604548501178e-05,163.0,94.0,0.7,0.15,200.0,25.0,0.6150991945037914,0.08548307263035358,-1,-1
mwOTK,7.141092065208921e-05,100.0,0.08696420545757425,adam,relu,8.049522407208666e-05,127.0,43.0,0.7,0.15,200.0,43.0,0.5092582699816801,0.05000887028753472,-1,-1
BjAmu,2.7992709505212786e-05,70.0,0.0723276612967785,adam,tanh,9.651640753338735e-05,187.0,124.0,0.7,0.15,200.0,29.0,0.49093028932989585,0.06251457604896282,-1,-1
DJCIJ,0.00018080148692618526,10.0,0.06250223729798572,adam,relu,5.727791352109556e-05,168.0,120.0,0.7,0.15,200.0,33.0,0.5807220183232331,0.07475719274819943,-1,-1
D5ljh,1.3741457355914914e-05,50.0,0.09046040331480987,adam,relu,7.582000521028551e-05,175.0,128.0,0.7,0.15,200.0,14.0,0.47102670970568106,0.015889757755329185,-1,-1
V4HSk,0.00023988434082503646,10.0,0.10231652619384793,adam,relu,3.864679162640898e-05,132.0,82.0,0.7,0.15,200.0,37.0,0.5856157873173363,0.10167819702689475,-1,-1
ezoFa,0.001163571590512844,10.0,0.09442175794068726,adam,relu,6.424190960329882e-05,143.0,106.0,0.7,0.15,200.0,23.0,0.5998226449474713,0.08013567743968983,-1,-1
G6qSL,4.3615593660657954e-05,5.0,0.07758058183717631,adam,relu,3.331656922230665e-05,181.0,89.0,0.7,0.15,200.0,16.0,0.5790355918682601,0.018803694375938974,-1,-1
inSKw,0.0029910963454919163,10.0,0.08337372100878016,adam,tanh,4.926920311590354e-05,193.0,57.0,0.7,0.15,200.0,20.0,0.5973918703917456,0.04645869444679944,-1,-1
bI9FJ,0.0016705440714110736,100.0,0.0979122372767882,adam,relu,7.302898315108068e-05,154.0,144.0,0.7,0.15,200.0,31.0,0.6047878797244228,0.040654901370009204,-1,-1
g2UpG,0.0005604473577046084,70.0,0.11267341005211051,adam,relu,7.076373233882503e-05,148.0,100.0,0.7,0.15,200.0,10.0,0.5787744677416145,0.033390858537104065,-1,-1
FTXlb,0.00035873447328978083,10.0,0.10711279522089065,adam,relu,5.994111859677354e-05,188.0,113.0,0.7,0.15,200.0,27.0,0.5755445657051177,0.054932926011807375,-1,-1
Jy31c,0.0001072983833949702,50.0,0.12050390214948697,adam,relu,9.14103477229383e-05,160.0,66.0,0.7,0.15,200.0,17.0,0.5697562885616214,0.0809103359998482,-1,-1
OEWcl,9.894901754588817e-06,10.0,0.06662409986518489,adam,relu,5.3888915760935774e-05,171.0,79.0,0.7,0.15,200.0,12.0,0.4843080720507227,0.04210900921682329,-1,-1
PHv5p,4.172461616080865e-06,10.0,0.13463534201639446,adam,tanh,8.560668876295506e-05,196.0,152.0,0.7,0.15,200.0,22.0,0.5044292374731542,0.049352051637922376,-1,-1
OBIyw,0.0001534718910576167,5.0,0.0503160826539389,adam,relu,1.9230193061641927e-06,125.0,137.0,0.7,0.15,200.0,41.0,0.5988703625597811,0.053357542432541455,-1,-1
vD0jo,6.909118448118013e-06,10.0,0.08043269495284049,adam,relu,9.327706282029232e-05,107.0,117.0,0.7,0.15,200.0,21.0,0.48719869304117036,0.028636261086457084,-1,-1
Pynyj,8.049962918285244e-05,100.0,0.057238669873174705,adam,relu,4.5821865710878005e-05,135.0,48.0,0.7,0.15,200.0,26.0,0.4677104857105482,0.037890665727320645,-1,-1
zb62A,0.0052200550193878675,10.0,0.12558097894479409,SGD,relu,6.892007738861682e-05,165.0,86.0,0.7,0.15,200.0,24.0,0.5775768205677891,0.07583014967974305,-1,-1
rvBSo,0.0008346888685215768,70.0,0.11552419075079152,adam,relu,5.8480676612738537e-05,178.0,133.0,0.7,0.15,200.0,19.0,0.560948146264288,0.050639209083960225,-1,-1
jezbA,0.4191605289844406,50.0,0.07459132558582698,adam,tanh,9.776578099207174e-05,140.0,76.0,0.7,0.15,200.0,15.0,0.5195293073318632,0.024920013034572436,-1,-1
Doms3,0.00026013301177429455,10.0,0.0891423392866838,adam,relu,7.913286361717486e-05,147.0,97.0,0.7,0.15,200.0,30.0,0.6066628052576541,0.029413139218080957,-1,-1
FgCZB,1.0031224209457517e-06,30.0,0.09713219086597968,adam,relu,7.50278344550562e-05,112.0,104.0,0.7,0.15,200.0,28.0,0.4721945381268342,0.05346894244355162,-1,-1
FuUku,4.045209220580113e-05,10.0,0.09338598894691229,SGD,relu,2.638829605247972e-05,200.0,110.0,0.7,0.15,200.0,13.0,0.45187677170289964,0.03566882511118863,-1,-1
jwhla,2.1045867425225126e-05,5.0,0.06370782256878754,adam,relu,8.274736843801594e-05,154.0,92.0,0.7,0.15,200.0,48.0,0.5590983641314925,0.057964210852953106,-1,-1
qdCxb,0.00203486615072957,10.0,0.10124491623875484,adam,relu,6.580579103158401e-05,118.0,127.0,0.7,0.15,200.0,32.0,0.5716217736760134,0.06958515873921127,-1,-1
W1w7E,1.586599378910402e-05,30.0,0.08755645023585075,adam,tanh,5.5238794423111315e-05,129.0,63.0,0.7,0.15,200.0,11.0,0.502707929473573,0.04561328304526665,-1,-1
k3uNm,5.469716986291784e-05,100.0,0.1103705273684385,adam,relu,4.2709928227887695e-05,183.0,119.0,0.7,0.15,200.0,25.0,0.4855381368088921,0.022694890519319322,-1,-1
DiVui,0.03489152167073028,10.0,0.07034753737188236,adam,relu,9.951159620727394e-05,162.0,51.0,0.7,0.15,200.0,17.0,0.49547762435153214,0.01021099066897644,-1,-1
ZpOmb,0.015534639923038886,70.0,0.08484786819024123,SGD,relu,1.7228676720726038e-05,191.0,101.0,0.7,0.15,200.0,19.0,0.5785097818984705,0.06955165456308773,-1,-1
xQayN,0.0014002721934997574,50.0,0.1420091791132343,adam,relu,8.761347138703871e-05,171.0,72.0,0.7,0.15,200.0,39.0,0.6194020671536626,0.0526952297697971,-1,-1
GCAJd,2.7379750353376865e-05,10.0,0.1494012423673986,adam,relu,6.170452791184848e-05,175.0,83.0,0.7,0.15,200.0,34.0,0.5114311526424389,0.0882297206421956,-1,-1
Uufvv,0.00014778093072743945,30.0,0.052440627669262344,adam,tanh,3.619974168054987e-05,150.0,141.0,0.7,0.15,200.0,22.0,0.5833667253763322,0.11255621750061735,-1,-1
KhD5A,0.000584744526255057,10.0,0.046945820231320594,adam,relu,8.444428545525933e-05,143.0,123.0,0.7,0.15,200.0,52.0,0.5760214059799896,0.07533795347881346,-1,-1
zGAdr,0.022387031862428686,5.0,0.07763489311023934,adam,relu,7.211589110781453e-05,156.0,156.0,0.7,0.15,200.0,14.0,0.4990595385638633,0.002953664452716447,-1,-1
IpRfx,0.05139699760211477,10.0,0.10362893030456763,SGD,relu,4.866216204864704e-05,159.0,107.0,0.7,0.15,200.0,10.0,0.5477409761320919,0.05016952219092699,-1,-1
zlTS6,0.003656764788591621,30.0,0.1187479458512555,adam,relu,7.805311995692144e-05,136.0,94.0,0.7,0.15,200.0,36.0,0.5625151426877298,0.015066898646112164,-1,-1
fiiPV,1.1300948816635656e-05,100.0,0.060264162918399894,adam,relu,5.173296087053679e-05,167.0,39.0,0.7,0.15,200.0,16.0,0.48895925106959204,0.01256322943883081,-1,-1
dpz6D,0.1588799471692436,10.0,0.0822214268549788,adam,tanh,6.741089834721261e-05,177.0,58.0,0.7,0.15,200.0,23.0,0.4936491109797457,0.04451655792632013,-1,-1
nQXvV,6.574946013498397e-05,30.0,0.12365801556508528,adam,relu,2.3828349001902268e-05,121.0,87.0,0.7,0.15,200.0,20.0,0.5436550824122606,0.04700166440296091,-1,-1
bPYqJ,2.348210776079829e-06,70.0,0.09548174380231418,adam,relu,8.127703977669286e-05,132.0,114.0,0.7,0.15,200.0,27.0,0.49804484069837895,0.019164567248726776,-1,-1
RnCX0,0.00022340436994349133,10.0,0.07372900446313194,adam,relu,9.013240181535975e-05,151.0,112.0,0.7,0.15,200.0,18.0,0.6104305814487432,0.06162768000492121,-1,-1
G4okp,0.0001838411161549521,10.0,0.07541432947350936,adam,relu,8.050780136273502e-05,156.0,117.0,0.7,0.15,200.0,17.0,0.5354887844469771,0.0712360246664045,-1,-1
pCJX8,0.0004706585363768322,10.0,0.09212198515793898,adam,relu,8.556130755345233e-05,145.0,131.0,0.7,0.15,200.0,15.0,0.5753535222647036,0.0631288940391968,-1,-1
tPIHY,0.0001073162459456147,10.0,0.0683337766896844,adam,relu,9.540892835295106e-05,163.0,98.0,0.7,0.15,200.0,13.0,0.6029101152581646,0.0682519383675856,-1,-1
bZbMt,0.0003276458228532128,10.0,0.08555477033149082,adam,relu,8.300621916257226e-05,168.0,103.0,0.7,0.15,200.0,21.0,0.5799334087078074,0.07174719073851007,-1,-1
p64Bv,3.8669680942970825e-05,10.0,0.07983057418657699,adam,relu,7.791336270036043e-05,184.0,136.0,0.7,0.15,200.0,11.0,0.5453452447229061,0.06089373801270559,-1,-1
UslKN,0.0001267216445083128,10.0,0.06513318551150489,adam,relu,7.413560998249981e-05,140.0,122.0,0.7,0.15,200.0,17.0,0.5506171441887467,0.07700628478143191,-1,-1
C705f,0.0010022391530958973,10.0,0.09972506043185793,adam,relu,8.850747279065661e-05,158.0,109.0,0.7,0.15,200.0,19.0,0.5686893552419485,0.06817825380919845,-1,-1
HYAGe,9.164034125737714e-05,10.0,0.056201048220307775,adam,relu,7.55500107772644e-05,172.0,114.0,0.7,0.15,200.0,25.0,0.5139276783511321,0.052550960022428574,-1,-1
YlLEF,0.00018528278994844755,10.0,0.07179120870591434,adam,relu,9.359112753448284e-05,181.0,89.0,0.7,0.15,200.0,23.0,0.6080911353634768,0.06096897931821377,-1,-1
NuqTL,0.00038422407354427295,10.0,0.07618274618472523,adam,relu,9.156061294679084e-05,125.0,126.0,0.7,0.15,200.0,14.0,0.6163416026747023,0.08767053815381581,-1,-1
RVKkv,5.397059153367149e-05,10.0,0.10864855676334513,adam,relu,7.033921274682899e-05,148.0,79.0,0.7,0.15,200.0,21.0,0.6006464947491896,0.04360049098398311,-1,-1
kClsz,0.00025998374594632444,10.0,0.08166961926490486,adam,relu,6.47966909149751e-05,163.0,95.0,0.7,0.15,200.0,16.0,0.544634640655539,0.052700354004046136,-1,-1
iW7yG,7.152894568533631e-05,10.0,0.08964854594595416,adam,relu,8.797019969215222e-05,152.0,105.0,0.7,0.15,200.0,13.0,0.5529417243162273,0.0364722278073597,-1,-1
TqoL0,3.276657001778685e-05,10.0,0.0952899248781664,adam,relu,5.612647224281798e-05,143.0,146.0,0.7,0.15,200.0,24.0,0.48845599561809044,0.060286324128369845,-1,-1
Z87Jj,0.0006868915312607876,50.0,0.08753007427074128,adam,relu,8.213277603663786e-05,187.0,111.0,0.7,0.15,200.0,12.0,0.5463148048981314,0.07068591661672993,-1,-1
SNQzR,2.2916945287163438e-05,10.0,0.1057118954261184,adam,relu,7.198003468322526e-05,174.0,99.0,0.7,0.15,200.0,18.0,0.524190919689561,0.036563003059982356,-1,-1
ejN7T,0.0008740167435397318,10.0,0.06813929252767496,adam,relu,8.627640736834538e-05,138.0,120.0,0.7,0.15,200.0,17.0,0.6069137077135899,0.06411487606554148,-1,-1
Zxf7D,0.002524367187479045,5.0,0.09177926580985665,adam,relu,8.057803204339679e-05,166.0,131.0,0.7,0.15,200.0,20.0,0.5756512113882235,0.05122672440860486,-1,-1
rE1Za,0.00013450234695606782,30.0,0.0789909026237517,adam,relu,6.846358161063312e-05,155.0,91.0,0.7,0.15,200.0,15.0,0.5403141402272025,0.08150776363611792,-1,-1
zNzvC,4.6183082131799376e-05,10.0,0.06314687022928615,adam,relu,6.034775194569266e-05,159.0,83.0,0.7,0.15,200.0,26.0,0.6132377988634653,0.09897714283918552,-1,-1
nxwKl,0.006376589999939594,100.0,0.043431534107563896,adam,tanh,4.669867162538994e-05,130.0,107.0,0.7,0.15,200.0,28.0,0.5778204331794216,0.1034119910089199,-1,-1
RdEtW,0.01021634997821857,70.0,0.05868050728469072,adam,relu,7.621952258560094e-05,190.0,68.0,0.7,0.15,200.0,10.0,0.5936657955049351,0.0917424951683312,-1,-1
DMwZl,1.6901835371938778e-05,10.0,0.0836499381159058,SGD,relu,6.275939941206186e-05,196.0,101.0,0.7,0.15,200.0,22.0,0.4817832191346233,0.01414561169899177,-1,-1
pXG3z,0.00044148158998735663,50.0,0.07254009529474417,adam,relu,9.66923641272887e-05,170.0,116.0,0.7,0.15,200.0,20.0,0.5348155082833188,0.043097980670905284,-1,-1
B4pzP,0.0013475005268653556,30.0,0.1118454455372074,adam,relu,2.9620039041202506e-05,116.0,128.0,0.7,0.15,200.0,29.0,0.5484583717212608,0.05561299227313559,-1,-1
tiH5g,8.242814681403752e-06,10.0,0.09944307993593099,adam,relu,9.924118245600165e-05,177.0,76.0,0.7,0.15,200.0,24.0,0.5129447469687245,0.03454048238843472,-1,-1
KdajX,0.00031119690773874075,10.0,0.05451926087747601,adam,relu,5.754006743054783e-05,134.0,135.0,0.7,0.15,200.0,12.0,0.5841880871777259,0.04119420887677628,-1,-1
xnx8z,0.00017011278555254238,10.0,0.07012539091596229,adam,tanh,7.413171281211677e-05,104.0,140.0,0.7,0.15,200.0,16.0,0.5701540802615254,0.07849152029486359,-1,-1
ZwM2t,7.568654410289961e-05,5.0,0.08597266227853943,SGD,relu,4.416444047477868e-05,146.0,95.0,0.7,0.15,200.0,19.0,0.47952389976294363,0.07653438455266445,-1,-1
otFgA,0.0006221067114055318,30.0,0.07603568460097765,adam,relu,8.371492467481203e-05,180.0,86.0,0.7,0.15,200.0,18.0,0.5537035875802353,0.051441942027637994,-1,-1
QnYAZ,0.001758281929048487,100.0,0.09679949568259309,adam,relu,9.207808107346849e-05,153.0,122.0,0.7,0.15,200.0,22.0,0.5634653802610969,0.09251880237819037,-1,-1
pLxdO,3.1569265614772685e-05,10.0,0.047798427757153754,adam,relu,7.885567910804988e-05,161.0,110.0,0.7,0.15,200.0,14.0,0.5525067663653696,0.08856099279889122,-1,-1
bo5PC,1.5338779520802656e-06,70.0,0.06624585030556861,adam,relu,4.093393826624734e-05,185.0,104.0,0.7,0.15,200.0,10.0,0.49109016695921026,0.022963049936771528,-1,-1
n6Zq9,0.00010314050449591441,10.0,0.10270132257091716,adam,relu,5.361322531635729e-05,149.0,150.0,0.7,0.15,200.0,31.0,0.57822047067309,0.08331475161138117,-1,-1
ZGNHt,0.00020335975625952523,30.0,0.11521926747109103,adam,tanh,8.996553906945056e-05,123.0,143.0,0.7,0.15,200.0,26.0,0.5518868745791744,0.03635461943909655,-1,-1
glRgv,0.004740525543502593,50.0,0.08969549334925958,SGD,relu,6.682350201127705e-05,142.0,92.0,0.7,0.15,200.0,17.0,0.4870376440504902,0.039440703663737496,-1,-1
l7jbr,6.250304410944133e-05,10.0,0.080830841355062,adam,relu,9.437461454177905e-05,174.0,126.0,0.7,0.15,200.0,21.0,0.5600509919268271,0.07604414780512846,-1,-1
c3eMA,0.0002498961954185241,10.0,0.09338549362997535,adam,relu,5.0213329538356837e-05,166.0,118.0,0.7,0.15,200.0,23.0,0.591124899759582,0.09059248595865539,-1,-1
ckemG,1.398309989952013e-05,30.0,0.10795777466382186,adam,relu,3.806050695900056e-05,109.0,80.0,0.7,0.15,200.0,11.0,0.48703091930088294,0.012635053795245127,-1,-1
Ja8Wu,0.0033136374908134592,5.0,0.06157707874755469,adam,relu,8.532224426208215e-05,193.0,114.0,0.7,0.15,200.0,15.0,0.5513538127476447,0.0629936754466373,-1,-1
cAfSB,5.83776474259535e-06,10.0,0.07490049766002305,adam,relu,6.972496614628403e-05,139.0,96.0,0.7,0.15,200.0,25.0,0.46667225863340134,0.06156023071486162,-1,-1
jcFze,0.00042905237260730235,100.0,0.05052513341154248,adam,tanh,6.425870169351138e-05,157.0,100.0,0.7,0.15,200.0,30.0,0.5291903886345349,0.07543963993291142,-1,-1
DA4TL,4.668576714358832e-05,10.0,0.08347703151790735,SGD,relu,7.272971353405208e-05,127.0,89.0,0.7,0.15,200.0,13.0,0.47160742793132393,0.020400657390888817,-1,-1
I31Ob,0.0011236274947064948,10.0,0.12855570374490416,adam,relu,8.227908733275515e-05,199.0,107.0,0.7,0.15,200.0,19.0,0.6431221159259366,0.06958793422641758,-1,-1
eoDp4,0.00818857797116199,70.0,0.1378662409621293,adam,relu,5.986694538110428e-05,199.0,74.0,0.7,0.15,200.0,27.0,0.5884161276283624,0.08585467956241474,-1,-1
PwIJG,0.01220136288489086,30.0,0.12819517999735813,adam,relu,8.712371425580837e-05,200.0,84.0,0.7,0.15,200.0,20.0,0.5232365090609428,0.04857307220542411,-1,-1
MEry7,0.0020314250729764425,10.0,0.13310513649298175,adam,relu,7.676246179256746e-05,192.0,72.0,0.7,0.15,200.0,24.0,0.5601942741120547,0.03446159290063803,-1,-1
sLRVl,0.002889798489104373,50.0,0.14266165814083706,adam,relu,7.949130455643088e-05,188.0,107.0,0.7,0.15,200.0,35.0,0.5721525468009702,0.029113570382778696,-1,-1
rpiaP,0.0012542400221409232,10.0,0.14007253731872663,adam,tanh,7.07860399592766e-05,183.0,65.0,0.7,0.15,200.0,32.0,0.5593960985638151,0.032028948586558095,-1,-1
BYCyB,0.0008924682750846453,10.0,0.11938995122726344,SGD,relu,5.217494835444166e-05,194.0,123.0,0.7,0.15,200.0,19.0,0.47954860873376814,0.017402067194664413,-1,-1
ysgeD,0.0038537914336255353,30.0,0.12385415826757519,adam,relu,8.179474267268198e-05,200.0,104.0,0.7,0.15,200.0,21.0,0.5981393063127859,0.0483988001894903,-1,-1
SrIwv,0.002323834273442246,5.0,0.14577194452636583,adam,relu,4.708457465089977e-05,179.0,133.0,0.7,0.15,200.0,28.0,0.5861203721663257,0.04160805686078636,-1,-1
Fnhqt,0.0050534108643407434,10.0,0.1465038408622175,adam,relu,9.042415776803885e-05,174.0,99.0,0.7,0.15,200.0,54.0,0.553491984710332,0.05478226088554181,-1,-1
zYDy7,0.019642710876459687,100.0,0.13650233813176443,adam,relu,3.404792497307277e-05,169.0,91.0,0.7,0.15,200.0,23.0,0.5956467253569755,0.03327328040117635,-1,-1
ffpz6,0.001112528251182278,70.0,0.12929416947088632,adam,relu,5.5988419114883945e-05,99.0,60.0,0.7,0.15,200.0,38.0,0.5881464927319741,0.07199240056504526,-1,-1
eQpto,0.0006646568330596652,10.0,0.11419122010763995,adam,tanh,6.21243995743304e-05,197.0,80.0,0.7,0.15,200.0,15.0,0.5209138029599354,0.06771979694764965,-1,-1
l4lAO,0.0003424743785154992,30.0,0.12658437774758483,SGD,relu,6.620758802092127e-05,161.0,137.0,0.7,0.15,200.0,12.0,0.4797430076719255,0.030970890245958366,-1,-1
xikyi,0.0005490189692106705,10.0,0.13249124449357935,adam,relu,7.421006390629621e-05,187.0,110.0,0.7,0.15,200.0,33.0,0.580008493653606,0.04667432928151165,-1,-1
hHzE6,0.0014551905980086134,50.0,0.11153169582598899,adam,relu,9.703419461602965e-05,135.0,129.0,0.7,0.15,200.0,26.0,0.6161445518562972,0.03485390985729213,-1,-1
VOKGw,0.0007729084635627759,10.0,0.11762564110787876,adam,relu,7.767975751502414e-05,170.0,119.0,0.7,0.15,200.0,18.0,0.5732585296204044,0.04453942575122411,-1,-1
kT477,0.0058810245914608155,10.0,0.14955887537886767,adam,relu,5.837605904017006e-05,183.0,86.0,0.7,0.15,200.0,16.0,0.5768690520415387,0.062132213101614577,-1,-1
nxumD,0.00011628937358818426,30.0,0.10448540113694701,adam,relu,4.4324870789452235e-05,165.0,54.0,0.7,0.15,200.0,45.0,0.593941154376278,0.0692429077386619,-1,-1
yxqRi,0.10363437016551297,5.0,0.12114454942699751,adam,tanh,8.495645740880885e-05,150.0,94.0,0.7,0.15,200.0,29.0,0.49525853400901776,0.021279414271712524,-1,-1
f2Rfo,0.02919763789167429,10.0,0.10165923067277403,SGD,relu,6.884552486851223e-05,190.0,68.0,0.7,0.15,200.0,20.0,0.6342457693755111,0.05814577971204529,-1,-1
aaJqv,1.9889587715597647e-05,100.0,0.10893969290170434,adam,relu,9.38326920390464e-05,177.0,115.0,0.7,0.15,200.0,14.0,0.4881629545322645,0.0273007455955231,-1,-1
mQGZE,0.013844546503087534,10.0,0.08809654486659098,adam,relu,8.851880892972076e-05,144.0,106.0,0.7,0.15,200.0,22.0,0.5492509982729734,0.04043501512169515,-1,-1
EHqJd,0.0018163593851066603,70.0,0.09917785706297755,adam,relu,7.574593454648457e-05,92.0,75.0,0.7,0.15,200.0,11.0,0.6082325238581354,0.06403223704598357,-1,-1
k1MoF,0.009564334925375065,30.0,0.13954963742460527,adam,relu,6.295325591130398e-05,119.0,102.0,0.7,0.15,200.0,19.0,0.5734481702621329,0.041490609861798144,-1,-1
XMfTS,8.629218630171684e-05,10.0,0.10561309208056688,adam,relu,4.1951208487223835e-05,130.0,155.0,0.7,0.15,200.0,25.0,0.5783699140018549,0.043853861694741564,-1,-1
dOSho,0.00014162499099689695,50.0,0.1139081533445984,adam,tanh,9.906216596243936e-05,153.0,44.0,0.7,0.15,200.0,49.0,0.6589517663535824,0.05644484557844293,-1,-1
BPcSZ,0.007126916320808989,50.0,0.12491889835995176,adam,tanh,9.863002460739092e-05,116.0,162.0,0.7,0.15,200.0,46.0,0.6253108527302846,0.07092819845840234,-1,-1
KvAXm,0.00029182224441986115,50.0,0.1353391982020514,SGD,tanh,3.97113714625988e-05,153.0,42.0,0.7,0.15,200.0,48.0,0.4773683266364393,0.014429684787926313,-1,-1
sQO9E,0.0004402204632400569,50.0,0.1274205527821421,adam,tanh,5.043834786521368e-05,122.0,10.0,0.7,0.15,200.0,51.0,0.5893116323458404,0.093504303101726,-1,-1
hGXJ4,0.0009657531242539332,50.0,0.13177042118805138,adam,tanh,9.922064141491564e-05,136.0,31.0,0.7,0.15,200.0,56.0,0.5805109463546676,0.07477862875972749,-1,-1
npbPl,0.0001510737061915483,50.0,0.14325768502168376,adam,tanh,9.239118319750059e-05,149.0,35.0,0.7,0.15,200.0,50.0,0.5674176952892415,0.0351277358609341,-1,-1
qmR07,0.003506731506787978,50.0,0.11891522662713672,adam,tanh,5.4010999094172756e-05,141.0,36.0,0.7,0.15,200.0,64.0,0.5721272577571517,0.05838244401110502,-1,-1
CFhqU,0.00020831331920655692,50.0,0.14835409911813324,adam,tanh,2.164628943845071e-05,159.0,15.0,0.7,0.15,200.0,53.0,0.5972287472540798,0.05662275946558365,-1,-1
t0Kvi,0.0027970926872965475,50.0,0.12934401248316696,adam,tanh,9.570020640777092e-05,103.0,24.0,0.7,0.15,200.0,59.0,0.5416727413918995,0.044721957356096735,-1,-1
i5TFs,0.0011887723452022364,50.0,0.12191575804432184,SGD,tanh,3.125485236942112e-05,133.0,28.0,0.7,0.15,200.0,41.0,0.48453540132674044,0.012409163001638343,-1,-1
Necp3,0.0007830478461159783,50.0,0.14170875399110083,adam,tanh,4.862172814105467e-05,147.0,50.0,0.7,0.15,200.0,50.0,0.6008857006178785,0.08437257564438667,-1,-1
HDFjg,0.0005043090148704638,50.0,0.11142095003350312,adam,tanh,9.838765233073844e-06,112.0,19.0,0.7,0.15,200.0,43.0,0.6469828291293265,0.08148686697893257,-1,-1
INiYl,0.00012846383781840563,50.0,0.11338351526935274,adam,tanh,1.8503340454935046e-05,111.0,20.0,0.7,0.15,200.0,43.0,0.5674018617188341,0.03393079194570181,-1,-1
s5IBz,0.0005693833777966343,50.0,0.10405559946212253,adam,tanh,9.433659234483137e-07,96.0,17.0,0.7,0.15,200.0,43.0,0.6350839506947293,0.056811565133288264,-1,-1
DoSq6,0.00022527345580177331,50.0,0.09654847576600592,adam,tanh,1.3801331875710521e-05,85.0,44.0,0.7,0.15,200.0,45.0,0.621745709861959,0.023208470292145917,-1,-1
E6I74,6.411987374910951e-05,50.0,0.040344825691159304,adam,tanh,5.633668121623739e-06,113.0,22.0,0.7,0.15,200.0,47.0,0.5484678922777091,0.054956032448579814,-1,-1
QZaDZ,2.6734043676883143e-05,50.0,0.11575071769709379,SGD,tanh,2.3757570274068558e-05,90.0,29.0,0.7,0.15,200.0,47.0,0.470913809165148,0.06084952748775393,-1,-1
fs7tz,0.00035607074227385403,50.0,0.10915394548935646,adam,tanh,9.80696260476633e-06,126.0,11.0,0.7,0.15,200.0,54.0,0.6044161303002369,0.06642021786875876,-1,-1
Q4wNZ,9.044214455473743e-05,50.0,0.09376184960233391,adam,tanh,7.77062027847906e-06,78.0,14.0,0.7,0.15,200.0,56.0,0.4946048749269047,0.04309713998701595,-1,-1
ZE77a,3.648013925360898e-05,50.0,0.09823383218190523,adam,tanh,2.5766443747508574e-05,106.0,48.0,0.7,0.15,200.0,43.0,0.5514385786889747,0.07027783674859751,-1,-1
REY8g,0.00016930559629456154,50.0,0.10742827496003768,adam,tanh,2.7508033940890446e-06,138.0,12.0,0.7,0.15,200.0,49.0,0.5723937552893408,0.03535840333278223,-1,-1
XuLud,0.0002754988604648623,50.0,0.11302882538383523,adam,tanh,1.5091441174055865e-05,109.0,26.0,0.7,0.15,200.0,52.0,0.5775030258838229,0.05338906357727776,-1,-1
IGoRV,0.0004513935894402496,50.0,0.11884907557646066,adam,tanh,2.7908371344603136e-05,130.0,36.0,0.7,0.15,200.0,40.0,0.5712770555885059,0.04940233717202585,-1,-1
kr7Q1,0.0017577322645584233,50.0,0.037192871541459005,SGD,tanh,3.667473191578489e-05,96.0,39.0,0.7,0.15,200.0,44.0,0.4697963030796064,0.054567379161537366,-1,-1
POQvh,0.07080009520572904,50.0,0.07887158887122883,adam,tanh,6.554586725430988e-06,101.0,35.0,0.7,0.15,200.0,42.0,0.48496480995146074,0.020513777298931286,-1,-1
hC2f5,0.0005233937863145739,50.0,0.09028842182276928,adam,tanh,1.912719724960051e-05,120.0,20.0,0.7,0.15,200.0,39.0,0.6313926906690696,0.07574931207384275,-1,-1
SVY6a,0.00011455115365807625,50.0,0.11552711594255478,adam,tanh,1.1264931952357712e-05,115.0,46.0,0.7,0.15,200.0,49.0,0.5735000805360813,0.04052853683780957,-1,-1
ovG3j,7.576395263655551e-05,50.0,0.10272113286556474,adam,tanh,1.2291070168854825e-05,155.0,25.0,0.7,0.15,200.0,46.0,0.528487073828229,0.03769177935460561,-1,-1
WOFDC,0.0006448491668679344,50.0,0.11051496652782057,adam,tanh,4.264258931163532e-06,133.0,57.0,0.7,0.15,200.0,55.0,0.5769489568948047,0.07321184855131065,-1,-1
afQfF,0.0025002824623308654,50.0,0.09293057905086746,adam,tanh,3.4256897136324544e-05,125.0,10.0,0.7,0.15,200.0,37.0,0.5970062679009344,0.03912846927891226,-1,-1
zgFEq,5.3543136376722075e-05,50.0,0.12356218312056846,SGD,tanh,2.0709174638996594e-05,138.0,18.0,0.7,0.15,200.0,51.0,0.4836792594607977,0.012490409610852057,-1,-1
anXxG,0.0001488379559194218,50.0,0.03177797893533517,adam,tanh,2.2419123260320817e-05,146.0,34.0,0.7,0.15,200.0,61.0,0.5758979535216135,0.04689495198249296,-1,-1
O6Cq6,0.04348066368330624,50.0,0.07140971372787082,adam,tanh,9.461892910944507e-06,73.0,167.0,0.7,0.15,200.0,59.0,0.5004720958914629,0.049448900737646746,-1,-1
KhTDD,0.004668627391284994,30.0,0.0858860471270029,adam,tanh,3.187141588334018e-05,128.0,54.0,0.7,0.15,200.0,41.0,0.6130856563623837,0.021136927192809664,-1,-1
SnlTC,0.0003446334193356713,5.0,0.09645691719845954,adam,tanh,2.9284511961406245e-05,144.0,30.0,0.7,0.15,200.0,45.0,0.5792613814599783,0.0501636235172219,-1,-1
bfJXu,0.00023319901223771682,50.0,0.04601988906020786,adam,tanh,1.669227897819584e-05,152.0,17.0,0.7,0.15,200.0,40.0,0.5497679392346619,0.04349831762209065,-1,-1
K6GcT,0.0014907336249444392,100.0,0.05881089322251844,adam,tanh,9.503878879551394e-05,163.0,147.0,0.7,0.15,200.0,44.0,0.5741289402236521,0.04693527262403566,-1,-1
wjl7d,2.8129476860946836e-05,70.0,0.10637471725541467,SGD,tanh,6.69675723188385e-08,157.0,52.0,0.7,0.15,200.0,57.0,0.4815804713922366,0.03205836237277887,-1,-1
ntYv1,9.240887328129933e-06,30.0,0.05452813553349835,adam,tanh,9.958001286048983e-05,172.0,29.0,0.7,0.15,200.0,48.0,0.5072117206183746,0.014129981270310954,-1,-1
SdG6p,4.109055270464575e-05,50.0,0.07783964363238974,adam,tanh,2.6644467124488583e-05,169.0,43.0,0.7,0.15,200.0,53.0,0.549997584515692,0.054690579865543064,-1,-1
aOX3C,0.0009054288959878682,30.0,0.10097989283678344,adam,tanh,6.539142324728756e-05,141.0,160.0,0.7,0.15,200.0,38.0,0.5658456188230239,0.02277070649265873,-1,-1
ELe8v,0.017962244748882788,50.0,0.06338762249612123,adam,tanh,5.709319901612028e-05,166.0,23.0,0.7,0.15,200.0,46.0,0.47518236516636475,0.012505602128729783,-1,-1
uxECD,0.00017420967252741655,5.0,0.08358071167121771,adam,tanh,9.752885592767557e-05,115.0,151.0,0.7,0.15,200.0,62.0,0.6122481847853011,0.019831831262864266,-1,-1
HohrM,0.00029258691999108164,100.0,0.06776138104812446,adam,tanh,4.5760098605098955e-05,123.0,14.0,0.7,0.15,200.0,42.0,0.5368303759727497,0.0747044779359008,-1,-1
CK3Ei,0.002194172324406095,70.0,0.13712642243244172,SGD,tanh,2.8603458639564353e-06,109.0,61.0,0.7,0.15,200.0,68.0,0.4956726638429242,0.026032835347359323,-1,-1
lx8vM,1.1514611850400042e-05,50.0,0.09198798646878982,adam,tanh,6.094792315683393e-05,119.0,172.0,0.7,0.15,200.0,50.0,0.5031153148660984,0.029527019097335298,-1,-1
xdvtj,1.873770026714992e-05,30.0,0.12028241380753199,adam,tanh,9.0692697744723e-05,82.0,142.0,0.7,0.15,200.0,35.0,0.5054888058974564,0.07459867475854452,-1,-1
GxuK9,7.8292677375362e-05,50.0,0.08221801950139206,adam,tanh,3.7791559713170226e-05,88.0,70.0,0.7,0.15,200.0,58.0,0.5029344563663732,0.08820083248927732,-1,-1
RnWoB,0.00038889602612902777,30.0,0.08829781295437372,adam,tanh,8.418981244197085e-05,99.0,33.0,0.7,0.15,200.0,52.0,0.517752658326866,0.04349694752014312,-1,-1
pKq2e,0.0007351953317103445,5.0,0.11636382860972716,adam,tanh,8.660070348484239e-05,150.0,41.0,0.7,0.15,200.0,48.0,0.6139094559338207,0.03195675575447363,-1,-1
wEDRf,0.00010966315828443453,50.0,0.051358017961333206,adam,elu,6.793449088666434e-05,161.0,63.0,0.7,0.15,200.0,39.0,0.5557457936823506,0.03477651697744848,-1,-1
CyjP5,0.007185956479980681,100.0,0.11152357437438823,SGD,tanh,7.157446154086786e-05,132.0,20.0,0.7,0.15,200.0,47.0,0.4917230649757968,0.0950433671327444,-1,-1
QD3Qu,4.625833105083402e-06,70.0,0.10424351397225164,adam,tanh,9.310061693506674e-05,93.0,39.0,0.7,0.15,200.0,37.0,0.49004018592385057,0.044905193363039685,-1,-1
besDs,5.852192025956246e-05,50.0,0.09552888190084821,adam,tanh,8.902059210149713e-05,154.0,49.0,0.7,0.15,200.0,42.0,0.5865006652314854,0.048140114781333995,-1,-1
OvC3H,0.0004752748677317809,30.0,0.13321817314745496,adam,elu,8.015215055429868e-05,103.0,135.0,0.7,0.15,200.0,54.0,0.6059763251977985,0.03992308628293738,-1,-1
ETY2N,0.00167625528152354,50.0,0.024913528350824436,adam,tanh,6.40302017788444e-05,136.0,125.0,0.7,0.15,200.0,51.0,0.5812494541690267,0.047482495495159795,-1,-1
YVqfB,0.0035774272572433262,30.0,0.12297955859658732,adam,tanh,4.2938054857979e-05,177.0,26.0,0.7,0.15,200.0,55.0,0.6160641884964605,0.0734644682199738,-1,-1
Cjt3D,2.4078456393357086e-05,5.0,0.09992103133277203,adam,tanh,2.453688802871198e-05,159.0,138.0,0.7,0.15,200.0,45.0,0.5575116233654972,0.0359210057776772,-1,-1
fz0gc,0.0001426732071454126,50.0,0.07185730639803418,SGD,elu,8.991305240894114e-06,143.0,56.0,0.7,0.15,200.0,34.0,0.4834509087222667,0.019776836238337245,-1,-1
Jkk7I,0.0002074786624855807,100.0,0.1082287902166435,adam,tanh,5.90086683551834e-05,127.0,131.0,0.7,0.15,200.0,36.0,0.5760594718974932,0.04803742155589124,-1,-1
ryCpy,0.024805601658910142,70.0,0.06457698161078232,adam,tanh,5.272791915973311e-05,180.0,46.0,0.7,0.15,200.0,44.0,0.5206458647748973,0.04357181153682022,-1,-1
WmM85,9.335444117046087e-05,50.0,0.05709859858386334,adam,tanh,9.988014908274302e-05,172.0,78.0,0.7,0.15,200.0,49.0,0.5369895749432537,0.043477635967036105,-1,-1
h0MJe,3.7229731358247976e-05,30.0,0.12600231602000864,adam,elu,5.485891409627863e-05,148.0,65.0,0.7,0.15,200.0,63.0,0.5116667177417099,0.04997292090236585,-1,-1
hCAh4,0.001086257669623238,50.0,0.13044014162823034,adam,tanh,7.730871418048096e-05,165.0,158.0,0.7,0.15,200.0,41.0,0.6216001148782411,0.036800457922194066,-1,-1
kRkK2,0.0006451323381970229,30.0,0.08510194224842137,adam,tanh,7.344868730139278e-05,63.0,11.0,0.7,0.15,200.0,56.0,0.5715869136502678,0.06344896208161259,-1,-1
z9TNZ,0.0002779102896553008,5.0,0.04151418667342207,SGD,tanh,9.655492741959309e-05,141.0,153.0,0.7,0.15,200.0,53.0,0.5355791752957859,0.06241687706939096,-1,-1
KHYYe,0.21962749430976283,50.0,0.08960277608479834,adam,tanh,1.399204263760692e-05,123.0,120.0,0.7,0.15,200.0,47.0,0.5023366745474135,0.013584435031518585,-1,-1
Tc6eK,1.3909493012651617e-05,100.0,0.028721884567742134,adam,elu,1.1182517234953446e-05,111.0,147.0,0.7,0.15,200.0,38.0,0.4740300151634901,0.0849992576724416,-1,-1
z60tD,0.008946651586987642,70.0,0.08034616751791981,adam,tanh,7.070765585307356e-05,106.0,176.0,0.7,0.15,200.0,43.0,0.6395058888998483,0.049535404673977775,-1,-1
qnRkm,3.229696163560418e-06,50.0,0.07608555001460073,adam,tanh,3.374474641739422e-05,156.0,127.0,0.7,0.15,200.0,32.0,0.4837925236118418,0.03075235189947548,-1,-1
SynPy,5.5454475672822096e-05,30.0,0.11239326465947665,adam,elu,4.851035496057558e-05,146.0,32.0,0.7,0.15,200.0,60.0,0.5196110142573694,0.102741438557541,-1,-1
enDdi,0.0001264834340978512,50.0,0.006313305136364682,adam,tanh,3.5501392359353975e-05,118.0,38.0,0.7,0.15,200.0,50.0,0.6079944274435654,0.092463712453933,-1,-1
VkSeX,0.005613782196334726,30.0,0.11678094358591622,SGD,tanh,4.041245794197585e-05,131.0,115.0,0.7,0.15,200.0,40.0,0.5946339147413807,0.03686286220396047,-1,-1
nQuqL,6.587820403957834e-06,5.0,0.020681770225440536,adam,tanh,1.837704811136323e-05,137.0,165.0,0.7,0.15,200.0,52.0,0.5584741827253807,0.06749216036219018,-1,-1
yNOL5,0.001321047503516023,10.0,0.14102492672121664,adam,relu,8.257396547129525e-05,186.0,113.0,0.7,0.15,200.0,45.0,0.5852794493604785,0.05668145043429713,-1,-1
Ou2b0,0.0009952483051430753,10.0,0.12901629327502526,adam,relu,9.177223864057491e-05,183.0,109.0,0.7,0.15,200.0,49.0,0.6360074479634749,0.06563979296572121,-1,-1
o9A9b,0.002332909129130492,10.0,0.13567243525843528,adam,relu,8.633801727745418e-05,193.0,96.0,0.7,0.15,200.0,16.0,0.5743753877931415,0.07703849805118115,-1,-1
d7onr,0.002965154831880463,10.0,0.13863284983080779,adam,relu,7.901418888769735e-05,196.0,124.0,0.7,0.15,200.0,46.0,0.6212073418606245,0.052016394875942826,-1,-1
cEd0i,0.004248239304720876,10.0,0.1266132288662838,adam,relu,8.836589941018909e-05,174.0,103.0,0.7,0.15,200.0,18.0,0.5886073492844295,0.038581483335339624,-1,-1
WiLec,0.0004990981718011004,10.0,0.12179013432086251,adam,relu,8.144305295899606e-05,168.0,118.0,0.7,0.15,200.0,13.0,0.5985159945742989,0.08329753289467129,-1,-1
MBsN9,0.00038664517175351486,10.0,0.1320895633464753,adam,relu,7.551855487578928e-05,151.0,111.0,0.7,0.15,200.0,34.0,0.5493616745159944,0.05556891721732582,-1,-1
CzJQu,0.0019026155376919095,10.0,0.11802744070779055,adam,relu,9.475866477472e-05,162.0,89.0,0.7,0.15,200.0,43.0,0.5622464172026312,0.05832536795567471,-1,-1
OtBtx,0.0008344287007301357,50.0,0.1257327112877571,adam,relu,7.242313776012612e-05,169.0,84.0,0.7,0.15,200.0,41.0,0.5900450856886208,0.07276106946375611,-1,-1
R5ul2,0.00021469332711685003,10.0,0.11486811583822373,adam,relu,6.677163834627439e-05,158.0,99.0,0.7,0.15,200.0,36.0,0.5426267522680238,0.0608916340404554,-1,-1
O1SfQ,0.011828475798787418,100.0,0.1476480567844891,adam,relu,8.500001781709054e-05,189.0,130.0,0.7,0.15,200.0,15.0,0.5737786849949629,0.04304633500876568,-1,-1
oYwTG,0.000650107009096493,70.0,0.12069443611397787,adam,relu,6.905722250829864e-05,177.0,118.0,0.7,0.15,200.0,23.0,0.583670152636073,0.012143259012345843,-1,-1
bhJkZ,0.0010781232406842484,10.0,0.12930740105984914,adam,relu,9.744619906452263e-05,145.0,106.0,0.7,0.15,200.0,48.0,0.6054934227520764,0.037967664877693506,-1,-1
QFVFw,0.0014406987666332781,50.0,0.1448513788435168,adam,relu,9.022066828452864e-05,165.0,123.0,0.7,0.15,200.0,22.0,0.5941757249318825,0.056234370794467956,-1,-1
dBHR8,0.00027921895723144306,30.0,0.11093274727866356,adam,relu,7.807767457214519e-05,179.0,141.0,0.7,0.15,200.0,27.0,0.6373743420426061,0.05089332316218248,-1,-1
rFRTC,0.0003878531440183033,10.0,0.10560359838032776,adam,relu,8.054391561479717e-05,155.0,133.0,0.7,0.15,200.0,17.0,0.6191215597846403,0.016097888047103374,-1,-1
pfYsG,9.068848316673272e-05,50.0,0.13464264960445604,adam,relu,7.45275600396919e-05,198.0,100.0,0.7,0.15,200.0,24.0,0.5253751138198943,0.07495918197152224,-1,-1
Hq6br,0.002813378681003759,10.0,0.12407405257990275,adam,relu,9.985295533448907e-05,152.0,121.0,0.7,0.15,200.0,39.0,0.5805740479461416,0.06156384194686888,-1,-1
GOlN1,0.0005061799680793188,30.0,0.10252372512758201,adam,relu,8.408543761444962e-05,183.0,112.0,0.7,0.15,200.0,31.0,0.5455601595519232,0.04161219514679126,-1,-1
e0dyk,0.000144497625902846,50.0,0.10886937614223889,adam,relu,9.361356252588836e-05,139.0,82.0,0.7,0.15,200.0,20.0,0.5248741313245763,0.06124849547223949,-1,-1
Ol3xB,0.00019052025997371176,10.0,0.098211437175987,adam,relu,6.129899900742008e-05,161.0,108.0,0.7,0.15,200.0,21.0,0.575073117902971,0.06460081617907648,-1,-1
Mc7hT,0.0014030437362138116,5.0,0.1390084323068979,adam,relu,6.521811510597729e-05,172.0,96.0,0.7,0.15,200.0,14.0,0.5646093936671186,0.0933962936012836,-1,-1
xGrbh,0.003984729345956019,100.0,0.11905984000170698,adam,relu,7.029130253824781e-05,148.0,91.0,0.7,0.15,200.0,66.0,0.5669134492841712,0.05088737838200395,-1,-1
AGN7v,0.006313226030559485,70.0,0.09444182880989317,adam,relu,8.669572651637218e-05,135.0,87.0,0.7,0.15,200.0,44.0,0.5680845052080662,0.06422706268433691,-1,-1
eFfos,0.01571750676494813,50.0,0.13425126574902083,adam,relu,5.791412197950538e-05,58.0,127.0,0.7,0.15,200.0,50.0,0.6143706191227765,0.06546626275124959,-1,-1
BxvCk,0.0008701705324126351,10.0,0.13043865385607445,adam,relu,9.192065841153611e-05,175.0,102.0,0.7,0.15,200.0,10.0,0.569772651943343,0.0593502686794145,-1,-1
Eqstf,0.0002945591611553776,30.0,0.1131317096657007,adam,relu,8.93214253649363e-05,190.0,72.0,0.7,0.15,200.0,18.0,0.5591406973702571,0.0696073443084649,-1,-1
IULwR,7.14333379607878e-05,10.0,0.1054924253334192,adam,elu,6.277126884494008e-05,141.0,115.0,0.7,0.15,200.0,58.0,0.6125254007792387,0.06256237038878079,-1,-1
hqobu,0.0001642540226281286,50.0,0.1442934266920869,adam,relu,7.676219729904886e-05,129.0,15.0,0.7,0.15,200.0,51.0,0.5298475337983192,0.05828305960626481,-1,-1
SHKRe,0.0019734182224827265,10.0,0.09070316504337424,adam,tanh,6.783186664097092e-05,186.0,137.0,0.7,0.15,200.0,37.0,0.6256988009708601,0.03289054898567873,-1,-1
nG04O,0.0007025580549913254,30.0,0.06898429214799645,adam,relu,9.800892210271673e-05,180.0,145.0,0.7,0.15,200.0,12.0,0.559098214152632,0.06446586926787262,-1,-1
xxT1m,0.00011502577160780975,50.0,0.10137829569483035,adam,relu,7.242057195712814e-05,166.0,22.0,0.7,0.15,200.0,42.0,0.5254799139627382,0.07711704674002233,-1,-1
a9Rs3,0.0011337529177931674,5.0,0.12717753976518387,adam,tanh,8.338903580599395e-05,152.0,108.0,0.7,0.15,200.0,16.0,0.638971737292345,0.0557144101467333,-1,-1
MMGGi,0.000240066790204366,10.0,0.07354526091871821,adam,relu,9.990021388251015e-05,124.0,130.0,0.7,0.15,200.0,46.0,0.5761957196186662,0.059424299211718504,-1,-1
RmK4U,4.617783746947557e-05,100.0,0.12181019163600268,adam,tanh,5.979126668334448e-05,157.0,59.0,0.7,0.15,200.0,30.0,0.5045619420901615,0.03353512269454313,-1,-1
HiBII,0.0005798099563284602,70.0,0.06094667183430931,SGD,relu,5.194776499830687e-05,114.0,77.0,0.7,0.15,200.0,47.0,0.4785293390055318,0.036138072727740896,-1,-1
S74Up,3.157343892178943e-05,50.0,0.11579179575402565,adam,elu,5.588807756684524e-05,76.0,91.0,0.7,0.15,200.0,25.0,0.5096567767373384,0.06281806752643297,-1,-1
Qf8rF,0.00035446528022659815,10.0,0.08707615825190562,adam,relu,9.58983818540778e-05,69.0,121.0,0.7,0.15,200.0,28.0,0.5667620342822837,0.06575054002224286,-1,-1
Nl9Vq,0.010048724583303489,30.0,0.10958172760866873,adam,tanh,8.721342077438014e-05,144.0,68.0,0.7,0.15,200.0,26.0,0.5792562304311681,0.051338002910603545,-1,-1
Hajbv,0.000454138412345926,10.0,0.09902270166637969,adam,relu,8.009118867664927e-05,193.0,96.0,0.7,0.15,200.0,33.0,0.6100177279820906,0.026667225700251453,-1,-1
JvVHa,0.005303145285573669,50.0,0.1362068317862549,adam,tanh,3.0235117209240422e-05,163.0,103.0,0.7,0.15,200.0,21.0,0.5913454665611472,0.09494852555810121,-1,-1
Y4HuW,0.0016342285621259462,10.0,0.14944493312402476,adam,relu,4.537945385791109e-05,134.0,116.0,0.7,0.15,200.0,55.0,0.5777245600496959,0.07192039186673121,-1,-1
tFkFW,7.389134388655554e-05,30.0,0.034291105413977355,adam,relu,7.513479934918431e-05,170.0,27.0,0.7,0.15,200.0,13.0,0.6037087865509261,0.07384937565628359,-1,-1
v09bV,0.002954461192013023,50.0,0.09562052739999016,SGD,tanh,5.011659487965654e-05,120.0,134.0,0.7,0.15,200.0,35.0,0.4911073611730867,0.036109786622518104,-1,-1
ow0Az,0.0002445248084257785,5.0,0.08072276927301668,adam,relu,1.1930123140541684e-07,199.0,111.0,0.7,0.15,200.0,53.0,0.5830802485048668,0.047071948042196665,-1,-1
ygCGP,0.00010463814108395055,10.0,0.015781099229068528,adam,elu,7.838004961070113e-05,159.0,83.0,0.7,0.15,200.0,17.0,0.5819989607892266,0.05492838428230835,-1,-1
mh9OA,0.0007870993629394515,100.0,0.11815030540130089,adam,relu,6.331528945149417e-05,51.0,124.0,0.7,0.15,200.0,40.0,0.5788713694075813,0.054591348489857174,-1,-1
Zqnmx,0.007916770854875164,70.0,0.07796896022075679,adam,tanh,6.62465880237271e-05,96.0,45.0,0.7,0.15,200.0,19.0,0.6100589216300254,0.08830963291035558,-1,-1
muevX,0.00014437283278684443,50.0,0.0485184256367138,adam,relu,9.3343312331824e-05,149.0,105.0,0.7,0.15,200.0,14.0,0.5945568228416663,0.08553263963464618,-1,-1
O1Gbb,0.00019275752604497957,10.0,0.1238383287377128,adam,tanh,8.216549759674377e-05,138.0,10.0,0.7,0.15,200.0,11.0,0.623031879379074,0.05052346165358793,-1,-1
YDmPb,0.00034751882433163,30.0,0.09329969492205899,adam,relu,6.960398838389189e-05,128.0,187.0,0.7,0.15,200.0,38.0,0.5766107121339987,0.06867731580255129,-1,-1
A9ThP,0.0021727277083497675,10.0,0.11302938330667041,SGD,relu,4.7412744895765695e-05,174.0,100.0,0.7,0.15,200.0,23.0,0.5940356068967768,0.0929234578150253,-1,-1
JfxG3,0.0011146166878709843,50.0,0.010885490680238443,adam,tanh,3.951737623301845e-06,181.0,140.0,0.7,0.15,200.0,49.0,0.5975252230142917,0.06686887775273813,-1,-1
NV5H9,5.5567988497901106e-05,10.0,0.13181416969652282,adam,relu,8.487648277864773e-05,86.0,127.0,0.7,0.15,200.0,44.0,0.5901651008444585,0.05927021102512302,-1,-1
iW3UF,0.0005583330054882922,30.0,0.10706157324588136,adam,elu,8.964158143799902e-05,144.0,52.0,0.7,0.15,200.0,15.0,0.5732436438968137,0.0790963911108392,-1,-1
F4gTF,0.00395748098486334,50.0,0.0847063577450077,adam,tanh,7.359471037222498e-05,154.0,92.0,0.7,0.15,200.0,29.0,0.5864800108554398,0.10852466479454763,-1,-1
Joqn4,3.4953455039751114e-05,5.0,0.10392729515509957,adam,relu,2.1507613367146488e-05,167.0,79.0,0.7,0.15,200.0,24.0,0.5833554535578985,0.08905446224408298,-1,-1
nMqCJ,1.9043809374491386e-05,10.0,0.12757513393378417,adam,relu,4.185189823365857e-05,186.0,18.0,0.7,0.15,200.0,41.0,0.5151563550688365,0.02624369356005351,-1,-1
p9IMh,9.848854508707618e-05,100.0,0.1417464167757232,adam,tanh,8.10852563985048e-05,200.0,117.0,0.7,0.15,200.0,20.0,0.4985791883180048,0.053276445641894654,-1,-1
eyddm,2.5516615220943018e-05,50.0,0.0908669461461073,SGD,relu,7.682111475598816e-05,195.0,112.0,0.7,0.15,200.0,22.0,0.49471865677183635,0.03486901695655376,-1,-1
k1Gxa,0.0008290789561060865,70.0,0.120145724692418,adam,relu,9.516852131065939e-05,162.0,150.0,0.7,0.15,200.0,17.0,0.6000287660079403,0.08846404619324193,-1,-1
mcrop,0.001389104779811773,10.0,0.06656255482035969,adam,tanh,1.651154914213795e-05,132.0,88.0,0.7,0.15,200.0,12.0,0.5949899622033019,0.03768655319642466,-1,-1
F4Hws,0.00016960596392129733,30.0,0.09829984510892698,adam,relu,2.774834959376178e-05,176.0,63.0,0.7,0.15,200.0,18.0,0.5823914867926108,0.056800808751092245,-1,-1
fYGfw,0.00025308348572246494,10.0,0.053604681130186134,adam,elu,6.035082520155069e-05,107.0,73.0,0.7,0.15,200.0,45.0,0.5771208245621688,0.06999419106352779,-1,-1
J4pnB,4.430175148469171e-05,50.0,0.13804328202159524,adam,tanh,9.167780661264333e-05,147.0,108.0,0.7,0.15,200.0,16.0,0.5035927296695679,0.06249372768325564,-1,-1
LY8ln,8.135024996434721e-05,10.0,0.07031642060611126,adam,relu,5.381531269233069e-05,140.0,121.0,0.7,0.15,200.0,54.0,0.5845874586482747,0.026097640707573366,-1,-1
nTpDd,0.0003807043351832172,30.0,0.14996196325623698,adam,relu,8.814055970580707e-05,101.0,143.0,0.7,0.15,200.0,52.0,0.476617248156889,0.03548609470970661,-1,-1
fLQCt,0.0024537520779160113,50.0,0.11080325765991964,SGD,tanh,5.6213940535931844e-05,125.0,32.0,0.7,0.15,200.0,47.0,0.4771412963431322,0.04568017051985469,-1,-1
Tbscy,6.0135189348632855e-05,5.0,0.04334039396588674,adam,relu,7.176499139143252e-05,171.0,132.0,0.7,0.15,200.0,27.0,0.5944075439946428,0.049556999843510634,-1,-1
SXmtx,0.013430803983099818,10.0,0.10130226338874294,adam,relu,6.787484707361152e-05,117.0,95.0,0.7,0.15,200.0,48.0,0.566781151853412,0.007364533611333668,-1,-1
xiSdh,0.03253446887249415,100.0,0.07406427754119259,adam,tanh,7.936712883773998e-05,38.0,104.0,0.7,0.15,200.0,57.0,0.4755807902899085,0.015414867278883379,-1,-1
wjwYJ,0.000495969814478112,50.0,0.08742405163189892,adam,relu,8.367069354591113e-05,190.0,99.0,0.7,0.15,200.0,10.0,0.623814942922704,0.06931229903538803,-1,-1
BFvyD,0.004627137590719939,70.0,0.0023130554943490735,adam,relu,7.4780235244561785e-06,155.0,86.0,0.7,0.15,200.0,19.0,0.6130328004159443,0.06577721424851436,-1,-1
VxVNN,0.00030346497862875874,10.0,0.0823036538698679,adam,elu,9.789562579019436e-05,151.0,41.0,0.7,0.15,200.0,30.0,0.6356277992998449,0.034682604971588,-1,-1
GfKpj,0.02071217543495529,30.0,0.1161417785510802,adam,tanh,3.944810504284785e-05,80.0,24.0,0.7,0.15,200.0,51.0,0.47468334723869104,0.04585192736989822,-1,-1
IpqFj,0.000132152777770328,10.0,0.12539721959236572,SGD,relu,6.405172151249871e-05,182.0,136.0,0.7,0.15,200.0,20.0,0.5051570899915826,0.03649788156888645,-1,-1
j3pZ0,0.0018701340769295242,50.0,0.1455235463647388,adam,tanh,7.413573332454418e-05,160.0,114.0,0.7,0.15,200.0,43.0,0.5748722445010873,0.04129649103870029,-1,-1
yBNbJ,0.0005984681161657929,10.0,0.10739820418727154,adam,relu,8.617728474776813e-05,113.0,125.0,0.7,0.15,200.0,33.0,0.5705889563631061,0.046685699271653926,-1,-1
Pki6u,0.0009677615729765247,30.0,0.07758504378925721,adam,relu,3.717200447208014e-05,166.0,76.0,0.7,0.15,200.0,36.0,0.6007439114476321,0.08374516435646771,-1,-1
Kwtak,0.00019545171536439958,50.0,0.13277059199895214,adam,tanh,6.198044240701404e-05,137.0,119.0,0.7,0.15,200.0,21.0,0.5798147188253064,0.0259641507704242,-1,-1
gSCjs,0.0013996933010734104,5.0,0.09171618125065883,adam,relu,9.99163649734877e-05,121.0,67.0,0.7,0.15,200.0,25.0,0.5786628204978892,0.05171231598925581,-1,-1
m1Rqu,0.007148637971374052,10.0,0.03924471196112178,adam,elu,4.3931912179594185e-05,130.0,58.0,0.7,0.15,200.0,13.0,0.5370947060456421,0.09508802177292609,-1,-1
fiNx0,0.00011171432914711708,100.0,0.12208756201778155,adam,relu,9.155095221381716e-05,92.0,154.0,0.7,0.15,200.0,39.0,0.4762794226472744,0.0827514010489378,-1,-1
IRw7D,0.003329321601709424,50.0,0.06182307240768767,SGD,tanh,6.88463193999377e-05,143.0,14.0,0.7,0.15,200.0,14.0,0.4818503490523714,0.10021758491749772,-1,-1
gY51E,0.000730755149399763,70.0,0.09555448431898518,adam,relu,8.959576855759449e-05,157.0,82.0,0.7,0.15,200.0,28.0,0.5729337322909014,0.0837267053173293,-1,-1
RvAlX,0.0004492464982912988,10.0,0.10349708377378529,adam,tanh,7.625659417905707e-05,133.0,47.0,0.7,0.15,200.0,16.0,0.5817479475157314,0.043161331249116405,-1,-1
xeUIu,1.2602059597146344e-05,30.0,0.11348574508392201,adam,relu,5.812586942960646e-05,148.0,106.0,0.7,0.15,200.0,22.0,0.5092697631284107,0.06687491749532569,-1,-1
VsSHl,0.05006167723595457,10.0,0.06579691712267857,adam,relu,9.552761981326195e-05,178.0,37.0,0.7,0.15,200.0,31.0,0.515823086685099,0.03725923502092405,-1,-1
dcNtU,7.696899573928664e-05,50.0,0.12999581366718108,adam,tanh,6.535528602308864e-05,172.0,128.0,0.7,0.15,200.0,59.0,0.6340375020007283,0.06116529078896311,-1,-1
LzWGW,0.00033253718523167716,10.0,0.0853252135284969,adam,relu,2.5019343186145597e-05,163.0,199.0,0.7,0.15,200.0,42.0,0.62101938621604,0.08682626292753118,-1,-1
uzS66,0.0011206914916487172,30.0,0.11774826845778319,adam,elu,7.048918812992061e-05,152.0,110.0,0.7,0.15,200.0,23.0,0.6167054952283768,0.05437500167390996,-1,-1
hCB5S,3.382275537916824e-05,50.0,0.05757186729783462,SGD,relu,5.003381812811054e-05,189.0,98.0,0.7,0.15,200.0,15.0,0.4827222441116712,0.029587218412692327,-1,-1
ZkPZl,0.0002283785689389367,5.0,0.0979483748426837,adam,tanh,8.233826395529599e-05,168.0,29.0,0.7,0.15,200.0,11.0,0.6118325249334557,0.04756286028318641,-1,-1
agf25,4.7151954992484895e-05,10.0,0.10956572970380148,adam,relu,3.310896960237215e-05,184.0,91.0,0.7,0.15,200.0,46.0,0.5699888165077804,0.05591208248406265,-1,-1
UpXlX,0.00242870785497847,100.0,0.04547253612137737,adam,tanh,5.185210327109869e-05,158.0,94.0,0.7,0.15,200.0,18.0,0.5801517859677673,0.059269479377595476,-1,-1
uVdxn,2.3321488321987368e-05,50.0,0.13936990424542792,adam,relu,4.677136469937312e-05,196.0,138.0,0.7,0.15,200.0,32.0,0.4996456224192857,0.04995918640347524,-1,-1
pJHTK,0.00015729952654132602,10.0,0.08943954813700272,adam,relu,7.770790725285628e-05,104.0,20.0,0.7,0.15,200.0,26.0,0.5843580803763946,0.04044768253026003,-1,-1
bPExN,0.005639812051288736,70.0,0.13560787056526358,adam,tanh,8.80497036659151e-05,125.0,54.0,0.7,0.15,200.0,61.0,0.6357571665657769,0.03559169711106578,-1,-1
cVda7,1.698625788432191e-05,30.0,0.0813070754313126,adam,relu,9.25325332201008e-05,141.0,10.0,0.7,0.15,200.0,50.0,0.5018836223299011,0.024085828231054058,-1,-1
Ip2h0,0.0018326210429931026,10.0,0.1011982845277955,SGD,elu,7.30076495844104e-05,110.0,70.0,0.7,0.15,200.0,40.0,0.5781816819941774,0.03590545000001035,-1,-1
ZvnFe,6.505473927190706e-05,50.0,0.12419627990851852,adam,relu,7.989724704272717e-05,29.0,116.0,0.7,0.15,200.0,24.0,0.49056014686765587,0.08413005916362919,-1,-1
iNIWn,7.9321934196469e-06,10.0,0.07391257162459143,adam,tanh,1.9772390667889626e-05,98.0,145.0,0.7,0.15,200.0,37.0,0.5192991707284802,0.06154460972403137,-1,-1
QuSCn,0.003063893406506771,30.0,0.10588289620366444,adam,relu,8.589008387297715e-05,135.0,101.0,0.7,0.15,200.0,44.0,0.5632580784097045,0.05286949908016203,-1,-1
QSIQC,0.0006513706865118401,50.0,0.114648234995672,adam,tanh,5.487434108499147e-05,89.0,130.0,0.7,0.15,200.0,56.0,0.6298606163329528,0.06058139884559975,-1,-1
tgvvH,0.00011396059478620756,5.0,0.1284169549247986,adam,relu,6.708974164217086e-05,176.0,122.0,0.7,0.15,200.0,19.0,0.5592239015081387,0.06174941235326755,-1,-1
dmy9Z,0.0009796209208296047,10.0,0.02374663114089457,adam,relu,5.9862357104734804e-05,145.0,80.0,0.7,0.15,200.0,49.0,0.5347188466067673,0.09163084644534293,-1,-1
JySHu,0.00932603685928537,100.0,0.09247157839335508,adam,tanh,9.45532907679491e-05,164.0,88.0,0.7,0.15,200.0,12.0,0.5617787921185062,0.06156971974818765,-1,-1
O1mQm,0.0004153717827206376,50.0,0.05092021380040394,SGD,relu,1.3514055260628614e-05,152.0,108.0,0.7,0.15,200.0,52.0,0.49717578450454314,0.037066266739960545,-1,-1
laeri,0.0002935676579522812,10.0,0.0698259909747862,adam,elu,9.986519407718883e-05,169.0,113.0,0.7,0.15,200.0,34.0,0.613162235312035,0.023988596743081014,-1,-1
LaAsu,0.004259811882854384,70.0,0.07661385192098567,adam,relu,8.372492166474816e-05,127.0,118.0,0.7,0.15,200.0,21.0,0.5639895475380192,0.09461350096376589,-1,-1
iDWnd,0.0001696166853431678,30.0,0.08730008539391307,adam,tanh,7.438467543127928e-05,117.0,134.0,0.7,0.15,200.0,15.0,0.5348839590820488,0.03896524747334439,-1,-1
WiOEt,8.65154052737601e-05,10.0,0.11881946202414662,adam,relu,2.9983691787653838e-05,148.0,97.0,0.7,0.15,200.0,17.0,0.5552402853374943,0.04644250708009028,-1,-1
XDR5t,0.0013614515536744083,50.0,0.09606018371141048,adam,tanh,7.135527750885027e-05,140.0,60.0,0.7,0.15,200.0,27.0,0.5903848396279315,0.06690211038315115,-1,-1
yq25u,0.0005049064989290122,10.0,0.03150857796188342,adam,relu,6.290668233396003e-05,121.0,104.0,0.7,0.15,200.0,13.0,0.5898248357496537,0.05870473714118272,-1,-1
zmf3G,0.015993651948548744,30.0,0.08361461260655226,adam,relu,9.707442612327153e-05,180.0,125.0,0.7,0.15,200.0,45.0,0.590330901709301,0.039589112140595725,-1,-1
Oe2M9,4.172178808712978e-05,50.0,0.10681624849423121,SGD,tanh,8.08746255897304e-05,173.0,159.0,0.7,0.15,200.0,10.0,0.4949428417481049,0.023262383006543725,-1,-1
LLmjP,0.011734808531142801,5.0,0.05973496610177165,adam,relu,7.831962222148871e-05,192.0,41.0,0.7,0.15,200.0,29.0,0.5609964756669257,0.0845168275186048,-1,-1
pZYtn,0.0002141032011141063,10.0,0.0800415889816877,adam,elu,3.5757718112588345e-05,186.0,85.0,0.7,0.15,200.0,48.0,0.6098205792958787,0.06885727235288784,-1,-1
K8WkA,0.0007095156467197921,100.0,0.12040049728900057,adam,relu,9.096046504961568e-05,160.0,170.0,0.7,0.15,200.0,42.0,0.5533145975799441,0.029873046248393386,-1,-1
qnkDd,5.653202078815953e-05,50.0,0.1410710498893904,adam,tanh,5.817526651834729e-05,54.0,26.0,0.7,0.15,200.0,22.0,0.4981739136868345,0.05280717385543145,-1,-1
RLX0u,0.0018123472318231958,10.0,0.13331080696256314,adam,relu,6.506781277508574e-05,112.0,148.0,0.7,0.15,200.0,25.0,0.5114541825503985,0.06378245441161932,-1,-1
B6Oqt,2.9293909376461448e-05,70.0,0.05485261550341532,adam,tanh,2.292086487314932e-05,156.0,180.0,0.7,0.15,200.0,38.0,0.5214989798240433,0.050906479836684164,-1,-1
H6C1j,0.00013321837989624906,30.0,0.10985998175149723,adam,relu,7.61381307395793e-05,73.0,75.0,0.7,0.15,200.0,19.0,0.5598592823342299,0.029480180317011512,-1,-1
y26Lc,0.00035877790988442893,10.0,0.03762556973625398,SGD,relu,5.429271294697365e-06,132.0,34.0,0.7,0.15,200.0,54.0,0.46402807853980743,0.035515748589712556,-1,-1
VMJ3v,0.02749756154526678,50.0,0.11239883327258414,adam,tanh,8.552784611764617e-05,163.0,111.0,0.7,0.15,200.0,18.0,0.5102999834736076,0.02662910029566899,-1,-1
ZZrJr,0.0002599386734687407,10.0,0.14637855025065505,adam,relu,5.3640134534849964e-05,14.0,93.0,0.7,0.15,200.0,35.0,0.559132867476196,0.05078230564911999,-1,-1
m6JM1,9.91225772158535e-06,30.0,0.09917337446368381,adam,elu,3.855765413261285e-05,147.0,140.0,0.7,0.15,200.0,68.0,0.5166602921299732,0.028956422549417944,-1,-1
GMSjf,0.000899181400908953,50.0,0.12565913351944616,adam,relu,8.761165506172333e-05,128.0,65.0,0.7,0.15,200.0,47.0,0.6232047165760519,0.08216852887002009,-1,-1
hQVdK,0.0030569746091597978,5.0,0.10167733131051752,adam,tanh,9.81010381169322e-05,199.0,52.0,0.7,0.15,200.0,24.0,0.5385403678805742,0.02151518700242056,-1,-1
gjBii,0.03948067036032832,10.0,0.11552268047280334,adam,relu,4.807546798047602e-05,137.0,102.0,0.7,0.15,200.0,20.0,0.51004990590292,0.0193912083766232,-1,-1
iSspc,0.0012278043159092463,100.0,0.027291196712966953,adam,tanh,4.194354818502358e-05,168.0,129.0,0.7,0.15,200.0,16.0,0.5865685858101501,0.053895386230388045,-1,-1
UVccH,0.006403297002173998,50.0,0.06592357705722422,SGD,relu,3.198945794578699e-05,154.0,16.0,0.7,0.15,200.0,40.0,0.5379692077621583,0.06577310836470601,-1,-1
Tn1fS,9.690636699799498e-05,10.0,0.09312048283935456,adam,relu,9.318637223421181e-05,177.0,122.0,0.7,0.15,200.0,13.0,0.5723521241123286,0.08047432746989135,-1,-1
Rs41J,0.00015927467538946679,70.0,0.10461420807469377,adam,tanh,6.739731790093212e-05,184.0,107.0,0.7,0.15,200.0,23.0,0.5912792844929327,0.02956717669022619,-1,-1
K9ywG,0.0006038363545298588,30.0,0.013142474557814116,adam,relu,1.1415262383181825e-05,195.0,116.0,0.7,0.15,200.0,14.0,0.643225485996176,0.05560393367113004,-1,-1
ZcP5A,1.5487602214930984e-05,30.0,0.012470834127842587,adam,elu,1.0609614489769676e-05,174.0,134.0,0.7,0.15,200.0,12.0,0.49102646806995265,0.05249359435826244,-1,-1
DbSry,7.096249345222209e-05,30.0,0.017286163068314396,adam,relu,9.684807637964353e-07,192.0,151.0,0.7,0.15,200.0,11.0,0.5410726792185521,0.06453204635647287,-1,-1
S8CHA,0.0005295155186230817,30.0,0.0075131475796005355,adam,tanh,1.538042615786274e-05,83.0,162.0,0.7,0.15,200.0,57.0,0.5675786470740463,0.07037700643410766,-1,-1
zjFVM,0.00019110172090220132,30.0,0.019453840712520935,adam,relu,9.653264986831315e-06,143.0,145.0,0.7,0.15,200.0,14.0,0.689308458428074,0.03684264491655793,-1,-1
L6o3C,2.079883290504529e-05,30.0,0.019211916821862848,adam,relu,2.3584668004026636e-06,144.0,184.0,0.7,0.15,200.0,15.0,0.5020533800263716,0.037592040180749714,-1,-1
B48Gn,3.7263009099697896e-05,30.0,0.003804026336544617,SGD,tanh,8.045293602371375e-06,134.0,143.0,0.7,0.15,200.0,43.0,0.4750351838720183,0.03529344118746168,-1,-1
mFk10,0.00012309524618867748,30.0,0.034838474739457864,adam,relu,5.2493272646407555e-06,141.0,166.0,0.7,0.15,200.0,10.0,0.5453735429428319,0.055156339506970097,-1,-1
KSQMU,0.44726167943156747,30.0,0.01028742502339594,adam,tanh,1.729125235235049e-05,151.0,158.0,0.7,0.15,200.0,17.0,0.4845771273048432,0.02756147715272442,-1,-1
jvkxM,5.183490421146533e-05,30.0,0.02866975063389549,adam,relu,1.0746413230690971e-05,107.0,174.0,0.7,0.15,200.0,14.0,0.5252974817238163,0.06728267686735745,-1,-1
Wnu6z,8.698041918328018e-05,30.0,0.0005982391830009932,adam,elu,1.2938299310553868e-05,124.0,194.0,0.7,0.15,200.0,50.0,0.5938520838371406,0.1059618895695178,-1,-1
wuL6W,0.00018392511165586458,30.0,0.02038562627000129,adam,relu,3.0917802935674098e-06,115.0,176.0,0.7,0.15,200.0,11.0,0.5849024549802058,0.08526636833794975,-1,-1
WhVwm,3.090533148850799e-05,30.0,0.01455317477570102,adam,tanh,2.0537645392278123e-05,130.0,168.0,0.7,0.15,200.0,55.0,0.5914572478398772,0.0467084445090877,-1,-1
SqLIZ,0.00023123992211820002,30.0,0.022573265250660227,adam,relu,9.325843255861208e-06,149.0,154.0,0.7,0.15,200.0,37.0,0.5976756578796492,0.04296945751768654,-1,-1
jd3Qc,2.508154786118027e-05,30.0,0.00818089366351206,SGD,relu,1.3744969122655155e-05,138.0,161.0,0.7,0.15,200.0,41.0,0.48811481918572,0.03094434183352762,-1,-1
im2Xe,4.91529850913526e-05,30.0,0.030245871822395493,adam,tanh,6.795720980521395e-06,155.0,163.0,0.7,0.15,200.0,46.0,0.6105805518962008,0.06843726365866419,-1,-1
k9OT8,6.191948225606191e-05,30.0,0.04141236591278476,adam,relu,2.6253396509170906e-05,160.0,191.0,0.7,0.15,200.0,16.0,0.5474227401422529,0.10731975291126902,-1,-1
Sxh4v,0.00012907959333766585,30.0,0.02630016203114717,adam,tanh,1.8279627462832627e-05,121.0,149.0,0.7,0.15,200.0,48.0,0.5950048275319033,0.034611927075929784,-1,-1
FwIrC,0.0002920348296797831,30.0,0.017401059749252473,adam,relu,9.091386334289309e-07,144.0,152.0,0.7,0.15,200.0,52.0,0.5882386305998683,0.06155350398830085,-1,-1
nsRXZ,1.2791042265812376e-05,30.0,0.03687310577275833,adam,relu,8.231849384344287e-06,165.0,155.0,0.7,0.15,200.0,64.0,0.4825297116888255,0.03506672885245322,-1,-1
BB4U8,0.1317903077525126,30.0,0.005747143995366841,adam,elu,1.477277014043568e-05,137.0,172.0,0.7,0.15,200.0,12.0,0.48400314887577983,0.0379981451616649,-1,-1
KRw0a,0.00010565398788524751,30.0,0.034155635324260566,adam,tanh,2.4158021739815197e-05,101.0,184.0,0.7,0.15,200.0,53.0,0.6053869419705592,0.06663943985020478,-1,-1
jvACv,0.0003880285372347877,30.0,0.04486233375769169,SGD,relu,4.766312690323004e-08,148.0,147.0,0.7,0.15,200.0,45.0,0.5063702855503942,0.02144242729843904,-1,-1
dj2QS,0.09247479446008344,30.0,0.022667350440466468,adam,relu,1.0713993145708322e-05,157.0,178.0,0.7,0.15,200.0,42.0,0.5054474184540116,0.007905451956160586,-1,-1
X0d2J,7.519877381207385e-05,30.0,0.02554425962119541,adam,tanh,4.7263747246676275e-06,131.0,168.0,0.7,0.15,200.0,14.0,0.6200652809021663,0.02532040642620002,-1,-1
zZc4B,3.8774679816607106e-05,50.0,0.003784843409603309,adam,relu,2.8140989312521246e-05,143.0,144.0,0.7,0.15,200.0,49.0,0.43470034573324917,0.07813441924215508,-1,-1
IOati,0.00022663522493575683,30.0,0.03154094327596083,adam,tanh,2.0335848939250008e-05,152.0,47.0,0.7,0.15,200.0,10.0,0.5791396795238308,0.07804808212413976,-1,-1
VqSG3,5.0296839164258306e-06,50.0,0.023048653236137445,adam,relu,1.8767185775667014e-05,161.0,138.0,0.7,0.15,200.0,17.0,0.4885202560524219,0.023469535219849284,-1,-1
UuZa0,1.8646541439682776e-05,5.0,0.008650836826655545,adam,elu,1.6766426786030133e-05,126.0,159.0,0.7,0.15,200.0,32.0,0.5998854894537681,0.06231697437281045,-1,-1
aY4Su,0.00016126940234959623,100.0,0.015437215583475654,adam,relu,6.069907271668284e-06,118.0,188.0,0.7,0.15,200.0,44.0,0.6089893920187466,0.07636806616288087,-1,-1
RfviS,9.172792727731502e-05,50.0,0.03766278091369191,SGD,tanh,1.3016580493153814e-05,135.0,140.0,0.7,0.15,200.0,18.0,0.46945507185045604,0.027739501383189015,-1,-1
j8f0H,0.00032305126560941427,30.0,0.011870462758177758,adam,relu,2.250627416915528e-05,141.0,164.0,0.7,0.15,200.0,39.0,0.6022852997956919,0.059118452402604854,-1,-1
VK3Ln,6.554683818304413e-05,70.0,0.0003752411648543959,adam,relu,1.6644771378685403e-05,146.0,30.0,0.7,0.15,200.0,21.0,0.5114490849350456,0.06235326148731023,-1,-1
wRNnI,0.0004506144399265961,50.0,0.062353317770360205,adam,tanh,6.587701717747664e-06,93.0,23.0,0.7,0.15,200.0,51.0,0.6080469208839798,0.03903482966051214,-1,-1
szzWq,3.7805934735740183e-06,30.0,0.017779197220315388,adam,relu,1.6717412341018209e-06,169.0,42.0,0.7,0.15,200.0,13.0,0.4698786236778658,0.01722780351403713,-1,-1
CBt4n,2.441775398497464e-05,50.0,0.029211514831111007,adam,tanh,1.2937705950761002e-05,153.0,181.0,0.7,0.15,200.0,15.0,0.5189164015529105,0.04037087890603964,-1,-1
tLmDw,0.00014201876200480062,5.0,0.04083786053796338,adam,relu,9.216554107195802e-06,112.0,10.0,0.7,0.15,200.0,26.0,0.5467894881609414,0.06382129934173982,-1,-1
RIVZ0,0.00010457331280692654,30.0,0.07849096134244607,adam,relu,2.6318300524526503e-05,128.0,37.0,0.7,0.15,200.0,36.0,0.5745674742688232,0.07950695516744881,-1,-1
NqJVi,0.00020536873752595848,100.0,0.04978538718879412,SGD,elu,3.0814364913051816e-05,157.0,49.0,0.7,0.15,200.0,58.0,0.4665157225120211,0.022526574022986575,-1,-1
Qk6Dt,4.2486827849144534e-05,50.0,0.07066317847249681,adam,tanh,4.402130775176742e-06,166.0,13.0,0.7,0.15,200.0,33.0,0.5362036813337638,0.049428023535269865,-1,-1
JZPW8,0.00027848886038376957,70.0,0.05371795191410117,adam,relu,2.106589695494031e-05,104.0,156.0,0.7,0.15,200.0,70.0,0.5905886273019683,0.04913872063140677,-1,-1
gMpNB,0.0001770539581943806,30.0,0.021354309951320583,adam,relu,2.266718224601692e-05,150.0,17.0,0.7,0.15,200.0,12.0,0.6020827038687849,0.023078562093244867,-1,-1
sX3rO,0.0006246418470491372,30.0,0.014243080491910245,adam,relu,1.2451896760013693e-05,163.0,126.0,0.7,0.15,200.0,16.0,0.6145010655806111,0.05724679462002324,-1,-1
sgPvI,0.000714340241494749,30.0,0.010366974866827873,adam,relu,1.5315014217807333e-05,172.0,119.0,0.7,0.15,200.0,14.0,0.6083595960033817,0.04760203748627873,-1,-1
ofqp6,0.0003793125295293567,30.0,0.0025181297462522415,adam,relu,9.323360484692417e-06,159.0,133.0,0.7,0.15,200.0,10.0,0.5360394167994326,0.05276953444710856,-1,-1
xCXth,0.0005228513953937333,30.0,0.01624514939409831,adam,relu,2.789062768258422e-08,179.0,131.0,0.7,0.15,200.0,13.0,0.5964822487926873,0.07115013095292091,-1,-1
c5HAi,0.0008003608839679078,30.0,0.00575358331278053,adam,relu,7.984761883925085e-06,154.0,114.0,0.7,0.15,200.0,17.0,0.6184522413456831,0.05860270653365456,-1,-1
u1H7t,0.00020824682703326672,30.0,0.013709093814836421,adam,relu,1.2092934284082576e-05,140.0,136.0,0.7,0.15,200.0,20.0,0.5732185852749698,0.0707609287023295,-1,-1
Hl6tU,0.00029370405697316386,30.0,0.019280449161544123,adam,relu,3.5361873609966546e-06,146.0,121.0,0.7,0.15,200.0,11.0,0.5631049258518803,0.09089474703322967,-1,-1
JExXk,0.00039666201289973883,30.0,0.01079632225554467,adam,relu,1.5262952293363944e-05,167.0,110.0,0.7,0.15,200.0,15.0,0.5296789549442418,0.047820153078313395,-1,-1
Lx3Kq,0.0005799299002437175,30.0,0.026048588658805716,adam,relu,1.840518157765137e-05,134.0,128.0,0.7,0.15,200.0,18.0,0.5645364219503342,0.03964442491479152,-1,-1
ueZf9,0.00013251552663103488,30.0,0.006606835836063483,adam,relu,1.1196985269051195e-05,175.0,115.0,0.7,0.15,200.0,14.0,0.6287831520650016,0.03859958489164084,-1,-1
c0nJ7,0.00099096033502687,30.0,0.019853692802130687,adam,relu,6.300278791695901e-06,160.0,118.0,0.7,0.15,200.0,19.0,0.5905168953870583,0.06715335797197866,-1,-1
jqIsh,8.201663545683145e-05,30.0,0.027016130160291356,adam,relu,2.5186463867099435e-06,151.0,124.0,0.7,0.15,200.0,12.0,0.5824845094260027,0.0661760992982451,-1,-1
Vgcuc,0.00025238088934474663,30.0,0.03189536824786729,adam,relu,7.801537707975204e-06,164.0,144.0,0.7,0.15,200.0,16.0,0.6089555135176251,0.07049079084450018,-1,-1
ZcjUm,0.00017180586294566772,30.0,0.012662488667978113,adam,relu,1.5027600083454914e-05,171.0,131.0,0.7,0.15,200.0,10.0,0.5527734465531674,0.03135012726791329,-1,-1
dRWnS,0.00041725435282348623,30.0,0.008715846592685095,adam,relu,1.9758794505658085e-05,123.0,149.0,0.7,0.15,200.0,18.0,0.5954002091747304,0.0313112654204195,-1,-1
JIwUF,0.30351242888003327,30.0,0.02513452429922178,adam,relu,1.220617893738868e-05,181.0,138.0,0.7,0.15,200.0,14.0,0.4971298021586762,0.0027589344582616498,-1,-1
A2zhb,0.0013951728360889323,30.0,0.0212369991521828,adam,relu,3.949199432498442e-06,143.0,104.0,0.7,0.15,200.0,20.0,0.5741086529235719,0.06853602172224765,-1,-1
Bj8pm,0.00010634424413936069,30.0,0.033441997112445165,adam,relu,2.469540312713102e-05,138.0,97.0,0.7,0.15,200.0,22.0,0.6127658253273217,0.07134032714901928,-1,-1
DRalk,0.0008155992507937354,30.0,0.015238623564329243,adam,relu,8.7927753369563e-06,158.0,126.0,0.7,0.15,200.0,11.0,0.5738710325679044,0.027404753950479647,-1,-1
aR0V3,0.0002971197922914755,30.0,0.01841284686713171,adam,relu,1.0302685382968543e-05,156.0,141.0,0.7,0.15,200.0,17.0,0.5668074970192503,0.05878985979672853,-1,-1
KLTnq,0.0005743879041531006,30.0,0.029932215998302675,adam,relu,1.8029123203621048e-06,149.0,116.0,0.7,0.15,200.0,15.0,0.5702744124494126,0.05220298146218339,-1,-1
cA8Kt,6.189678127264302e-05,30.0,0.004103657460981899,adam,relu,1.643485566377421e-05,146.0,120.0,0.7,0.15,200.0,21.0,0.4855944472149914,0.10516401455150282,-1,-1
nFkfr,0.00013517748958732462,30.0,0.021983623868258084,adam,relu,4.579982141570109e-06,170.0,100.0,0.7,0.15,200.0,12.0,0.6131090958689367,0.09579890529407822,-1,-1
j7Jpy,0.0017039877078399018,30.0,0.013263831563603213,adam,relu,3.637628998623727e-07,131.0,113.0,0.7,0.15,200.0,13.0,0.5661406422965297,0.03995641470922195,-1,-1
h3Gid,0.00021242442736722723,50.0,0.0002290819845636033,adam,relu,2.800417649221859e-05,162.0,133.0,0.7,0.15,200.0,16.0,0.5911176182826193,0.10900070152942122,-1,-1
dcK9X,0.0024653825348906226,30.0,0.03499309017491506,adam,relu,1.775610188825029e-05,186.0,109.0,0.7,0.15,200.0,17.0,0.6264176984623192,0.07318840100812472,-1,-1
crXpw,0.0003251972133827236,50.0,0.04802483928099505,adam,relu,6.3994082784756e-06,176.0,123.0,0.7,0.15,200.0,19.0,0.607751424104783,0.059628542915549164,-1,-1
OD1fX,0.0005300995237338941,30.0,0.009180558934620978,adam,relu,1.0877384116326689e-05,140.0,146.0,0.7,0.15,200.0,22.0,0.5757122148282345,0.07406052659459872,-1,-1
d5oKv,0.0011330744981029245,5.0,0.016424241132221545,adam,relu,2.1214670932620033e-05,166.0,135.0,0.7,0.15,200.0,46.0,0.582561270193282,0.039025387066306226,-1,-1
