ID,Tag,Group
B001VVC-STOOL-T1-rep-1,0.0,B001VVC
B002LA-STOOL-T1-rep-1,0.0,B002LA
B002LA-STOOL-T1-rep-2,0.0,B002LA
B003SC-STOOL-T1-rep-1,0.0,B003SC
B003SC-STOOL-T2-rep-1,0.0,B003SC
B004GS-STOOL-T1-rep-1,0.0,B004GS
B004GS-STOOL-T3-rep-1,0.0,B004GS
B005YS-STOOL-T1-rep-1,0.0,B005YS
B006TR-STOOL-T1-rep-1,0.0,B006TR
B006TR-STOOL-T1-rep-2,0.0,B006TR
B007AP-STOOL-T1-rep-1,0.0,B007AP
B007AP-STOOL-T2-rep-1,0.0,B007AP
B007AP-STOOL-T2-rep-2,0.0,B007AP
B008AB-STOOL-T1-rep-1,1.0,B008AB
B008AB-STOOL-T1-rep-2,1.0,B008AB
B008AB-STOOL-T1-rep-3,1.0,B008AB
B009HM-STOOL-T1-rep-1,0.0,B009HM
B009HM-STOOL-T3-rep-1,0.0,B009HM
B010SF-STOOL-T1-rep-1,0.0,B010SF
B010SF-STOOL-T2-rep-1,0.0,B010SF
B010SF-STOOL-T3-rep-1,0.0,B010SF
B011SY-STOOL-T1-rep-1,0.0,B011SY
B011SY-STOOL-T2-rep-1,0.0,B011SY
B011SY-STOOL-T3-rep-1,0.0,B011SY
B012YK-STOOL-T1-rep-1,0.0,B012YK
B012YK-STOOL-T1-rep-2,0.0,B012YK
B012YK-STOOL-T2-rep-1,0.0,B012YK
B012YK-STOOL-T2-rep-2,0.0,B012YK
B012YK-STOOL-T3-rep-1,0.0,B012YK
B012YK-STOOL-T3-rep-2,0.0,B012YK
B013HN-STOOL-T1-rep-1,0.0,B013HN
B013HN-STOOL-T1-rep-2,0.0,B013HN
B013HN-STOOL-T2-rep-1,0.0,B013HN
B013HN-STOOL-T3-rep-1,0.0,B013HN
B014ML-STOOL-T1-rep-1,0.0,B014ML
B014ML-STOOL-T1-rep-2,0.0,B014ML
B014ML-STOOL-T2-rep-1,0.0,B014ML
B014ML-STOOL-T3-rep-1,0.0,B014ML
B015SZ-STOOL-T1-rep-1,1.0,B015SZ
B015SZ-STOOL-T1-rep-2,1.0,B015SZ
B015SZ-STOOL-T1-rep-3,1.0,B015SZ
B015SZ-STOOL-T2-rep-1,1.0,B015SZ
B016RN-STOOL-T1-rep-1,0.0,B016RN
B016RN-STOOL-T2-rep-1,0.0,B016RN
B017MT-STOOL-T1-rep-1,0.0,B017MT
B018DB-STOOL-T1-rep-1,0.0,B018DB
B018DB-STOOL-T2-rep-1,0.0,B018DB
B018DB-STOOL-T3-rep-1,0.0,B018DB
B019AV-STOOL-T1-rep-1,0.0,B019AV
B019AV-STOOL-T2-rep-1,0.0,B019AV
B020MS-STOOL-T1-rep-1,0.0,B020MS
B020MS-STOOL-T2-rep-1,0.0,B020MS
B020MS-STOOL-T3-rep-1,0.0,B020MS
B2001HA-STOOL-T2-rep-1,1.0,B2001HA
B2001HA-STOOL-T2-rep-2,1.0,B2001HA
B2003YB-STOOL-T2-rep-1,1.0,B2003YB
B2004OM-STOOL-T2-rep-1,1.0,B2004OM
B2007OL-STOOL-T2-rep-1,1.0,B2007OL
B2008SS-STOOL-T2-rep-1,1.0,B2008SS
B2008SS-STOOL-T2-rep-2,1.0,B2008SS
B2011MN-STOOL-T1-rep-1,1.0,B2011MN
B2011MN-STOOL-T2-rep-1,1.0,B2011MN
B2012MV-STOOL-T2-rep-1,1.0,B2012MV
B2013ND-STOOL-T1-rep-1,1.0,B2013ND
B2013ND-STOOL-T2-rep-1,1.0,B2013ND
B2013ND-STOOL-T2-rep-2,1.0,B2013ND
B2013ND-STOOL-T3-rep-1,1.0,B2013ND
B2013ND-STOOL-T3-rep-2,1.0,B2013ND
B2014HE-STOOL-T1-rep-1,1.0,B2014HE
B2014HE-STOOL-T2-rep-1,1.0,B2014HE
B2015AT-STOOL-T2-rep-1,1.0,B2015AT
B2015AT-STOOL-T3-rep-1,1.0,B2015AT
B2015AT-STOOL-T3-rep-2,1.0,B2015AT
B2016MH-STOOL-T2-rep-1,1.0,B2016MH
B2017IBH-STOOL-T3-rep-1,1.0,B2017IBH
B2018LV-STOOL-T2-rep-1,1.0,B2018LV
B2019MD-STOOL-T2-rep-1,1.0,B2019MD
B2019MD-STOOL-T3-rep-1,1.0,B2019MD
B2020LM-STOOL-T2-rep-1,1.0,B2020LM
B2021EB-STOOL-T2-rep-1,1.0,B2021EB
B2021EB-STOOL-T3-rep-1,1.0,B2021EB
B2022AK-STOOL-T2-rep-1,1.0,B2022AK
B2023SY-STOOL-T2-rep-1,1.0,B2023SY
B2024KK-STOOL-T2-rep-1,1.0,B2024KK
B2026EG-STOOL-T1-rep-1,1.0,B2026EG
B2026EG-STOOL-T1-rep-2,1.0,B2026EG
B2026EG-STOOL-T2-rep-1,1.0,B2026EG
B2026EG-STOOL-T2-rep-2,1.0,B2026EG
B2026EG-STOOL-T3-rep-1,1.0,B2026EG
B2028EM-STOOL-T2-rep-1,1.0,B2028EM
B2029RE-STOOL-T3-rep-1,1.0,B2029RE
B2031EB-STOOL-T2-rep-1,1.0,B2031EB
B2034NH-STOOL-T2-rep-1,1.0,B2034NH
B2035LH-STOOL-T3-rep-1,1.0,B2035LH
B2036NA-STOOL-T2-rep-1,1.0,B2036NA
B2037SMH-STOOL-T2-rep-1,1.0,B2037SMH
B2038HH-STOOL-T2-rep-1,1.0,B2038HH
B2038HH-STOOL-T3-rep-1,1.0,B2038HH
B2038HH-STOOL-T3-rep-2,1.0,B2038HH
B2038HH-STOOL-T3-rep-3,1.0,B2038HH
B2039CA-STOOL-T2-rep-1,1.0,B2039CA
B2040SE-STOOL-T2-rep-1,1.0,B2040SE
B2041BM-STOOL-T2-rep-1,1.0,B2041BM
B2042YS-STOOL-T2-rep-1,1.0,B2042YS
B2043RT-STOOL-T2-rep-1,1.0,B2043RT
B2043RT-STOOL-T3-rep-1,1.0,B2043RT
B2043RT-STOOL-T3-rep-2,1.0,B2043RT
B2043RT-STOOL-T3-rep-3,1.0,B2043RT
B2044YZ-STOOL-T3-rep-1,1.0,B2044YZ
B2045VVC-STOOL-T2-rep-1,1.0,B2045VVC
B2045VVC-STOOL-T3-rep-1,1.0,B2045VVC
C001LK-STOOL-T1-rep-1,0.0,C001LK
C001LK-STOOL-T2-rep-1,0.0,C001LK
C002SA-STOOL-T1-rep-1,0.0,C002SA
C004DK-STOOL-T1-rep-1,1.0,C004DK
C004DK-STOOL-T2-rep-1,1.0,C004DK
C007TO-STOOL-T1-rep-1,0.0,C007TO
C007TO-STOOL-T1-rep-2,0.0,C007TO
C008LM-STOOL-T1-rep-1,0.0,C008LM
C009AZ-STOOL-T1-rep-1,0.0,C009AZ
C009AZ-STOOL-T2-rep-1,0.0,C009AZ
C009AZ-STOOL-T2-rep-2,0.0,C009AZ
C009AZ-STOOL-T3-rep-1,0.0,C009AZ
C010LV-STOOL-T1-rep-1,0.0,C010LV
C010LV-STOOL-T2-rep-1,0.0,C010LV
C011NK-STOOL-T1-rep-1,0.0,C011NK
C011NK-STOOL-T3-rep-1,0.0,C011NK
C012RV-STOOL-T1-rep-1,0.0,C012RV
C012RV-STOOL-T1-rep-2,0.0,C012RV
C013NN-STOOL-T1-rep-1,0.0,C013NN
C013NN-STOOL-T2-rep-1,0.0,C013NN
C016SK-STOOL-T1-rep-1,0.0,C016SK
C017HO-STOOL-T2-rep-1,0.0,C017HO
C020IV-STOOL-T1-rep-1,0.0,C020IV
C020IV-STOOL-T2-rep-1,0.0,C020IV
C022DY-STOOL-T1-rep-1,0.0,C022DY
C022DY-STOOL-T3-rep-1,0.0,C022DY
C024LF-STOOL-T1-rep-1,0.0,C024LF
C024LF-STOOL-T1-rep-2,0.0,C024LF
C025DN-STOOL-T1-rep-1,0.0,C025DN
C028KK-STOOL-T1-rep-1,1.0,C028KK
C028KK-STOOL-T1-rep-2,1.0,C028KK
C028KK-STOOL-T2-rep-1,1.0,C028KK
C029GS-STOOL-T1-rep-1,0.0,C029GS
C029GS-STOOL-T3-rep-1,0.0,C029GS
C032YM-STOOL-T1-rep-1,0.0,C032YM
C032YM-STOOL-T2-rep-1,0.0,C032YM
C032YM-STOOL-T3-rep-1,0.0,C032YM
C032YM-STOOL-T3-rep-2,0.0,C032YM
C033HB-STOOL-T1-rep-1,0.0,C033HB
C033HB-STOOL-T2-rep-1,0.0,C033HB
H001EA-STOOL-T1-rep-1,0.0,H001EA
H001EA-STOOL-T1-rep-2,0.0,H001EA
H001EA-STOOL-T2-rep-1,0.0,H001EA
H001EA-STOOL-T3-rep-1,0.0,H001EA
H002KC-STOOL-T1-rep-1,0.0,H002KC
H002KC-STOOL-T1-rep-2,0.0,H002KC
H002KC-STOOL-T1-rep-3,0.0,H002KC
H003IA-STOOL-T1-rep-1,0.0,H003IA
H003IA-STOOL-T1-rep-2,0.0,H003IA
H003IA-STOOL-T2-rep-1,0.0,H003IA
H004RA-STOOL-T1-rep-1,0.0,H004RA
H004RA-STOOL-T1-rep-2,0.0,H004RA
H004RA-STOOL-T1-rep-3,0.0,H004RA
H004RA-STOOL-T3-rep-1,0.0,H004RA
H004RA-STOOL-T3-rep-2,0.0,H004RA
H005MI-STOOL-T1-rep-1,0.0,H005MI
H005MI-STOOL-T2-rep-1,0.0,H005MI
H005MI-STOOL-T2-rep-2,0.0,H005MI
H005MI-STOOL-T3-rep-1,0.0,H005MI
H006AK-STOOL-T1-rep-1,1.0,H006AK
H006AK-STOOL-T1-rep-2,1.0,H006AK
H006AK-STOOL-T1-rep-3,1.0,H006AK
H006AK-STOOL-T3-rep-1,1.0,H006AK
H008YP-STOOL-T1-rep-1,1.0,H008YP
H009AC-STOOL-T1-rep-1,0.0,H009AC
H011AA-STOOL-T1-rep-1,0.0,H011AA
H012DK-STOOL-T1-rep-1,0.0,H012DK
H012DK-STOOL-T2-rep-1,0.0,H012DK
H014NG-STOOL-T1-rep-1,0.0,H014NG
H015AK-STOOL-T1-rep-1,0.0,H015AK
H016TT-STOOL-T1-rep-1,0.0,H016TT
H017LH-STOOL-T1-rep-1,1.0,H017LH
H017LH-STOOL-T1-rep-2,1.0,H017LH
H017LH-STOOL-T1-rep-3,1.0,H017LH
H017LH-STOOL-T2-rep-1,1.0,H017LH
H017LH-STOOL-T3-rep-1,1.0,H017LH
H019PS-STOOL-T1-rep-1,0.0,H019PS
H019PS-STOOL-T1-rep-2,0.0,H019PS
H019PS-STOOL-T1-rep-3,0.0,H019PS
H019PS-STOOL-T2-rep-1,0.0,H019PS
H019PS-STOOL-T3-rep-1,0.0,H019PS
H020LZ-STOOL-T1-rep-1,0.0,H020LZ
H020LZ-STOOL-T1-rep-2,0.0,H020LZ
H020LZ-STOOL-T1-rep-3,0.0,H020LZ
H021AH-STOOL-T1-rep-1,0.0,H021AH
H021AH-STOOL-T3-rep-1,0.0,H021AH
H022II-STOOL-T1-rep-1,0.0,H022II
H022II-STOOL-T3-rep-1,0.0,H022II
H024HC-STOOL-T1-rep-1,0.0,H024HC
H026SD-STOOL-T1-rep-1,0.0,H026SD
H027HB-STOOL-T2-rep-1,1.0,H027HB
H027HB-STOOL-T2-rep-2,1.0,H027HB
H028SS-STOOL-T1-rep-1,0.0,H028SS
H028SS-STOOL-T2-rep-1,0.0,H028SS
H028SS-STOOL-T3-rep-1,0.0,H028SS
H030YY-STOOL-T1-rep-1,0.0,H030YY
H030YY-STOOL-T1-rep-2,0.0,H030YY
H033RB-STOOL-T1-rep-1,0.0,H033RB
H035RM-STOOL-T1-rep-1,0.0,H035RM
H035RM-STOOL-T1-rep-2,0.0,H035RM
H035RM-STOOL-T3-rep-1,0.0,H035RM
H036OB-STOOL-T1-rep-1,0.0,H036OB
H037RM-STOOL-T1-rep-1,0.0,H037RM
H037RM-STOOL-T1-rep-2,0.0,H037RM
H037RM-STOOL-T1-rep-3,0.0,H037RM
H037RM-STOOL-T2-rep-1,0.0,H037RM
H037RM-STOOL-T3-rep-1,0.0,H037RM
H038DA-STOOL-T1-rep-1,0.0,H038DA
H038DA-STOOL-T3-rep-1,0.0,H038DA
H039OH-STOOL-T1-rep-1,0.0,H039OH
H039OH-STOOL-T1-rep-2,0.0,H039OH
H039OH-STOOL-T2-rep-1,0.0,H039OH
H041MA-STOOL-T1-rep-1,0.0,H041MA
H042MS-STOOL-T1-rep-1,0.0,H042MS
H043EI-STOOL-T1-rep-1,0.0,H043EI
H043EI-STOOL-T2-rep-1,0.0,H043EI
H043EI-STOOL-T3-rep-1,0.0,H043EI
H044YR-STOOL-T1-rep-1,0.0,H044YR
H044YR-STOOL-T3-rep-1,0.0,H044YR
H045RS-STOOL-T1-rep-1,0.0,H045RS
H045RS-STOOL-T3-rep-1,0.0,H045RS
H045RS-STOOL-T3-rep-2,0.0,H045RS
H046SK-STOOL-T1-rep-1,0.0,H046SK
H046SK-STOOL-T3-rep-1,0.0,H046SK
H046SK-STOOL-T3-rep-2,0.0,H046SK
H047HK-STOOL-T1-rep-1,0.0,H047HK
H047HK-STOOL-T2-rep-1,0.0,H047HK
H047HK-STOOL-T2-rep-2,0.0,H047HK
H048OA-STOOL-T1-rep-1,0.0,H048OA
H049LH-STOOL-T1-rep-1,0.0,H049LH
H049LH-STOOL-T2-rep-1,0.0,H049LH
H049LH-STOOL-T3-rep-1,0.0,H049LH
H049LH-STOOL-T3-rep-2,0.0,H049LH
H050ER-STOOL-T1-rep-1,0.0,H050ER
H050ER-STOOL-T1-rep-2,0.0,H050ER
H050ER-STOOL-T1-rep-3,0.0,H050ER
H050ER-STOOL-T3-rep-1,0.0,H050ER
H050ER-STOOL-T3-rep-2,0.0,H050ER
H051TZ-STOOL-T1-rep-1,0.0,H051TZ
H052MS-STOOL-T1-rep-1,1.0,H052MS
H052MS-STOOL-T3-rep-1,1.0,H052MS
H053RS-STOOL-T1-rep-1,0.0,H053RS
H055SA-STOOL-T1-rep-1,0.0,H055SA
H055SA-STOOL-T3-rep-1,0.0,H055SA
H056KL-STOOL-T1-rep-1,1.0,H056KL
H056KL-STOOL-T1-rep-2,1.0,H056KL
H056KL-STOOL-T1-rep-3,1.0,H056KL
H056KL-STOOL-T1-rep-4,1.0,H056KL
H056KL-STOOL-T3-rep-1,1.0,H056KL
H057EE-STOOL-T1-rep-1,0.0,H057EE
H057EE-STOOL-T3-rep-1,0.0,H057EE
H058SB-STOOL-T1-rep-1,0.0,H058SB
H058SB-STOOL-T2-rep-1,0.0,H058SB
H058SB-STOOL-T3-rep-1,0.0,H058SB
H058SB-STOOL-T3-rep-2,0.0,H058SB
H059DO-STOOL-T1-rep-1,1.0,H059DO
H059DO-STOOL-T2-rep-1,1.0,H059DO
H059DO-STOOL-T3-rep-1,1.0,H059DO
H059DO-STOOL-T3-rep-2,1.0,H059DO
H060GE-STOOL-T1-rep-1,0.0,H060GE
H060GE-STOOL-T3-rep-1,0.0,H060GE
H061RN-STOOL-T1-rep-1,1.0,H061RN
H061RN-STOOL-T1-rep-2,1.0,H061RN
H064RK-STOOL-T1-rep-1,0.0,H064RK
H064RK-STOOL-T1-rep-2,0.0,H064RK
H066DM-STOOL-T3-rep-1,0.0,H066DM
H067EL-STOOL-T1-rep-1,0.0,H067EL
H067EL-STOOL-T1-rep-2,0.0,H067EL
H069MT-STOOL-T2-rep-1,0.0,H069MT
H069MT-STOOL-T3-rep-1,0.0,H069MT
H072AO-STOOL-T1-rep-1,0.0,H072AO
H072AO-STOOL-T2-rep-1,0.0,H072AO
H073RGL-STOOL-T3-rep-1,0.0,H073RGL
H074NT-STOOL-T1-rep-1,0.0,H074NT
H074NT-STOOL-T2-rep-1,0.0,H074NT
H074NT-STOOL-T3-rep-1,0.0,H074NT
H075YT-STOOL-T1-rep-1,0.0,H075YT
H075YT-STOOL-T1-rep-2,0.0,H075YT
H076RA-STOOL-T2-rep-1,0.0,H076RA
H077RO-STOOL-T2-rep-1,0.0,H077RO
H078LR-STOOL-T2-rep-1,0.0,H078LR
H078LR-STOOL-T3-rep-1,0.0,H078LR
H079NG-STOOL-T1-rep-1,1.0,H079NG
H079NG-STOOL-T1-rep-2,1.0,H079NG
H079NG-STOOL-T2-rep-1,1.0,H079NG
H079NG-STOOL-T3-rep-1,1.0,H079NG
H079NG-STOOL-T3-rep-2,1.0,H079NG
H081TS-STOOL-T2-rep-1,0.0,H081TS
H081TS-STOOL-T3-rep-1,0.0,H081TS
H082LS-STOOL-T1-rep-1,0.0,H082LS
H082LS-STOOL-T2-rep-1,0.0,H082LS
H083BG-STOOL-T2-rep-1,0.0,H083BG
H084NBD-STOOL-T1-rep-1,0.0,H084NBD
H086HZ-STOOL-T1-rep-1,0.0,H086HZ
H086HZ-STOOL-T2-rep-1,0.0,H086HZ
H087MA-STOOL-T2-rep-1,0.0,H087MA
H087MA-STOOL-T3-rep-1,0.0,H087MA
H087MA-STOOL-T3-rep-2,0.0,H087MA
H088LAT-STOOL-T1-rep-1,0.0,H088LAT
H089AG-STOOL-T2-rep-1,0.0,H089AG
H089AG-STOOL-T3-rep-1,0.0,H089AG
H090VP-STOOL-T1-rep-1,0.0,H090VP
H090VP-STOOL-T2-rep-1,0.0,H090VP
H090VP-STOOL-T3-rep-1,0.0,H090VP
H091GP-STOOL-T2-rep-1,0.0,H091GP
H091GP-STOOL-T2-rep-2,0.0,H091GP
H091GP-STOOL-T3-rep-1,0.0,H091GP
H092RN-STOOL-T1-rep-1,0.0,H092RN
H092RN-STOOL-T1-rep-2,0.0,H092RN
H092RN-STOOL-T1-rep-3,0.0,H092RN
H092RN-STOOL-T1-rep-4,0.0,H092RN
H092RN-STOOL-T2-rep-1,0.0,H092RN
H092RN-STOOL-T2-rep-2,0.0,H092RN
H092RN-STOOL-T3-rep-1,0.0,H092RN
H093NA-STOOL-T1-rep-1,0.0,H093NA
H093NA-STOOL-T3-rep-1,0.0,H093NA
H094AM-STOOL-T1-rep-1,0.0,H094AM
H095TB-STOOL-T1-rep-1,0.0,H095TB
H095TB-STOOL-T2-rep-1,0.0,H095TB
H096MG-STOOL-T1-rep-1,0.0,H096MG
H096MG-STOOL-T2-rep-1,0.0,H096MG
H097DL-STOOL-T1-rep-1,0.0,H097DL
H097DL-STOOL-T2-rep-1,0.0,H097DL
H097DL-STOOL-T3-rep-1,0.0,H097DL
H098YS-STOOL-T1-rep-1,0.0,H098YS
H098YS-STOOL-T2-rep-1,0.0,H098YS
H098YS-STOOL-T3-rep-1,0.0,H098YS
H099MA-STOOL-T1-rep-1,0.0,H099MA
H099MA-STOOL-T2-rep-1,0.0,H099MA
H100OK-STOOL-T1-rep-1,0.0,H100OK
H100OK-STOOL-T2-rep-1,0.0,H100OK
H100OK-STOOL-T3-rep-1,0.0,H100OK
H100OK-STOOL-T3-rep-2,0.0,H100OK
H101SV-STOOL-T1-rep-1,0.0,H101SV
H101SV-STOOL-T1-rep-2,0.0,H101SV
H101SV-STOOL-T1-rep-3,0.0,H101SV
H101SV-STOOL-T1-rep-4,0.0,H101SV
H101SV-STOOL-T3-rep-1,0.0,H101SV
H101SV-STOOL-T3-rep-2,0.0,H101SV
H102MH-STOOL-T1-rep-1,0.0,H102MH
H102MH-STOOL-T2-rep-1,0.0,H102MH
H103MH-STOOL-T1-rep-1,0.0,H103MH
H103MH-STOOL-T1-rep-2,0.0,H103MH
H103MH-STOOL-T2-rep-1,0.0,H103MH
H104RS-STOOL-T1-rep-1,0.0,H104RS
H104RS-STOOL-T1-rep-2,0.0,H104RS
H106AP-STOOL-T1-rep-1,0.0,H106AP
H106AP-STOOL-T1-rep-2,0.0,H106AP
H109OS-STOOL-T1-rep-1,0.0,H109OS
H109OS-STOOL-T2-rep-1,0.0,H109OS
H109OS-STOOL-T3-rep-1,0.0,H109OS
H110SA-STOOL-T1-rep-1,0.0,H110SA
H110SA-STOOL-T1-rep-2,0.0,H110SA
H110SA-STOOL-T2-rep-1,0.0,H110SA
H110SA-STOOL-T3-rep-1,0.0,H110SA
H111MA-STOOL-T1-rep-1,0.0,H111MA
H111MA-STOOL-T2-rep-1,0.0,H111MA
H114YA-STOOL-T1-rep-1,1.0,H114YA
H114YA-STOOL-T2-rep-1,1.0,H114YA
H114YA-STOOL-T3-rep-1,1.0,H114YA
H115MF-STOOL-T2-rep-1,1.0,H115MF
H115MF-STOOL-T2-rep-2,1.0,H115MF
H115MF-STOOL-T3-rep-1,1.0,H115MF
H117YS-STOOL-T1-rep-1,0.0,H117YS
H117YS-STOOL-T3-rep-1,0.0,H117YS
H118RK-STOOL-T1-rep-1,0.0,H118RK
H118RK-STOOL-T2-rep-1,0.0,H118RK
H120TB-STOOL-T1-rep-1,0.0,H120TB
H120TB-STOOL-T3-rep-1,0.0,H120TB
H120TB-STOOL-T3-rep-2,0.0,H120TB
H121TB-STOOL-T1-rep-1,0.0,H121TB
H121TB-STOOL-T2-rep-1,0.0,H121TB
H121TB-STOOL-T3-rep-1,0.0,H121TB
H123LC-STOOL-T1-rep-1,1.0,H123LC
H123LC-STOOL-T2-rep-1,1.0,H123LC
H123LC-STOOL-T3-rep-1,1.0,H123LC
H125BE-STOOL-T1-rep-1,0.0,H125BE
H125BE-STOOL-T2-rep-1,0.0,H125BE
H126RA-STOOL-T1-rep-1,0.0,H126RA
H126RA-STOOL-T2-rep-1,0.0,H126RA
H126RA-STOOL-T3-rep-1,0.0,H126RA
H127OA-STOOL-T1-rep-1,0.0,H127OA
H127OA-STOOL-T2-rep-1,0.0,H127OA
H127OA-STOOL-T3-rep-1,0.0,H127OA
H128SS-STOOL-T1-rep-1,1.0,H128SS
H128SS-STOOL-T1-rep-2,1.0,H128SS
H128SS-STOOL-T2-rep-1,1.0,H128SS
H129HL-STOOL-T1-rep-1,0.0,H129HL
H129HL-STOOL-T2-rep-1,0.0,H129HL
H129HL-STOOL-T3-rep-1,0.0,H129HL
H130LP-STOOL-T1-rep-1,0.0,H130LP
H130LP-STOOL-T2-rep-1,0.0,H130LP
H131HP-STOOL-T1-rep-1,0.0,H131HP
H131HP-STOOL-T2-rep-1,0.0,H131HP
H131HP-STOOL-T2-rep-2,0.0,H131HP
H136MO-STOOL-T1-rep-1,0.0,H136MO
H136MO-STOOL-T2-rep-1,0.0,H136MO
H136MO-STOOL-T2-rep-2,0.0,H136MO
H136MO-STOOL-T3-rep-1,0.0,H136MO
H137TP-STOOL-T1-rep-1,0.0,H137TP
H137TP-STOOL-T2-rep-1,0.0,H137TP
H137TP-STOOL-T2-rep-2,0.0,H137TP
H137TP-STOOL-T3-rep-1,0.0,H137TP
H138LG-STOOL-T1-rep-1,0.0,H138LG
H138LG-STOOL-T3-rep-1,0.0,H138LG
H138LG-STOOL-T3-rep-2,0.0,H138LG
H139ZK-STOOL-T1-rep-1,0.0,H139ZK
H139ZK-STOOL-T2-rep-1,0.0,H139ZK
H139ZK-STOOL-T3-rep-1,0.0,H139ZK
H140DD-STOOL-T1-rep-1,0.0,H140DD
H140DD-STOOL-T1-rep-2,0.0,H140DD
H140DD-STOOL-T2-rep-1,0.0,H140DD
H141AL-STOOL-T1-rep-1,0.0,H141AL
H142DB-STOOL-T1-rep-1,0.0,H142DB
H142DB-STOOL-T2-rep-1,0.0,H142DB
H142DB-STOOL-T3-rep-1,0.0,H142DB
H143SK-STOOL-T1-rep-1,0.0,H143SK
H143SK-STOOL-T2-rep-1,0.0,H143SK
H146AH-STOOL-T1-rep-1,0.0,H146AH
H146AH-STOOL-T1-rep-2,0.0,H146AH
H146AH-STOOL-T2-rep-1,0.0,H146AH
H146AH-STOOL-T3-rep-1,0.0,H146AH
H147HS-STOOL-T1-rep-1,0.0,H147HS
H147HS-STOOL-T2-rep-1,0.0,H147HS
H147HS-STOOL-T3-rep-1,0.0,H147HS
H151ME-STOOL-T1-rep-1,0.0,H151ME
H151ME-STOOL-T1-rep-2,0.0,H151ME
H151ME-STOOL-T1-rep-3,0.0,H151ME
H152NS-STOOL-T1-rep-1,0.0,H152NS
H152NS-STOOL-T2-rep-1,0.0,H152NS
H153RB-STOOL-T1-rep-1,0.0,H153RB
H153RB-STOOL-T1-rep-2,0.0,H153RB
H153RB-STOOL-T2-rep-1,0.0,H153RB
H154IM-STOOL-T1-rep-1,1.0,H154IM
H154IM-STOOL-T2-rep-1,1.0,H154IM
H155HH-STOOL-T1-rep-1,0.0,H155HH
H156LB-STOOL-T1-rep-1,0.0,H156LB
H156LB-STOOL-T1-rep-2,0.0,H156LB
H156LB-STOOL-T2-rep-1,0.0,H156LB
H157CY-STOOL-T1-rep-1,0.0,H157CY
H158AG-STOOL-T1-rep-1,0.0,H158AG
H158AG-STOOL-T2-rep-1,0.0,H158AG
H158AG-STOOL-T3-rep-1,0.0,H158AG
H159YB-STOOL-T1-rep-1,0.0,H159YB
H160SK-STOOL-T1-rep-1,0.0,H160SK
H161NE-STOOL-T1-rep-1,0.0,H161NE
H161NE-STOOL-T2-rep-1,0.0,H161NE
H162ML-STOOL-T1-rep-1,0.0,H162ML
H162ML-STOOL-T2-rep-1,0.0,H162ML
H164RG-STOOL-T1-rep-1,0.0,H164RG
H165YB-STOOL-T1-rep-1,0.0,H165YB
H166SE-STOOL-T1-rep-1,0.0,H166SE
H166SE-STOOL-T2-rep-1,0.0,H166SE
H166SE-STOOL-T3-rep-1,0.0,H166SE
H167MB-STOOL-T1-rep-1,1.0,H167MB
H167MB-STOOL-T1-rep-2,1.0,H167MB
H167MB-STOOL-T3-rep-1,1.0,H167MB
H168MB-STOOL-T1-rep-1,0.0,H168MB
H169EA-STOOL-T1-rep-1,0.0,H169EA
H169EA-STOOL-T2-rep-1,0.0,H169EA
H172LA-STOOL-T1-rep-1,0.0,H172LA
H172LA-STOOL-T1-rep-2,0.0,H172LA
H173SV-STOOL-T1-rep-1,0.0,H173SV
H174NB-STOOL-T1-rep-1,0.0,H174NB
H174NB-STOOL-T2-rep-1,0.0,H174NB
H174NB-STOOL-T3-rep-1,0.0,H174NB
H175PO-STOOL-T1-rep-1,0.0,H175PO
H175PO-STOOL-T2-rep-1,0.0,H175PO
H176EL-STOOL-T1-rep-1,1.0,H176EL
H177AY-STOOL-T1-rep-1,0.0,H177AY
H177AY-STOOL-T2-rep-1,0.0,H177AY
H177AY-STOOL-T3-rep-1,0.0,H177AY
H178VG-STOOL-T2-rep-1,0.0,H178VG
H178VG-STOOL-T3-rep-1,0.0,H178VG
H179HH-STOOL-T1-rep-1,0.0,H179HH
H179HH-STOOL-T1-rep-2,0.0,H179HH
H179HH-STOOL-T2-rep-1,0.0,H179HH
H180HL-STOOL-T1-rep-1,1.0,H180HL
H180HL-STOOL-T2-rep-1,1.0,H180HL
H181EY-STOOL-T1-rep-1,0.0,H181EY
H181EY-STOOL-T2-rep-1,0.0,H181EY
H181EY-STOOL-T3-rep-1,0.0,H181EY
H182RP-STOOL-T1-rep-1,0.0,H182RP
H184SA-STOOL-T1-rep-1,0.0,H184SA
H185IB-STOOL-T1-rep-1,0.0,H185IB
H186MV-STOOL-T1-rep-1,0.0,H186MV
H186MV-STOOL-T3-rep-1,0.0,H186MV
H186MV-STOOL-T3-rep-2,0.0,H186MV
H188BD-STOOL-T1-rep-1,0.0,H188BD
H189SH-STOOL-T1-rep-1,0.0,H189SH
H190SF-STOOL-T1-rep-1,0.0,H190SF
H191IY-STOOL-T1-rep-1,0.0,H191IY
H191IY-STOOL-T2-rep-1,0.0,H191IY
H191IY-STOOL-T3-rep-1,0.0,H191IY
H193EA-STOOL-T1-rep-1,0.0,H193EA
H193EA-STOOL-T3-rep-1,0.0,H193EA
H195SB-STOOL-T1-rep-1,0.0,H195SB
H196AS-STOOL-T1-rep-1,0.0,H196AS
H197MG-STOOL-T1-rep-1,0.0,H197MG
H197MG-STOOL-T2-rep-1,0.0,H197MG
H197MG-STOOL-T3-rep-1,0.0,H197MG
H198OA-STOOL-T1-rep-1,0.0,H198OA
H200AR-STOOL-T1-rep-1,0.0,H200AR
H201EK-STOOL-T1-rep-1,0.0,H201EK
H202YM-STOOL-T1-rep-1,1.0,H202YM
H203AM-STOOL-T1-rep-1,0.0,H203AM
H205SB-STOOL-T1-rep-1,0.0,H205SB
H205SB-STOOL-T2-rep-1,0.0,H205SB
H205SB-STOOL-T3-rep-1,0.0,H205SB
H206ZD-STOOL-T1-rep-1,0.0,H206ZD
H207BA-STOOL-T1-rep-1,0.0,H207BA
H208RA-STOOL-T1-rep-1,0.0,H208RA
H209LA-STOOL-T1-rep-1,0.0,H209LA
H209LA-STOOL-T2-rep-1,0.0,H209LA
H209LA-STOOL-T3-rep-1,0.0,H209LA
H210TB-STOOL-T1-rep-1,0.0,H210TB
H211ND-STOOL-T1-rep-1,0.0,H211ND
H211ND-STOOL-T2-rep-1,0.0,H211ND
H211ND-STOOL-T3-rep-1,0.0,H211ND
H212LM-STOOL-T1-rep-1,0.0,H212LM
H212LM-STOOL-T3-rep-1,0.0,H212LM
H212LM-STOOL-T3-rep-2,0.0,H212LM
H215AK-STOOL-T1-rep-1,1.0,H215AK
H215AK-STOOL-T2-rep-1,1.0,H215AK
H215AK-STOOL-T3-rep-1,1.0,H215AK
H216SL-STOOL-T1-rep-1,0.0,H216SL
H217YA-STOOL-T1-rep-1,0.0,H217YA
H217YA-STOOL-T2-rep-1,0.0,H217YA
H217YA-STOOL-T3-rep-1,0.0,H217YA
H217YA-STOOL-T3-rep-2,0.0,H217YA
H218ML-STOOL-T1-rep-1,0.0,H218ML
H219HM-STOOL-T1-rep-1,0.0,H219HM
H219HM-STOOL-T2-rep-1,0.0,H219HM
H220SY-STOOL-T1-rep-1,0.0,H220SY
H220SY-STOOL-T2-rep-1,0.0,H220SY
H220SY-STOOL-T3-rep-1,0.0,H220SY
H221HL-STOOL-T1-rep-1,0.0,H221HL
H221HL-STOOL-T2-rep-1,0.0,H221HL
H221HL-STOOL-T3-rep-1,0.0,H221HL
H222DA-STOOL-T1-rep-1,0.0,H222DA
H222DA-STOOL-T2-rep-1,0.0,H222DA
H223NM-STOOL-T1-rep-1,0.0,H223NM
H225YS-STOOL-T1-rep-1,0.0,H225YS
H225YS-STOOL-T2-rep-1,0.0,H225YS
H225YS-STOOL-T3-rep-1,0.0,H225YS
H226SL-STOOL-T1-rep-1,0.0,H226SL
H226SL-STOOL-T2-rep-1,0.0,H226SL
H226SL-STOOL-T3-rep-1,0.0,H226SL
H227SZ-STOOL-T1-rep-1,0.0,H227SZ
H227SZ-STOOL-T2-rep-1,0.0,H227SZ
H227SZ-STOOL-T3-rep-1,0.0,H227SZ
H229HF-STOOL-T1-rep-1,0.0,H229HF
H230SA-STOOL-T1-rep-1,0.0,H230SA
H231OF-STOOL-T1-rep-1,0.0,H231OF
H232AK-STOOL-T1-rep-1,0.0,H232AK
H233MG-STOOL-T1-rep-1,0.0,H233MG
H234IM-STOOL-T1-rep-1,0.0,H234IM
H234IM-STOOL-T2-rep-1,0.0,H234IM
H235LL-STOOL-T1-rep-1,0.0,H235LL
H235LL-STOOL-T2-rep-1,0.0,H235LL
H235LL-STOOL-T3-rep-1,0.0,H235LL
H238GS-STOOL-T2-rep-1,0.0,H238GS
H239IH-STOOL-T1-rep-1,0.0,H239IH
H239IH-STOOL-T1-rep-2,0.0,H239IH
H239IH-STOOL-T2-rep-1,0.0,H239IH
H240OC-STOOL-T1-rep-1,0.0,H240OC
H241SC-STOOL-T1-rep-1,1.0,H241SC
H242OM-STOOL-T1-rep-1,0.0,H242OM
H243IF-STOOL-T1-rep-1,1.0,H243IF
H243IF-STOOL-T1-rep-2,1.0,H243IF
H243IF-STOOL-T2-rep-1,1.0,H243IF
H243IF-STOOL-T3-rep-1,1.0,H243IF
H244SB-STOOL-T1-rep-1,0.0,H244SB
H244SB-STOOL-T2-rep-1,0.0,H244SB
H244SB-STOOL-T2-rep-2,0.0,H244SB
H245SB-STOOL-T1-rep-1,1.0,H245SB
H245SB-STOOL-T3-rep-1,1.0,H245SB
H245SB-STOOL-T3-rep-2,1.0,H245SB
H246IT-STOOL-T1-rep-1,1.0,H246IT
H246IT-STOOL-T2-rep-1,1.0,H246IT
H247HB-STOOL-T2-rep-1,0.0,H247HB
H248VL-STOOL-T1-rep-1,0.0,H248VL
H250SG-STOOL-T1-rep-1,0.0,H250SG
H250SG-STOOL-T2-rep-1,0.0,H250SG
H250SG-STOOL-T3-rep-1,0.0,H250SG
H251MC-STOOL-T1-rep-1,0.0,H251MC
H251MC-STOOL-T2-rep-1,0.0,H251MC
H251MC-STOOL-T2-rep-2,0.0,H251MC
H251MC-STOOL-T3-rep-1,0.0,H251MC
H251MC-STOOL-T3-rep-2,0.0,H251MC
H252SC-STOOL-T1-rep-1,0.0,H252SC
H252SC-STOOL-T2-rep-1,0.0,H252SC
H254YR-STOOL-T1-rep-1,0.0,H254YR
H254YR-STOOL-T2-rep-1,0.0,H254YR
H254YR-STOOL-T3-rep-1,0.0,H254YR
H255CH-STOOL-T1-rep-1,0.0,H255CH
H256AL-STOOL-T1-rep-1,0.0,H256AL
H256AL-STOOL-T2-rep-1,0.0,H256AL
H257SZ-STOOL-T1-rep-1,0.0,H257SZ
H257SZ-STOOL-T2-rep-1,0.0,H257SZ
H257SZ-STOOL-T2-rep-2,0.0,H257SZ
H258NS-STOOL-T1-rep-1,0.0,H258NS
H258NS-STOOL-T2-rep-1,0.0,H258NS
H260HB-STOOL-T1-rep-1,0.0,H260HB
H261OK-STOOL-T2-rep-1,0.0,H261OK
H261OK-STOOL-T2-rep-2,0.0,H261OK
H261OK-STOOL-T2-rep-3,0.0,H261OK
H261OK-STOOL-T3-rep-1,0.0,H261OK
H263SZ-STOOL-T1-rep-1,0.0,H263SZ
H263SZ-STOOL-T2-rep-1,0.0,H263SZ
H263SZ-STOOL-T3-rep-1,0.0,H263SZ
H264AD-STOOL-T1-rep-1,0.0,H264AD
H264AD-STOOL-T2-rep-1,0.0,H264AD
H264AD-STOOL-T3-rep-1,0.0,H264AD
H265SS-STOOL-T1-rep-1,0.0,H265SS
H265SS-STOOL-T2-rep-1,0.0,H265SS
H265SS-STOOL-T3-rep-1,0.0,H265SS
H266YS-STOOL-T1-rep-1,0.0,H266YS
H266YS-STOOL-T2-rep-1,0.0,H266YS
H268YS-STOOL-T2-rep-1,0.0,H268YS
H269VS-STOOL-T1-rep-1,0.0,H269VS
H269VS-STOOL-T2-rep-1,0.0,H269VS
H269VS-STOOL-T3-rep-1,0.0,H269VS
H269VS-STOOL-T3-rep-2,0.0,H269VS
H270IC-STOOL-T1-rep-1,0.0,H270IC
H270IC-STOOL-T3-rep-1,0.0,H270IC
H271ES-STOOL-T1-rep-1,1.0,H271ES
H271ES-STOOL-T2-rep-1,1.0,H271ES
H271ES-STOOL-T2-rep-2,1.0,H271ES
H271ES-STOOL-T3-rep-1,1.0,H271ES
H272EC-STOOL-T1-rep-1,0.0,H272EC
H272EC-STOOL-T2-rep-1,0.0,H272EC
H272EC-STOOL-T3-rep-1,0.0,H272EC
H273YM-STOOL-T1-rep-1,0.0,H273YM
H273YM-STOOL-T2-rep-1,0.0,H273YM
H273YM-STOOL-T3-rep-1,0.0,H273YM
H274MB-STOOL-T1-rep-1,0.0,H274MB
H274MB-STOOL-T2-rep-1,0.0,H274MB
H275NS-STOOL-T1-rep-1,0.0,H275NS
H276MO-STOOL-T1-rep-1,0.0,H276MO
H276MO-STOOL-T1-rep-2,0.0,H276MO
H276MO-STOOL-T2-rep-1,0.0,H276MO
H276MO-STOOL-T3-rep-1,0.0,H276MO
H278ML-STOOL-T1-rep-1,0.0,H278ML
H279NE-STOOL-T1-rep-1,0.0,H279NE
H279NE-STOOL-T3-rep-1,0.0,H279NE
H279NE-STOOL-T3-rep-2,0.0,H279NE
H281MG-STOOL-T1-rep-1,0.0,H281MG
H282SL-STOOL-T1-rep-1,0.0,H282SL
H283AR-STOOL-T1-rep-1,0.0,H283AR
H284OS-STOOL-T1-rep-1,1.0,H284OS
H284OS-STOOL-T2-rep-1,1.0,H284OS
H284OS-STOOL-T3-rep-1,1.0,H284OS
H284OS-STOOL-T3-rep-2,1.0,H284OS
H285CM-STOOL-T2-rep-1,0.0,H285CM
H286AA-STOOL-T1-rep-1,0.0,H286AA
H286AA-STOOL-T2-rep-1,0.0,H286AA
H287LK-STOOL-T1-rep-1,0.0,H287LK
H287LK-STOOL-T2-rep-1,0.0,H287LK
H287LK-STOOL-T3-rep-1,0.0,H287LK
R001CS-STOOL-T1-rep-1,0.0,R001CS
R001CS-STOOL-T2-rep-1,0.0,R001CS
R002PZ-STOOL-T1-rep-1,0.0,R002PZ
R002PZ-STOOL-T2-rep-1,0.0,R002PZ
R002PZ-STOOL-T3-rep-1,0.0,R002PZ
R003AS-STOOL-T1-rep-1,0.0,R003AS
R003AS-STOOL-T3-rep-1,0.0,R003AS
R004NC-STOOL-T1-rep-1,0.0,R004NC
R004NC-STOOL-T2-rep-1,0.0,R004NC
R004NC-STOOL-T3-rep-1,0.0,R004NC
R005MB-STOOL-T1-rep-1,0.0,R005MB
R005MB-STOOL-T2-rep-1,0.0,R005MB
R005MB-STOOL-T2-rep-2,0.0,R005MB
R005MB-STOOL-T3-rep-1,0.0,R005MB
R007NG-STOOL-T1-rep-1,0.0,R007NG
R008TG-STOOL-T1-rep-1,0.0,R008TG
R009HS-STOOL-T1-rep-1,0.0,R009HS
R009HS-STOOL-T1-rep-2,0.0,R009HS
R011MS-STOOL-T1-rep-1,0.0,R011MS
R011MS-STOOL-T2-rep-1,0.0,R011MS
R011MS-STOOL-T3-rep-1,0.0,R011MS
R015NK-STOOL-T1-rep-1,0.0,R015NK
R015NK-STOOL-T2-rep-1,0.0,R015NK
R017SM-STOOL-T1-rep-1,0.0,R017SM
R017SM-STOOL-T2-rep-1,0.0,R017SM
R018SK-STOOL-T1-rep-1,0.0,R018SK
R018SK-STOOL-T2-rep-1,0.0,R018SK
R020YS-STOOL-T1-rep-1,0.0,R020YS
R020YS-STOOL-T2-rep-1,0.0,R020YS
R021SM-STOOL-T1-rep-1,0.0,R021SM
R021SM-STOOL-T2-rep-1,0.0,R021SM
R021SM-STOOL-T2-rep-2,0.0,R021SM
R022HY-STOOL-T1-rep-1,0.0,R022HY
R023PM-STOOL-T1-rep-1,0.0,R023PM
R023PM-STOOL-T2-rep-1,0.0,R023PM
R023PM-STOOL-T3-rep-1,0.0,R023PM
R025EM-STOOL-T1-rep-1,1.0,R025EM
R025EM-STOOL-T2-rep-1,1.0,R025EM
R025EM-STOOL-T2-rep-2,1.0,R025EM
R026SG-STOOL-T1-rep-1,0.0,R026SG
R026SG-STOOL-T2-rep-1,0.0,R026SG
R028RM-STOOL-T1-rep-1,1.0,R028RM
R028RM-STOOL-T2-rep-1,1.0,R028RM
R028RM-STOOL-T3-rep-1,1.0,R028RM
R030AB-STOOL-T1-rep-1,0.0,R030AB
R030AB-STOOL-T2-rep-1,0.0,R030AB
R030AB-STOOL-T3-rep-1,0.0,R030AB
R031BA-STOOL-T1-rep-1,0.0,R031BA
R031BA-STOOL-T1-rep-2,0.0,R031BA
R031BA-STOOL-T2-rep-1,0.0,R031BA
R031BA-STOOL-T3-rep-1,0.0,R031BA
R032RA-STOOL-T1-rep-1,0.0,R032RA
R032RA-STOOL-T2-rep-1,0.0,R032RA
R032RA-STOOL-T3-rep-1,0.0,R032RA
R033DL-STOOL-T1-rep-1,0.0,R033DL
R033DL-STOOL-T3-rep-1,0.0,R033DL
R033DL-STOOL-T3-rep-2,0.0,R033DL
R034CD-STOOL-T1-rep-1,0.0,R034CD
R034CD-STOOL-T1-rep-2,0.0,R034CD
R034CD-STOOL-T2-rep-1,0.0,R034CD
R034CD-STOOL-T3-rep-1,0.0,R034CD
R034CD-STOOL-T3-rep-2,0.0,R034CD
R035LK-STOOL-T1-rep-1,0.0,R035LK
R035LK-STOOL-T2-rep-1,0.0,R035LK
R036DS-STOOL-T1-rep-1,0.0,R036DS
R036DS-STOOL-T2-rep-1,0.0,R036DS
R038ZS-STOOL-T1-rep-1,0.0,R038ZS
R039DS-STOOL-T1-rep-1,0.0,R039DS
R039DS-STOOL-T1-rep-2,0.0,R039DS
R040SD-STOOL-T1-rep-1,0.0,R040SD
R040SD-STOOL-T2-rep-1,0.0,R040SD
R041OP-STOOL-T1-rep-1,0.0,R041OP
R041OP-STOOL-T2-rep-1,0.0,R041OP
R042TV-STOOL-T1-rep-1,0.0,R042TV
R043OK-STOOL-T1-rep-1,0.0,R043OK
R043OK-STOOL-T1-rep-2,0.0,R043OK
R044EG-STOOL-T1-rep-1,1.0,R044EG
R044EG-STOOL-T1-rep-2,1.0,R044EG
R044EG-STOOL-T2-rep-1,1.0,R044EG
R044EG-STOOL-T3-rep-1,1.0,R044EG
R044EG-STOOL-T3-rep-2,1.0,R044EG
R045MM-STOOL-T1-rep-1,0.0,R045MM
R045MM-STOOL-T3-rep-1,0.0,R045MM
R045MM-STOOL-T3-rep-2,0.0,R045MM
R046SY-STOOL-T1-rep-1,0.0,R046SY
R047NK-STOOL-T1-rep-1,0.0,R047NK
R047NK-STOOL-T2-rep-1,0.0,R047NK
R047NK-STOOL-T3-rep-1,0.0,R047NK
R048DS-STOOL-T1-rep-1,0.0,R048DS
R049DG-STOOL-T1-rep-1,0.0,R049DG
R049DG-STOOL-T2-rep-1,0.0,R049DG
R049DG-STOOL-T3-rep-1,0.0,R049DG
R049DG-STOOL-T3-rep-2,0.0,R049DG
R050BL-STOOL-T1-rep-1,0.0,R050BL
R051CA-STOOL-T1-rep-1,0.0,R051CA
R051CA-STOOL-T2-rep-1,0.0,R051CA
R051CA-STOOL-T2-rep-2,0.0,R051CA
R051CA-STOOL-T3-rep-1,0.0,R051CA
R051CA-STOOL-T3-rep-2,0.0,R051CA
R052LK-STOOL-T1-rep-1,0.0,R052LK
R052LK-STOOL-T3-rep-1,0.0,R052LK
R054MS-STOOL-T1-rep-1,1.0,R054MS
R054MS-STOOL-T2-rep-1,1.0,R054MS
R054MS-STOOL-T2-rep-2,1.0,R054MS
R054MS-STOOL-T2-rep-3,1.0,R054MS
R056NB-STOOL-T1-rep-1,0.0,R056NB
R056NB-STOOL-T2-rep-1,0.0,R056NB
R057SS-STOOL-T1-rep-1,0.0,R057SS
R057SS-STOOL-T3-rep-1,0.0,R057SS
R057SS-STOOL-T3-rep-2,0.0,R057SS
R058PN-STOOL-T1-rep-1,0.0,R058PN
R060SR-STOOL-T1-rep-1,0.0,R060SR
R060SR-STOOL-T3-rep-1,0.0,R060SR
R061SM-STOOL-T1-rep-1,0.0,R061SM
