learning_rate,reward,layer_2,preweight,test_frac,train_frac,dropout,batch_size,regularization,layer_1,activation,epochs,trialJobId,optimizer,intermediate
1.1399133624256175e-05,0.48163663737872114,100,7,0.15,0.7,0.3147695705967908,30,0.08311485800493226,162,tanh,200,q50JW,adam,"[0.4884297520661156,0.48163663737872114]"
0.00012200782437463172,0.4989345987928373,122,3,0.15,0.7,0.3465556167980508,50,0.01259021056024836,39,elu,200,DDk2J,adam,"[0.4917355371900826,0.4989345987928373]"
0.0013237868090860813,0.4844530977601636,174,2,0.15,0.7,0.3145603541194175,70,0.0373277846555548,93,elu,200,ZlngM,SGD,"[0.5231404958677686,0.4844530977601636]"
0.020080613855623177,0.4542681660800457,115,8,0.15,0.7,0.35053439839505235,30,0.032713128220535084,101,elu,200,zkdvz,SGD,"[0.5212809917355371,0.4542681660800457]"
0.00017346458443826264,0.4756075648007595,174,9,0.15,0.7,0.15976838801751703,10,0.026090912381672195,27,tanh,200,GP4Q3,adam,"[0.5524793388429752,0.4756075648007595]"
5.458692889451385e-06,0.4742298895146665,70,2,0.15,0.7,0.08325684745009343,5,0.08749765648866871,121,elu,200,PBHuX,SGD,"[0.5152892561983471,0.4742298895146665]"
1.0768338689336123e-06,0.47082630997926067,38,8,0.15,0.7,0.37693524019398794,5,0.06490399830537939,21,relu,200,bUPgZ,adam,"[0.5225206611570248,0.47082630997926067]"
0.003680972863879078,0.48773868749192995,106,3,0.15,0.7,0.3179191562216428,5,0.0982003784426652,136,tanh,200,HgLtU,adam,"[0.5225206611570248,0.48773868749192995]"
1.0229175688952517e-06,0.4394573589818148,127,9,0.15,0.7,0.051680989536325765,70,0.055205921943843356,64,relu,200,OL7WR,adam,"[0.5328512396694214,0.4394573589818148]"
0.00017028542970825444,0.4765278041409598,166,7,0.15,0.7,0.2620699955116211,5,0.028422958318612468,55,relu,200,t1jyz,adam,"[0.5262396694214877,0.4765278041409598]"
0.07199477924062683,0.49467310206165116,10,6,0.15,0.7,0.3950867605170624,10,0.05348079189264148,55,elu,200,S6H9y,SGD,"[0.5547520661157026,0.49467310206165116]"
0.00017335727384765613,0.4906831342310755,141,2,0.15,0.7,0.02798260335741567,70,0.09800887424457037,75,tanh,200,x0Q97,adam,"[0.5068181818181818,0.4906831342310755]"
7.97196668574427e-05,0.487807577252137,177,8,0.15,0.7,0.32972132972674945,70,0.02343794403214642,190,relu,200,gth56,adam,"[0.5165289256198348,0.487807577252137]"
0.0007797408113333611,0.532840319491847,61,4,0.15,0.7,0.16740064262451004,30,0.003907496395982835,149,elu,200,Qtgvl,adam,"[0.5245867768595043,0.532840319491847]"
0.00010473433989631787,0.46323337264293896,183,2,0.15,0.7,0.3471140159476156,30,0.08404387925212539,199,elu,200,ma6qY,adam,"[0.5194214876033058,0.46323337264293896]"
6.493510900024663e-06,0.4581542093737772,82,5,0.15,0.7,0.24335428428820252,70,0.04883640359304484,130,tanh,200,WI4Kw,SGD,"[0.5429752066115703,0.4581542093737772]"
2.616309439371861e-05,0.44869312263257893,14,2,0.15,0.7,0.008096753595654916,5,0.018044845240790565,111,elu,200,zlaRP,SGD,"[0.4900826446280992,0.44869312263257893]"
1.2075423127534147e-05,0.4085364221070127,101,8,0.15,0.7,0.18971436094125382,50,0.035216749705502835,83,elu,200,Kmt44,SGD,"[0.4572314049586777,0.4085364221070127]"
0.007623050618950329,0.48672254369500134,168,5,0.15,0.7,0.14863416078211908,50,0.09631429481669022,72,elu,200,EANLP,SGD,"[0.5229338842975206,0.48672254369500134]"
0.00012291925832239186,0.4688115322896914,147,9,0.15,0.7,0.12002810796587045,10,0.07856748424386581,156,tanh,200,Bst6L,SGD,"[0.5888429752066116,0.4688115322896914]"
0.0007128292900504991,0.5338636302093704,54,4,0.15,0.7,0.25319150830520415,100,0.0005359957743681885,170,elu,200,Nmigr,adam,"[0.5840909090909092,0.5338636302093704]"
0.0006085736971928617,0.49171245116283896,46,4,0.15,0.7,0.2424968843798211,100,0.00041327486335280064,184,elu,200,Sn1nt,adam,"[0.5789256198347108,0.49171245116283896]"
0.3535139528309301,0.5497276730473106,52,4,0.15,0.7,0.2086914517722222,100,0.0002890236984327844,167,elu,200,UEdbb,adam,"[0.5109504132231406,0.5497276730473106]"
0.32644080722669805,0.4621458954969172,26,4,0.15,0.7,0.2746165456030532,100,0.009136792906019054,174,elu,200,FksUU,adam,"[0.512603305785124,0.4621458954969172]"
0.49532010896503487,0.5137556026654322,53,5,0.15,0.7,0.20595821362869582,100,0.0021413760350783195,172,elu,200,krzG9,adam,"[0.506301652892562,0.5137556026654322]"
0.0680056300131602,0.5227242961213144,80,3,0.15,0.7,0.21298162530334278,100,0.01302454755996834,140,elu,200,RCXub,adam,"[0.5646694214876032,0.5227242961213144]"
0.14659681968413862,0.4926044304408469,33,6,0.15,0.7,0.11610065707833084,100,0.00015281484162173276,198,relu,200,QjXfw,adam,"[0.522004132231405,0.4926044304408469]"
0.01942972195452251,0.545212868685877,83,4,0.15,0.7,0.2721812738535585,100,0.045034479323152334,169,elu,200,s3zSu,adam,"[0.5247933884297521,0.545212868685877]"
0.01807302115349024,0.49566580096351676,86,5,0.15,0.7,0.28609278651304215,100,0.06936820519240328,157,elu,200,XmewP,adam,"[0.5723140495867769,0.49566580096351676]"
0.17654229124618706,0.5181881624208736,90,3,0.15,0.7,0.29426088512351023,100,0.045919416420290196,122,elu,200,G31jN,adam,"[0.5255165289256197,0.5181881624208736]"
0.038981807724465294,0.5887534701901856,70,3,0.15,0.7,0.21804661007053053,100,0.04341618299140636,179,elu,200,KN9d6,adam,"[0.5357438016528926,0.5887534701901856]"
0.05469458486331919,0.5782216421437901,21,3,0.15,0.7,0.18955882123027554,100,0.06040846218348079,183,relu,200,NZ6cf,adam,"[0.5526859504132231,0.5782216421437901]"
0.006654922307095827,0.5043524322849043,20,3,0.15,0.7,0.11682783518815384,50,0.06332898427815428,189,relu,200,AQuW5,adam,"[0.5535123966942148,0.5043524322849043]"
0.0022577171653563955,0.47983139923640283,68,10,0.15,0.7,0.1807016472327296,30,0.07409546809220882,146,relu,200,XCjdn,adam,"[0.5349173553719008,0.47983139923640283]"
0.04415924571714407,0.5443204651839949,39,3,0.15,0.7,0.14505114492994525,100,0.05951915459556194,184,relu,200,MoWJM,adam,"[0.5363636363636364,0.5443204651839949]"
0.033826213578804644,0.569937217866227,26,7,0.15,0.7,0.22489240611838396,10,0.04283627001030818,102,relu,200,D9F0a,adam,"[0.4981404958677686,0.569937217866227]"
0.007639083782472619,0.49404043320545316,68,3,0.15,0.7,0.07268794194890418,100,0.07123833205175246,199,relu,200,smM1n,adam,"[0.5485537190082643,0.49404043320545316]"
0.18802842759517518,0.5261653766919554,115,2,0.15,0.7,0.10144611758509664,100,0.03925312076229692,110,tanh,200,l5oNt,adam,"[0.5291322314049587,0.5261653766919554]"
0.0036967937256251904,0.4962434012873194,127,6,0.15,0.7,0.17591573655825543,50,0.05718004464971766,89,relu,200,EXjzZ,SGD,"[0.5055785123966943,0.4962434012873194]"
0.013945260157188414,0.5110991369125637,94,2,0.15,0.7,0.30366779709136354,10,0.05082992223855802,36,relu,200,ZymJe,adam,"[0.5192148760330577,0.5110991369125637]"
0.07842980041408226,0.5407384706683882,108,5,0.15,0.7,0.228950508889232,30,0.030303490041040833,129,tanh,200,CYJ8L,adam,"[0.5623966942148761,0.5407384706683882]"
0.0004209489015434696,0.49321045400552466,74,7,0.15,0.7,0.15297052924511867,5,0.0922964617872794,179,relu,200,Tpn9J,adam,"[0.5599173553719009,0.49321045400552466]"
0.001548487238037006,0.4479429487552456,40,3,0.15,0.7,0.3612136427893681,70,0.06294698661783762,160,relu,200,RK7Hj,SGD,"[0.525206611570248,0.4479429487552456]"
0.003909262274311823,0.512782892719314,199,10,0.15,0.7,0.05716398831017758,100,0.03820570410982559,142,tanh,200,ZlqHr,adam,"[0.5677685950413223,0.512782892719314]"
0.03472379625184448,0.5348402181355479,138,2,0.15,0.7,0.3206917384968002,5,0.023321488237735014,150,relu,200,fg5ov,adam,"[0.49132231404958676,0.5348402181355479]"
4.35265599788886e-05,0.46288638259720305,59,3,0.15,0.7,0.13138556995808606,30,0.08194967761926636,193,relu,200,Hu2L2,adam,"[0.5204545454545454,0.46288638259720305]"
0.09805327144730908,0.48632729096440536,29,4,0.15,0.7,0.19156013973369432,70,0.05141768454033813,125,tanh,200,osDEx,SGD,"[0.5307851239669421,0.48632729096440536]"
0.00029834034040875394,0.4848452448598584,11,5,0.15,0.7,0.0857428020937408,10,0.0765421580857916,116,relu,200,aUjdd,adam,"[0.53099173553719,0.4848452448598584]"
0.011424847918261552,0.4822519735119438,45,6,0.15,0.7,0.036965125509481306,50,0.06665461456931433,18,elu,200,Ci5L7,SGD,"[0.5167355371900827,0.4822519735119438]"
1.8546172762414315e-06,0.47607684733063405,156,2,0.15,0.7,0.37378667149300604,100,0.05934972068833192,93,tanh,200,s70pN,adam,"[0.49214876033057847,0.47607684733063405]"
0.0021726817212600956,0.5020986459334308,19,7,0.15,0.7,0.008322125665287172,5,0.03362067726562022,132,elu,200,PfpUA,adam,"[0.552892561983471,0.5020986459334308]"
0.4456818445187941,0.5578456369998835,116,3,0.15,0.7,0.33608733692624887,70,0.01879914038392652,11,relu,200,BsQvT,SGD,"[0.5466942148760331,0.5578456369998835]"
0.2108664520575233,0.511272444133362,62,8,0.15,0.7,0.23342683372932377,100,0.04190057281741863,58,elu,200,PljGB,adam,"[0.5725206611570248,0.511272444133362]"
0.050542695310705286,0.5184384832899288,74,4,0.15,0.7,0.13576555936825344,30,0.08880105626353393,180,relu,200,U8ID0,adam,"[0.5039256198347106,0.5184384832899288]"
0.0010363545637419218,0.49329254482789653,94,2,0.15,0.7,0.3968157161123332,10,0.02636303516234593,152,elu,200,u9hwI,SGD,"[0.5609504132231404,0.49329254482789653]"
0.02849859066721775,0.529274897414014,102,4,0.15,0.7,0.16853954599614102,100,0.04801536143760481,164,tanh,200,B7ZNA,adam,"[0.5636363636363637,0.529274897414014]"
0.2770847415037566,0.5687871372846891,18,5,0.15,0.7,0.2589758105964058,50,0.05482808006341405,193,elu,200,wKwgo,adam,"[0.5419421487603306,0.5687871372846891]"
0.12560471010660013,0.547399575036908,47,9,0.15,0.7,0.09663209010428692,100,0.010663281376753993,75,elu,200,qFk3L,adam,"[0.5576446280991735,0.547399575036908]"
0.005056987841594693,0.4924556117387782,129,6,0.15,0.7,0.27273458801168915,5,0.08104990797456302,41,relu,200,Png30,SGD,"[0.5330578512396694,0.4924556117387782]"
0.011815422706616724,0.5437773730892898,32,5,0.15,0.7,0.20147377454824003,70,0.03592186846572509,117,elu,200,ZFXhY,adam,"[0.540289256198347,0.5437773730892898]"
0.0019951582112752242,0.5029494880511628,61,2,0.15,0.7,0.16335436975008616,100,0.0305259864266191,176,tanh,200,H1sRs,adam,"[0.5669421487603306,0.5029494880511628]"
1.5255690926125788e-05,0.46754255150422364,76,4,0.15,0.7,0.18661978447110056,100,0.0058202244828,136,relu,200,sNYPg,adam,"[0.5266528925619836,0.46754255150422364]"
5.864432880329528e-05,0.4465158101704767,194,3,0.15,0.7,0.21597469554022172,30,0.021035102085159185,163,elu,200,ajSiR,SGD,"[0.4555785123966943,0.4465158101704767]"
0.022132959445329493,0.5667211053389052,110,2,0.15,0.7,0.24378782676885535,10,0.014450008562562046,108,elu,200,mzipG,adam,"[0.5039256198347107,0.5667211053389052]"
2.7295957419722064e-06,0.43463389500528676,23,7,0.15,0.7,0.29100168605505394,100,0.07070940788534792,200,relu,200,HUQxt,adam,"[0.4865702479338843,0.43463389500528676]"
0.05162254092174562,0.5346734869217826,11,7,0.15,0.7,0.22329392394248043,10,0.042494427856730965,48,relu,200,VNY3f,adam,"[0.5068181818181818,0.5346734869217826]"
0.03152927587081186,0.5618145184750489,37,8,0.15,0.7,0.2005419427478903,10,0.04388387391399477,80,relu,200,tk1fr,adam,"[0.4793388429752066,0.5618145184750489]"
0.09505635460698157,0.4847547749418539,25,8,0.15,0.7,0.30645754225315275,10,0.04058877517530568,100,relu,200,Dhm4L,adam,"[0.5012396694214877,0.4847547749418539]"
0.00884419642209487,0.5466760801008139,46,7,0.15,0.7,0.2451445885256161,10,0.04708757839514816,101,relu,200,eO7Vb,adam,"[0.5634297520661157,0.5466760801008139]"
0.4751614300002996,0.5089424489096587,16,6,0.15,0.7,0.263299768796063,10,0.06705659260860597,67,relu,200,PJv7X,adam,"[0.5426652892561983,0.5089424489096587]"
0.2889391686349924,0.4608107168555781,56,9,0.15,0.7,0.21990424995743657,10,0.05260155255574961,103,relu,200,XLtRf,adam,"[0.5060950413223141,0.4608107168555781]"
0.016097599335111998,0.5317269164934569,34,9,0.15,0.7,0.2823350647649413,50,0.05980963910352942,93,relu,200,lAcAU,adam,"[0.5543388429752066,0.5317269164934569]"
0.06321916733777107,0.5315580168031191,65,6,0.15,0.7,0.17736679648764148,100,0.07377487880256726,81,relu,200,bt3Ny,adam,"[0.5698347107438017,0.5315580168031191]"
0.00025608402911098945,0.4668223567425631,49,10,0.15,0.7,0.13397719517396028,10,0.057334120294875376,88,relu,200,tp1jt,adam,"[0.5338842975206611,0.4668223567425631]"
0.0051879803044192555,0.5009215687369848,87,7,0.15,0.7,0.19248492699980987,5,0.06248793405413362,186,relu,200,AQKv6,adam,"[0.5489669421487604,0.5009215687369848]"
0.002795862955731484,0.542171289326663,41,5,0.15,0.7,0.22965507037358254,100,0.029166467378515283,145,elu,200,h8ILw,adam,"[0.5915289256198347,0.542171289326663]"
0.024896550873815274,0.5723206684924594,29,8,0.15,0.7,0.10650405031742553,70,0.05007305661826754,117,tanh,200,WlzYT,adam,"[0.5681818181818181,0.5723206684924594]"
0.021921544096601468,0.5707858250279235,72,8,0.15,0.7,0.11045186118963424,70,0.049895727416856474,156,tanh,200,eD11Q,adam,"[0.5520661157024793,0.5707858250279235]"
0.0009710400605778186,0.46890601138768667,96,9,0.15,0.7,0.06285730001923154,70,0.05471898609228613,137,tanh,200,fzoVM,adam,"[0.547107438016529,0.46890601138768667]"
0.13302299939390555,0.4692180056750324,10,10,0.15,0.7,0.03739054348834431,70,0.0848919716071099,30,tanh,200,SInSw,SGD,"[0.5245867768595042,0.4692180056750324]"
0.0005478054419151272,0.5038496739343856,52,3,0.15,0.7,0.08521405296712022,70,0.03279764333322563,169,tanh,200,NXxZd,adam,"[0.553202479338843,0.5038496739343856]"
0.010455079863171256,0.5424001392736832,31,4,0.15,0.7,0.15852719300030746,70,0.036343058053075805,195,tanh,200,UBob3,adam,"[0.5440082644628099,0.5424001392736832]"
0.20810821897041035,0.5265483067962727,22,8,0.15,0.7,0.0018654861942943857,70,0.06527624841777861,179,tanh,200,CWaLI,adam,"[0.5293388429752067,0.5265483067962727]"
0.006433985218912398,0.4922133815810293,77,3,0.15,0.7,0.12486668315795735,30,0.07832754699456433,124,tanh,200,Hj950,adam,"[0.5448347107438017,0.4922133815810293]"
0.0986785816513492,0.4831728034341835,56,2,0.15,0.7,0.14802533139076013,100,0.02465482637437332,187,tanh,200,sGE4x,SGD,"[0.5671487603305785,0.4831728034341835]"
0.0015190732824797682,0.4817799670949495,66,4,0.15,0.7,0.024919607737149657,70,0.045760786882098725,152,tanh,200,X67RA,adam,"[0.5411157024793388,0.4817799670949495]"
0.0378601932799504,0.5678689359283704,28,5,0.15,0.7,0.07355488709454547,50,0.06874899929478545,118,elu,200,BOf0x,adam,"[0.5268595041322314,0.5678689359283704]"
0.0029556755676228715,0.5183362057184793,123,10,0.15,0.7,0.09604771365032987,100,0.06112182406422409,131,tanh,200,T4RGB,adam,"[0.5611570247933885,0.5183362057184793]"
0.0254843697372198,0.49772995816518567,43,3,0.15,0.7,0.1077973895424632,5,0.056172887432252495,175,elu,200,ey1El,SGD,"[0.5291322314049587,0.49772995816518567]"
0.01532655989193379,0.5484429028722875,80,6,0.15,0.7,0.1718511991308048,100,0.03930316384060839,157,tanh,200,W7qDB,adam,"[0.5363636363636364,0.5484429028722875]"
0.38272907431257946,0.5432194915761317,13,8,0.15,0.7,0.15630296589666554,70,0.07408889094982173,143,elu,200,p55VX,adam,"[0.468801652892562,0.5432194915761317]"
0.05800627421883663,0.5468064451107068,38,5,0.15,0.7,0.2109701955711769,30,0.09240058532539318,165,tanh,200,X44ca,adam,"[0.5460743801652892,0.5468064451107068]"
0.00013277027851771515,0.487869384957221,136,4,0.15,0.7,0.13747122047095328,100,0.052386488223730154,182,elu,200,cmdfK,SGD,"[0.5163223140495867,0.487869384957221]"
0.16467129072742445,0.5110099592705949,70,2,0.15,0.7,0.3337272371512291,50,0.03482675598632315,148,elu,200,Hk7Ic,adam,"[0.5433884297520661,0.5110099592705949]"
0.08448343986502276,0.5338867935899436,155,3,0.15,0.7,0.12192324763314795,100,0.04920586870699477,189,tanh,200,KEVeR,adam,"[0.5351239669421487,0.5338867935899436]"
0.04544492184646983,0.5364432196452172,85,9,0.15,0.7,0.18350380905922653,70,0.01627798931902395,161,elu,200,tRUig,adam,"[0.5741735537190082,0.5364432196452172]"
0.24809725336313226,0.5203657536508097,105,7,0.15,0.7,0.3586304553921297,5,0.06521068549099135,112,tanh,200,fGbNM,adam,"[0.4758264462809917,0.5203657536508097]"
0.004104691019407829,0.44403422310370405,90,3,0.15,0.7,0.04388927206597798,100,0.021532410781981433,127,elu,200,hPXb7,SGD,"[0.5549586776859503,0.44403422310370405]"
0.1167222964487126,0.5151037963863161,35,9,0.15,0.7,0.022521131142295717,30,0.05903293937111679,196,tanh,200,cw5D8,adam,"[0.5111570247933883,0.5151037963863161]"
0.001037505405517762,0.42442580591928875,59,6,0.15,0.7,0.25237177802738037,100,0.09965840016815754,48,elu,200,zjGSm,adam,"[0.5235537190082644,0.42442580591928875]"
0.005399490613476614,0.5607612914321379,17,2,0.15,0.7,0.06675015397579366,70,0.03759070650161346,60,tanh,200,UEGqt,adam,"[0.5801652892561984,0.5607612914321379]"
0.00860293622836388,0.5574121035365524,50,4,0.15,0.7,0.19571225961984673,50,0.026984371774339325,171,elu,200,DVWbL,adam,"[0.5576446280991736,0.5574121035365524]"
0.0004574466370095958,0.45349970388419464,113,5,0.15,0.7,0.23437603704218082,100,0.03127903332524512,97,relu,200,BElgx,SGD,"[0.5380165289256198,0.45349970388419464]"
0.0002517746889341899,0.45604493060004747,100,8,0.15,0.7,0.30612041330256623,5,0.044512332783932476,139,relu,200,D9m2X,adam,"[0.5640495867768596,0.45604493060004747]"
2.264637582384394e-05,0.45897172164852484,28,2,0.15,0.7,0.3834410950914785,100,0.07265077262592888,69,elu,200,BUFRI,adam,"[0.5208677685950414,0.45897172164852484]"
0.011639533802239732,0.5476149697877636,42,7,0.15,0.7,0.1423751375107314,70,0.04070243191509632,22,tanh,200,G1qod,adam,"[0.5483471074380165,0.5476149697877636]"
0.039228155257091245,0.5035717330734333,182,10,0.15,0.7,0.3186886197384954,100,0.07695788987707328,85,relu,200,EK4L5,adam,"[0.5316115702479339,0.5035717330734333]"
0.0028599985100258986,0.4811287742938575,64,4,0.15,0.7,0.07843030335541808,30,0.053987347537629064,152,elu,200,xF9Ir,SGD,"[0.5409090909090908,0.4811287742938575]"
0.0665936191898366,0.5447839950191194,22,6,0.15,0.7,0.1270120939311864,70,0.06889292153863795,107,relu,200,XF0vy,adam,"[0.5448347107438016,0.5447839950191194]"
0.0018547823583771987,0.5005501826951033,56,3,0.15,0.7,0.26385082214951877,50,0.04668005348451678,166,tanh,200,qqcWK,adam,"[0.543801652892562,0.5005501826951033]"
0.49868436993178894,0.5858483120482152,81,5,0.15,0.7,0.05074428577158638,100,0.08645345186416205,113,elu,200,QjosA,adam,"[0.5225206611570247,0.5858483120482152]"
0.28403365263393,0.540500080410948,118,5,0.15,0.7,0.050670841667651734,100,0.09494253078109527,191,elu,200,xYdTV,adam,"[0.5561983471074381,0.540500080410948]"
0.37532698756047594,0.5236318441502593,147,4,0.15,0.7,0.28361169224525584,100,0.08827841931730485,52,elu,200,vTEVa,adam,"[0.5148760330578513,0.5236318441502593]"
0.48956038800275015,0.47345480241125726,132,4,0.15,0.7,0.017003833022867995,100,0.08110338351101644,135,elu,200,ACKog,SGD,"[0.5384297520661157,0.47345480241125726]"
0.2161405299496189,0.5171154720135914,91,5,0.15,0.7,0.20574342843004773,100,0.0854871064836433,77,elu,200,PkPdE,adam,"[0.5659090909090909,0.5171154720135914]"
0.15825126017258406,0.5710657117055804,80,3,0.15,0.7,0.2950904322125989,100,0.08003347231179327,13,elu,200,aoJJN,adam,"[0.5311983471074381,0.5710657117055804]"
0.11382159094302376,0.5445619236708386,95,3,0.15,0.7,0.3404606047247225,100,0.06350784373966921,39,elu,200,FHqCG,adam,"[0.5440082644628099,0.5445619236708386]"
6.995389581028887e-06,0.4486845720565487,165,2,0.15,0.7,0.09347230957519614,100,0.09166374459823722,177,elu,200,NG7ju,adam,"[0.49504132231404957,0.4486845720565487]"
0.07400485314057763,0.47247262912486476,110,4,0.15,0.7,0.23736377436202277,100,0.07541128410043373,112,elu,200,Jj5TX,SGD,"[0.5506198347107438,0.47247262912486476]"
0.016343755475434082,0.5357531338927309,126,2,0.15,0.7,0.3273924536596785,100,0.083479169753568,198,elu,200,Vt8Tr,adam,"[0.5456611570247933,0.5357531338927309]"
0.0008106761543951419,0.45483641021589233,100,5,0.15,0.7,0.2516836930382948,5,0.09523644517107077,158,elu,200,uqYkY,adam,"[0.549380165289256,0.45483641021589233]"
7.087696259465655e-05,0.5092656644168398,73,3,0.15,0.7,0.2700135291100995,100,0.005720184490906645,183,relu,200,AED2A,adam,"[0.4979338842975207,0.5092656644168398]"
0.030477267832598194,0.5409743938340089,69,4,0.15,0.7,0.011885230219183529,30,0.09840605792176205,122,elu,200,rWaSL,adam,"[0.5417355371900825,0.5409743938340089]"
0.4848842991701214,0.4714680109503533,142,5,0.15,0.7,0.16634478409773606,100,0.07208819945111983,172,elu,200,uNd0R,SGD,"[0.537809917355372,0.4714680109503533]"
0.006531204732527892,0.47391966171477795,83,3,0.15,0.7,0.3525981248193469,50,0.09017465135615044,93,relu,200,KXwhh,adam,"[0.5353305785123966,0.47391966171477795]"
0.34508176290796105,0.5734097699361619,76,2,0.15,0.7,0.033276379198906386,100,0.06720973919992869,142,elu,200,SlQul,adam,"[0.4965909090909091,0.5734097699361619]"
0.15997539115657614,0.5229077623931271,120,3,0.15,0.7,0.2153847041413981,100,0.05774490051832542,154,relu,200,PRx8c,adam,"[0.5216942148760332,0.5229077623931271]"
0.04885485058141282,0.550179661108148,103,6,0.15,0.7,0.1155847175763871,5,0.08737566928318992,97,elu,200,DsNii,adam,"[0.5115702479338844,0.550179661108148]"
1.754182201252253e-06,0.44534627720095143,98,2,0.15,0.7,0.17929786748946092,100,0.06999498480392144,146,relu,200,k6emk,SGD,"[0.45599173553719,0.44534627720095143]"
0.013121602041518604,0.48842508554957237,60,4,0.15,0.7,0.3738884825571347,30,0.06152351058252143,34,elu,200,qDxkJ,adam,"[0.547107438016529,0.48842508554957237]"
0.01781042521901096,0.511253088535524,107,4,0.15,0.7,0.14792269419634857,10,0.04827755183321925,45,elu,200,vTdHu,adam,"[0.5048553719008265,0.511253088535524]"
0.08569115016846596,0.5222325926155826,114,5,0.15,0.7,0.22388773630275843,100,0.009172411027960535,120,relu,200,ie3Po,adam,"[0.5326446280991737,0.5222325926155826]"
0.2830395644999427,0.5291296125759686,92,2,0.15,0.7,0.31254379243301905,50,0.028065437633585592,133,elu,200,rTdIl,adam,"[0.49524793388429744,0.5291296125759686]"
3.216907565602439e-05,0.4359970646709832,194,6,0.15,0.7,0.002993359359385536,100,0.017912685399217754,200,relu,200,R8XcB,SGD,"[0.5140495867768595,0.4359970646709832]"
0.0013008738070300117,0.5494806050894312,47,4,0.15,0.7,0.29920741182741095,5,0.02376872980684825,162,elu,200,ea6yA,adam,"[0.577892561983471,0.5494806050894312]"
0.004423173576665517,0.4786611950426293,86,3,0.15,0.7,0.0495663074528499,100,0.08565088177173161,62,relu,200,b2S16,adam,"[0.5489669421487603,0.4786611950426293]"
0.21268754229152181,0.5201508245022713,171,2,0.15,0.7,0.24302315864354032,10,0.07764974104304316,185,elu,200,D5MQe,adam,"[0.5159090909090909,0.5201508245022713]"
0.00019056518699837088,0.46347961068852195,53,5,0.15,0.7,0.06287608113851281,100,0.0518819347345421,168,elu,200,fxqwr,adam,"[0.49400826446281,0.46347961068852195]"
0.021055482810790716,0.4951020410610257,35,3,0.15,0.7,0.2767552753844601,30,0.033440148145206995,56,relu,200,eiLWt,SGD,"[0.5258264462809917,0.4951020410610257]"
0.11754674634113339,0.5790717703787275,155,4,0.15,0.7,0.19610472574572962,50,0.04276654000432411,71,elu,200,DdUKz,adam,"[0.552892561983471,0.5790717703787275]"
0.12926539661246308,0.5537375873002139,153,6,0.15,0.7,0.19850789353592396,50,0.04062015883478121,71,elu,200,OILDM,adam,"[0.5851239669421486,0.5537375873002139]"
0.008620332459888132,0.5661981814179338,164,5,0.15,0.7,0.38762423940181395,50,0.020128590694903206,27,elu,200,Ef8eG,adam,"[0.5725206611570248,0.5661981814179338]"
0.49805840386039185,0.512577714957623,183,4,0.15,0.7,0.15857337445395295,50,0.013264314316863899,86,elu,200,z0G3p,adam,"[0.5193181818181818,0.512577714957623]"
0.03235985836243366,0.5509684106154945,158,5,0.15,0.7,0.1898305644865274,50,0.04378516236653016,77,elu,200,HxB11,adam,"[0.5557851239669421,0.5509684106154945]"
0.3726781157308138,0.5373569045124644,179,6,0.15,0.7,0.2653693042873697,50,0.0312319099741956,53,elu,200,OcMWB,SGD,"[0.559297520661157,0.5373569045124644]"
0.06633143319056735,0.5666549410944329,187,4,0.15,0.7,0.17060433609169895,50,0.038141020343790626,64,elu,200,MTlkf,adam,"[0.5419421487603305,0.5666549410944329]"
0.10098518434626053,0.5318587116948232,148,3,0.15,0.7,0.20800011913656494,50,0.056641363226082014,89,elu,200,zHP9z,adam,"[0.5394628099173554,0.5318587116948232]"
0.045229664886676735,0.5423632874921236,133,4,0.15,0.7,0.254673196745968,50,0.0540325786180776,66,elu,200,EIvqc,adam,"[0.5508264462809918,0.5423632874921236]"
0.025896387790967857,0.5449094190436149,122,3,0.15,0.7,0.14041599697719584,50,0.04201731164398202,106,elu,200,wpOwJ,adam,"[0.5878099173553719,0.5449094190436149]"
0.1710139454236234,0.5322688478793756,161,4,0.15,0.7,0.18265737319896624,100,0.05982666155240956,80,elu,200,tGyIR,adam,"[0.5320247933884298,0.5322688478793756]"
0.2314961122343129,0.5441570849230182,173,4,0.15,0.7,0.2208381739541949,100,0.046991991895367236,129,elu,200,h8osc,adam,"[0.5180785123966942,0.5441570849230182]"
0.05965440926432992,0.5387202156857294,143,3,0.15,0.7,0.22950798045798323,50,0.036126417922959154,73,elu,200,c7XEU,adam,"[0.5636363636363637,0.5387202156857294]"
0.3290365111735723,0.524131538516882,137,5,0.15,0.7,0.28946933075474396,100,0.06363699116733455,114,elu,200,GkeYn,adam,"[0.5185950413223142,0.524131538516882]"
0.00354690651157259,0.5249802809975697,88,5,0.15,0.7,0.1307942108869281,5,0.034473690322714134,98,relu,200,NQtZN,adam,"[0.5524793388429752,0.5249802809975697]"
0.1340102217668686,0.5013328084728709,150,2,0.15,0.7,0.1535735700369817,10,0.044402763950194664,24,elu,200,JJ9Z1,adam,"[0.5001033057851239,0.5013328084728709]"
0.036608552120945013,0.5648857172850213,198,4,0.15,0.7,0.0922471039277115,100,0.050463824565715916,34,elu,200,L2HVE,adam,"[0.5634297520661157,0.5648857172850213]"
0.00987714838644128,0.5225757774432533,110,3,0.15,0.7,0.20377876275072246,30,0.03956834399748652,16,relu,200,Km5Ux,adam,"[0.5332644628099172,0.5225757774432533]"
0.1001758496792142,0.5615654390328224,80,2,0.15,0.7,0.21424348280691763,50,0.02570236542546369,83,elu,200,rDpMD,adam,"[0.5200413223140495,0.5615654390328224]"
0.006289142088760543,0.4748939521010291,125,4,0.15,0.7,0.10374515619191477,100,0.06689448030070747,193,elu,200,UTotM,adam,"[0.5568181818181819,0.4748939521010291]"
0.19135846458582845,0.522092837279458,66,3,0.15,0.7,0.16224028627455728,100,0.029240443550466864,50,relu,200,WmKjA,adam,"[0.5336776859504132,0.522092837279458]"
0.07800186046956586,0.5235837035982643,70,5,0.15,0.7,0.1740999944548243,5,0.055043170066991,45,elu,200,XSBGo,adam,"[0.5068181818181818,0.5235837035982643]"
0.014587844217004587,0.5618789457555553,187,4,0.15,0.7,0.24842117706911315,100,0.022711148282366308,59,elu,200,vZZ2P,adam,"[0.5603305785123968,0.5618789457555553]"
0.48719106217074054,0.449284971394886,104,3,0.15,0.7,0.23628523044069866,50,0.01585334517964206,148,relu,200,tZNlc,adam,"[0.5105371900826448,0.449284971394886]"
0.020338144261377738,0.4785026719961764,131,2,0.15,0.7,0.18987331342015262,10,0.045624397779325594,42,elu,200,IVjuG,adam,"[0.5161157024793389,0.4785026719961764]"
0.0003848605072348488,0.4977741486567265,94,3,0.15,0.7,0.1507995451629312,100,0.05206962224982914,181,elu,200,PT2cJ,adam,"[0.5295454545454545,0.4977741486567265]"
0.052707204481202745,0.5119369010064021,63,4,0.15,0.7,0.08325008771144611,30,0.03219120870838631,89,relu,200,DXDsf,SGD,"[0.5322314049586776,0.5119369010064021]"
0.24713391535691157,0.5561176618563262,117,5,0.15,0.7,0.11661689521946819,100,0.04944910766265894,174,elu,200,lExPZ,adam,"[0.5264462809917355,0.5561176618563262]"
0.144116338538497,0.537720126970625,15,6,0.15,0.7,0.25915274184420956,100,0.03771718747622006,139,relu,200,LYJlN,adam,"[0.5530991735537191,0.537720126970625]"
0.0023550728799226497,0.469736364486445,77,2,0.15,0.7,0.19927538061316308,50,0.08238901098649509,125,elu,200,NA2xC,adam,"[0.5456611570247933,0.469736364486445]"
0.04074110020021083,0.5257189705396941,50,5,0.15,0.7,0.2791421240819514,5,0.042165757143902305,102,elu,200,aQpIj,adam,"[0.5150826446280992,0.5257189705396941]"
0.025159429993737246,0.5097948053656355,97,3,0.15,0.7,0.2404819416367262,100,0.05847375148282761,71,relu,200,zIITM,adam,"[0.5580578512396694,0.5097948053656355]"
0.4310100583873476,0.45868243172164275,56,2,0.15,0.7,0.2695041543104952,10,0.09636786343317132,189,elu,200,yz2s4,SGD,"[0.5094008264462809,0.45868243172164275]"
8.955568384245564e-05,0.44812620156281263,45,4,0.15,0.7,0.18184942841102497,100,0.07421069637659006,179,elu,200,t6Byc,adam,"[0.5316115702479339,0.44812620156281263]"
0.011724363809849724,0.539363406464237,83,4,0.15,0.7,0.0732208643877385,30,0.027755798782740565,109,relu,200,iiDwm,adam,"[0.5818181818181818,0.539363406464237]"
0.08608109658006084,0.5385928240842082,170,6,0.15,0.7,0.31030577386645164,50,0.07116209195816162,159,elu,200,ppkcO,adam,"[0.5586776859504132,0.5385928240842082]"
0.3024415032002757,0.5693858376361502,41,5,0.15,0.7,0.2249125470027898,100,0.06098654634352993,31,elu,200,J3V3Y,adam,"[0.5409090909090909,0.5693858376361502]"
0.0006183001511225318,0.46382586795173425,10,3,0.15,0.7,0.14099716927185763,70,0.06466147780658352,75,relu,200,bFTBd,SGD,"[0.4892561983471075,0.46382586795173425]"
4.809973416635694e-06,0.4373629926076149,177,2,0.15,0.7,0.16489568719112135,100,0.09968546154172073,166,elu,200,CClbh,adam,"[0.4830578512396695,0.4373629926076149]"
0.007392467022439036,0.534786205735571,90,4,0.15,0.7,0.12478330155961687,50,0.03588177053573788,195,elu,200,Ku00G,adam,"[0.5989669421487605,0.534786205735571]"
0.0012416787864732116,0.4742046565953878,113,3,0.15,0.7,0.3221635010776105,100,0.05607375924793031,68,tanh,200,ywLXt,adam,"[0.5433884297520661,0.4742046565953878]"
0.11889998176489171,0.491891186087154,32,5,0.15,0.7,0.3631315190169774,5,0.048384259633919,96,relu,200,hd34U,adam,"[0.5009297520661157,0.491891186087154]"
0.031243470827327025,0.5336623526206639,58,3,0.15,0.7,0.20965410999224754,10,0.07557328507664335,151,elu,200,B1EoO,adam,"[0.5469008264462809,0.5336623526206639]"
0.06033072091973222,0.46763923556600934,24,4,0.15,0.7,0.11105674716510687,100,0.09173236391689044,93,elu,200,ZqVZT,SGD,"[0.5212809917355372,0.46763923556600934]"
0.0016798663794984875,0.5040361445389135,74,7,0.15,0.7,0.1885501157215238,50,0.07940616159223399,170,relu,200,cUpPp,adam,"[0.5396694214876033,0.5040361445389135]"
0.17264567640945383,0.5243352231167535,67,3,0.15,0.7,0.04028485489434791,30,0.09367962528821662,120,elu,200,OJ4LS,adam,"[0.5485537190082643,0.5243352231167535]"
0.018944650250460996,0.5453164449252468,128,4,0.15,0.7,0.3995326248364921,100,0.06848379626718207,38,tanh,200,dxpY0,adam,"[0.5652892561983471,0.5453164449252468]"
0.3890344681082563,0.5407424600198147,160,2,0.15,0.7,0.34530664503687497,70,0.053536145701532464,186,elu,200,KTCWl,adam,"[0.5319214876033058,0.5407424600198147]"
0.07384884308159889,0.5534047292384306,142,6,0.15,0.7,0.17214358222953602,100,0.08656746615760699,54,relu,200,gJVHv,adam,"[0.5392561983471075,0.5534047292384306]"
0.005024024444369725,0.47640573570379674,120,5,0.15,0.7,0.30100260967654024,50,0.043644205480848755,79,elu,200,CpERr,SGD,"[0.5510330578512397,0.47640573570379674]"
0.2230218017932382,0.5023906362217182,37,5,0.15,0.7,0.21886707778002432,100,0.08943336007039761,10,elu,200,R2UlB,adam,"[0.5353305785123967,0.5023906362217182]"
0.0035924862484065386,0.5644518901187708,108,3,0.15,0.7,0.05508307370558668,5,0.01913338314214488,105,relu,200,tKgd5,adam,"[0.6039256198347108,0.5644518901187708]"
1.5699635090449726e-05,0.47278819184497023,19,4,0.15,0.7,0.257579235524373,10,0.03312627756716233,63,elu,200,Wva9P,adam,"[0.5161157024793388,0.47278819184497023]"
0.04527368619717091,0.5557301526257119,78,2,0.15,0.7,0.09887455311437002,100,0.0022519217627729876,155,tanh,200,E4xaR,adam,"[0.5549586776859503,0.5557301526257119]"
0.11826744445088788,0.5511602332195698,190,7,0.15,0.7,0.1322828616145789,50,0.039756502124401745,143,elu,200,fKXLO,adam,"[0.5175619834710744,0.5511602332195698]"
0.0001413195574774617,0.4495100858051206,99,4,0.15,0.7,0.22830784184338013,30,0.011034796625665484,162,relu,200,YDZr5,SGD,"[0.5756198347107438,0.4495100858051206]"
4.993766571038162e-05,0.46673331422707054,152,2,0.15,0.7,0.027058241571825792,100,0.04538802582241431,176,elu,200,D87fv,adam,"[0.5123966942148759,0.46673331422707054]"
0.015529157516318675,0.6036485947798981,63,5,0.15,0.7,0.2845617525512417,70,0.026357842690085058,136,elu,200,Futat,adam,"[0.5466942148760331,0.6036485947798981]"
0.013183681646695242,0.5596986820027925,63,6,0.15,0.7,0.32862766732547527,70,0.030169329640331484,133,elu,200,dOfT5,adam,"[0.5954545454545453,0.5596986820027925]"
0.002802173029847667,0.5485066111521558,71,7,0.15,0.7,0.29360864979216567,70,0.016562342139477736,138,elu,200,PO3UX,adam,"[0.5673553719008264,0.5485066111521558]"
0.00933883644068741,0.5589883312887096,52,6,0.15,0.7,0.3581191021654584,70,0.02554277845644002,115,elu,200,iO4UW,adam,"[0.5921487603305785,0.5589883312887096]"
0.025901917355094915,0.5034421977626617,85,5,0.15,0.7,0.33634040814794464,70,0.021200880726194922,128,elu,200,OF4m1,adam,"[0.5396694214876033,0.5034421977626617]"
0.0007669857232623394,0.447399058511284,62,6,0.15,0.7,0.29078583077698367,70,0.008704585319355113,124,elu,200,zQl3f,SGD,"[0.546900826446281,0.447399058511284]"
0.016598156430154158,0.5552149304261849,102,5,0.15,0.7,0.2827398260297397,70,0.007356137923825279,109,elu,200,ofaGX,adam,"[0.5762396694214875,0.5552149304261849]"
0.0022650672056837716,0.5107440951816667,82,6,0.15,0.7,0.31894023807222766,70,0.014216055050111254,102,elu,200,ruKzF,adam,"[0.5590909090909092,0.5107440951816667]"
0.006532936086390378,0.5615911608874729,88,5,0.15,0.7,0.2711359616936173,70,0.02300033832710227,92,elu,200,pULAK,adam,"[0.5640495867768595,0.5615911608874729]"
0.2980212181190021,0.5182137943720811,48,5,0.15,0.7,0.2478883665790848,70,0.026647428636839315,85,elu,200,PY7vp,adam,"[0.5332644628099172,0.5182137943720811]"
0.49788346863514593,0.5347680051711606,93,6,0.15,0.7,0.36526432289503213,70,0.004332118091424933,119,elu,200,Qafm0,adam,"[0.5043388429752066,0.5347680051711606]"
0.03651627222653116,0.47565919062828393,68,7,0.15,0.7,0.3084996077166515,70,0.037077678772948076,148,elu,200,FiOVX,SGD,"[0.5332644628099174,0.47565919062828393]"
0.05352993231255916,0.5375397103088753,74,5,0.15,0.7,0.3911631122720173,70,0.034369831491643896,111,elu,200,zfAlW,adam,"[0.5376033057851239,0.5375397103088753]"
0.00033837127919470746,0.4920231928259159,53,5,0.15,0.7,0.2768406809465273,50,0.02891725011960153,132,elu,200,LgWUt,adam,"[0.5272727272727272,0.4920231928259159]"
0.0960712191617547,0.5131364733282611,79,4,0.15,0.7,0.23697624965447178,5,0.017790810605218275,116,elu,200,p3I1C,adam,"[0.4929752066115702,0.5131364733282611]"
1.1011783252145865e-06,0.4745730286892315,59,6,0.15,0.7,0.26521597181395057,10,0.012208380040846813,99,elu,200,cfTW4,adam,"[0.5241735537190084,0.4745730286892315]"
0.0005183090619633233,0.460437672067601,40,4,0.15,0.7,0.25395576259892205,50,0.03141690630623599,136,elu,200,BP8da,adam,"[0.5638429752066115,0.460437672067601]"
0.1800010793690283,0.5316560716137773,138,5,0.15,0.7,0.35043482593659714,70,0.024482841510824926,82,elu,200,F31lZ,SGD,"[0.5873966942148761,0.5316560716137773]"
0.004673426246175026,0.5441122979714059,113,7,0.15,0.7,0.3810502891028231,30,0.042247941259961785,105,tanh,200,t1ToG,adam,"[0.5900826446280991,0.5441122979714059]"
0.02092519022517945,0.5239459281179493,44,5,0.15,0.7,0.298354732214662,50,0.03865830310882809,125,elu,200,TRl2t,adam,"[0.5588842975206612,0.5239459281179493]"
0.07072983010411807,0.5764468695036639,96,6,0.15,0.7,0.32456263130825797,70,0.051099886954692496,142,elu,200,SmEb6,adam,"[0.5458677685950414,0.5764468695036639]"
0.01073148298523824,0.5620707659370507,72,4,0.15,0.7,0.34114811746941986,5,0.04155063554501412,88,elu,200,emAcq,adam,"[0.506198347107438,0.5620707659370507]"
0.0002012233738705287,0.47731963975465097,104,4,0.15,0.7,0.245422900964547,10,0.04828394123043522,95,elu,200,fo3kC,adam,"[0.5239669421487603,0.47731963975465097]"
0.032673863137062976,0.4776116802037073,145,4,0.15,0.7,0.3681559461256966,50,0.033281388650654414,127,elu,200,QRFLZ,SGD,"[0.5483471074380165,0.4776116802037073]"
0.24942008402067103,0.4930786498813643,86,5,0.15,0.7,0.19665205068122296,30,0.03689083511929357,122,tanh,200,HNROm,adam,"[0.5361570247933884,0.4930786498813643]"
0.14319527340814425,0.5725038559187289,65,6,0.15,0.7,0.31147883101892,70,0.046729340097263025,113,elu,200,xCfgE,adam,"[0.5710743801652892,0.5725038559187289]"
0.014361212614426157,0.5788871650030534,56,5,0.15,0.7,0.010415522725161608,50,0.021016362409147907,59,elu,200,aFjur,adam,"[0.5739669421487604,0.5788871650030534]"
0.000950546052182737,0.5341419936247859,82,3,0.15,0.7,0.206465741270043,5,0.027981272642127616,74,elu,200,iaow0,adam,"[0.5981404958677687,0.5341419936247859]"
0.007590811023887149,0.5228401398839435,167,4,0.15,0.7,0.06683146385531369,70,0.06182910857889652,153,elu,200,Vmaua,adam,"[0.5516528925619835,0.5228401398839435]"
0.09076117924239203,0.5144474044332794,92,5,0.15,0.7,0.2847958508377648,10,0.030673266687975785,90,tanh,200,TPOJ4,SGD,"[0.5700413223140495,0.5144474044332794]"
0.003636428628594817,0.4916423381821072,76,6,0.15,0.7,0.08660734185451645,50,0.05845269942348455,66,elu,200,qtoYA,adam,"[0.5483471074380165,0.4916423381821072]"
0.40393734515722296,0.5337688647418996,30,7,0.15,0.7,0.0006833785268430259,30,0.015066066269717224,44,elu,200,qQRJZ,adam,"[0.546900826446281,0.5337688647418996]"
0.042942487756783915,0.4874628212842316,199,4,0.15,0.7,0.2354555036568419,70,0.05264147321190655,147,elu,200,JldsO,adam,"[0.5390495867768595,0.4874628212842316]"
0.02265444490215738,0.5789885402411878,123,3,0.15,0.7,0.21639117520399812,50,0.04374210790992139,100,elu,200,r5iAo,adam,"[0.5570247933884297,0.5789885402411878]"
0.19920777817185298,0.5449101195933699,134,4,0.15,0.7,0.22743491104410707,100,0.0006085355381562976,158,elu,200,irNoO,adam,"[0.5151859504132232,0.5449101195933699]"
0.001704061107311701,0.47754646112457444,49,5,0.15,0.7,0.30182865157230504,5,0.03983241688065697,78,tanh,200,O45i9,SGD,"[0.5318181818181819,0.47754646112457444]"
0.061869520314456285,0.5370848868382236,108,3,0.15,0.7,0.331830555377085,70,0.03500785474750375,131,elu,200,Dj8io,adam,"[0.5555785123966942,0.5370848868382236]"
0.3307341433684308,0.49019695679679376,88,5,0.15,0.7,0.25836685796523234,10,0.019258214430433938,140,elu,200,y1IOm,adam,"[0.4907024793388429,0.49019695679679376]"
0.0059346327135475566,0.5431723711856526,59,6,0.15,0.7,0.17520134245159735,100,0.023022010944264294,56,elu,200,Tbqjl,adam,"[0.6082644628099174,0.5431723711856526]"
0.1278510624651882,0.5207846804579813,67,4,0.15,0.7,0.14720790519203097,50,0.04618824612657156,105,elu,200,MHSDa,adam,"[0.5328512396694214,0.5207846804579813]"
0.027669671580065516,0.5667242290141564,44,5,0.15,0.7,0.019090563051585824,30,0.0565276609511466,135,elu,200,grUhn,adam,"[0.5553719008264462,0.5667242290141564]"
0.0012539519445574463,0.4585339013517758,34,4,0.15,0.7,0.16190106527522627,100,0.025630422791078196,118,tanh,200,eQCAd,SGD,"[0.537396694214876,0.4585339013517758]"
0.009446120881223968,0.5499409709236793,116,3,0.15,0.7,0.26555880602659593,70,0.049673532263296336,84,elu,200,gYdr5,adam,"[0.5359504132231405,0.5499409709236793]"
0.017840986366180096,0.5845404945215725,97,6,0.15,0.7,0.1855048787450407,50,0.06559437269988672,69,elu,200,fp8Bi,adam,"[0.5605371900826446,0.5845404945215725]"
0.002665203157515146,0.5005790557760117,101,8,0.15,0.7,0.2794119957884145,100,0.07807673763407959,50,elu,200,yrY16,adam,"[0.5483471074380165,0.5005790557760117]"
0.00199083904539121,0.4862635755007541,97,7,0.15,0.7,0.0805399835937439,5,0.08230244224626185,150,elu,200,eNCm0,adam,"[0.5448347107438017,0.4862635755007541]"
0.004349790858612955,0.5039681322969817,71,8,0.15,0.7,0.11813585759186153,50,0.0729989531583827,172,elu,200,YOETH,adam,"[0.5605371900826446,0.5039681322969817]"
0.0008362165324809215,0.4693660121135828,106,7,0.15,0.7,0.18430391829420692,100,0.07071246772085853,109,elu,200,IxLbF,adam,"[0.5355371900826447,0.4693660121135828]"
0.0031770229758403073,0.47869526177870086,77,7,0.15,0.7,0.31824455665439866,70,0.09753149612390201,145,tanh,200,RF6nN,SGD,"[0.5423553719008265,0.47869526177870086]"
0.016789441004290768,0.47358939199405664,84,8,0.15,0.7,0.04501632335793562,10,0.06667959505088607,115,elu,200,itydj,adam,"[0.5324380165289255,0.47358939199405664]"
0.007800943560084285,0.4817896013556678,90,7,0.15,0.7,0.24335590208379623,30,0.07981235309548879,199,elu,200,Of4cv,adam,"[0.5578512396694215,0.4817896013556678]"
0.0006246911219303232,0.481772314180104,62,6,0.15,0.7,0.28757758979567777,100,0.0853122095761835,16,elu,200,bylyy,adam,"[0.4896694214876033,0.481772314180104]"
3.179299367369212e-05,0.47051153478533436,55,7,0.15,0.7,0.15660086203056772,50,0.08407655720642888,161,elu,200,apZ8S,adam,"[0.5175619834710743,0.47051153478533436]"
0.012588916883505677,0.49398990755271244,94,6,0.15,0.7,0.03172299947156676,70,0.06526611669865158,166,elu,200,FYRVv,adam,"[0.562603305785124,0.49398990755271244]"
0.000480279361045603,0.4703550183858319,111,9,0.15,0.7,0.27335938169941926,100,0.0902549543080158,128,tanh,200,t45lg,SGD,"[0.505888429752066,0.4703550183858319]"
0.0002848791408059392,0.4737932926554239,129,7,0.15,0.7,0.35493745113041825,5,0.07565716056745252,96,elu,200,HNjTe,adam,"[0.5466942148760331,0.4737932926554239]"
0.005629048714415211,0.46399913682417865,119,6,0.15,0.7,0.13347276618084095,50,0.06938471395552125,182,elu,200,rxAud,adam,"[0.5737603305785124,0.46399913682417865]"
0.001284875614112674,0.4571429009166315,80,6,0.15,0.7,0.3743590816749155,100,0.09414070575476018,123,elu,200,uSLTH,adam,"[0.540909090909091,0.4571429009166315]"
0.00010544170975276018,0.47948095975003546,69,9,0.15,0.7,0.10413086932445605,70,0.08848496405228615,69,elu,200,zmHB6,adam,"[0.5072314049586778,0.47948095975003546]"
0.047435769632643975,0.5066906465610858,39,8,0.15,0.7,0.21070278958934108,10,0.054109117752178665,63,elu,200,dqGrt,adam,"[0.5198347107438017,0.5066906465610858]"
0.0341012178037307,0.5124588356443096,26,6,0.15,0.7,0.09012930314921558,30,0.09995706032421588,22,tanh,200,YTszf,SGD,"[0.5237603305785123,0.5124588356443096]"
0.07091037806341759,0.5661058026039344,102,5,0.15,0.7,0.19121079306419653,50,0.062404136148791346,73,elu,200,bVVSi,adam,"[0.5355371900826446,0.5661058026039344]"
0.09238559220831898,0.5350867963663793,98,5,0.15,0.7,0.1990219366035635,50,0.0514349499030074,30,elu,200,cIerl,adam,"[0.5512396694214876,0.5350867963663793]"
0.14280472559978313,0.5596845667212634,83,5,0.15,0.7,0.1686509186802661,50,0.0551910428215751,81,elu,200,ujhe1,adam,"[0.5504132231404959,0.5596845667212634]"
0.020856069981810103,0.5521694762647071,74,5,0.15,0.7,0.22253590427351694,50,0.06408041996186803,40,elu,200,lvICv,adam,"[0.553099173553719,0.5521694762647071]"
0.25544867536015964,0.5544385593821347,124,6,0.15,0.7,0.17819457567069913,50,0.05770365979910499,76,elu,200,x0CbQ,adam,"[0.5473140495867768,0.5544385593821347]"
0.02676868624056165,0.570129936639587,90,5,0.15,0.7,0.20190425267599024,50,0.06028283668174109,86,elu,200,uovFV,adam,"[0.5522727272727274,0.570129936639587]"
0.05493646556496604,0.5668715385874145,51,6,0.15,0.7,0.23124156331492762,50,0.04454545009712251,61,elu,200,qx6ED,adam,"[0.5454545454545455,0.5668715385874145]"
0.10647771963960907,0.5536258998893502,78,4,0.15,0.7,0.1448296576255872,50,0.031669581885037046,49,elu,200,ErLzR,adam,"[0.5619834710743801,0.5536258998893502]"
0.014946098801035363,0.5556986828497167,106,4,0.15,0.7,0.12573334996829383,50,0.03876304034079547,92,elu,200,XPacS,adam,"[0.5524793388429752,0.5556986828497167]"
0.03875251998432732,0.5775231154868437,61,6,0.15,0.7,0.1513967685115723,50,0.04257966869156497,104,elu,200,KQc5B,adam,"[0.5460743801652892,0.5775231154868437]"
0.1599203261022928,0.5149304735124296,86,5,0.15,0.7,0.249462985402016,50,0.0353940489039937,68,elu,200,SxesB,adam,"[0.5545454545454545,0.5149304735124296]"
