epochs,optimizer,batch_size,layer_2,preweight,trialJobId,dropout,reward,layer_1,regularization,train_frac,learning_rate,activation,test_frac
200,SGD,5,14,5,g2UAu,0.3137567757218862,0.4233982595526854,195,0.04686277805893055,0.7,4.8183828358825135e-06,tanh,0.15
200,SGD,50,109,3,p34lF,0.29304547019834504,0.4537764121854263,127,0.08905696260296982,0.7,6.016847885628009e-05,relu,0.15
200,SGD,10,24,9,rHVmD,0.2735637608960849,0.6000919299196892,40,0.07651607395007885,0.7,0.31572261382473543,relu,0.15
200,adam,50,193,5,xKUei,0.33804859554599753,0.5434989499688762,77,0.0711456041456826,0.7,7.26778702468718e-06,elu,0.15
200,SGD,70,35,7,XfgTv,0.06058126425504984,0.5556051086224507,145,0.09981289056450811,0.7,0.0014636003077437244,elu,0.15
200,SGD,5,197,5,Qw5IS,0.24756913259519864,0.5916101167323549,96,0.09928454656165143,0.7,0.006422731146898281,tanh,0.15
200,SGD,5,168,2,XYUgx,0.360328375733509,0.40797894589871,61,0.08132739788723564,0.7,1.140293320769733e-06,tanh,0.15
200,SGD,5,129,9,RhKuy,0.0958579571530541,0.5326456807493207,76,0.05012147418961613,0.7,0.00010004510512254643,tanh,0.15
200,adam,70,107,8,bv9oM,0.37423554076333204,0.5263680644896838,142,0.003391298546247312,0.7,0.3768214682874501,relu,0.15
200,SGD,70,66,4,CZp7A,0.23623995569630557,0.5232041081460364,134,0.02027751526942234,0.7,0.006221107447419683,relu,0.15
200,adam,70,171,6,U2dKb,0.28841603466297355,0.5176758105415425,68,0.08656876799419216,0.7,0.42059007595147946,elu,0.15
200,SGD,50,177,5,nwvn0,0.26407922482907814,0.4824794606241235,182,0.0333107707958995,0.7,0.0004693053736237711,tanh,0.15
200,adam,30,40,8,uBZgQ,0.33716268001288613,0.6030670612112391,182,0.041645625995772054,0.7,2.2224727988047417e-05,relu,0.15
200,adam,10,81,8,TqOBO,0.09207102579666447,0.5747162750301456,163,0.06916165258246114,0.7,1.7767771188686893e-05,tanh,0.15
200,adam,10,39,4,cTaxe,0.015176205960213763,0.4943261395161356,70,0.02564364551966848,0.7,0.1129991564033211,relu,0.15
200,adam,30,133,3,GKkKq,0.020707552364357708,0.6330279303437718,49,0.07318119968354882,0.7,0.0003663640822315963,relu,0.15
200,adam,30,127,2,MncjC,0.36938223792819486,0.605182611294764,13,0.04706332689879777,0.7,0.00023510550557947563,elu,0.15
200,adam,30,27,3,bey8X,0.01350157982604956,0.634680253615835,172,0.001660118966729507,0.7,0.0020781715506710302,tanh,0.15
200,adam,70,35,7,R3Xgs,0.019309241422465862,0.6148712768919105,49,0.08144573023240642,0.7,0.00046716530879638166,elu,0.15
200,adam,10,87,5,AUmzx,0.07587504169134443,0.6047862087381836,24,0.0008490555728440374,0.7,0.00022445660382100916,tanh,0.15
200,adam,100,146,3,rwavg,0.15575967467593166,0.6357529219755277,104,0.06128972719462673,0.7,0.025913640930897635,relu,0.15
200,adam,100,150,3,B7brR,0.15606989756607229,0.5732353386169163,109,0.061449597113916496,0.7,0.034367038281073334,tanh,0.15
200,adam,100,150,2,CyRp2,0.16172891232130027,0.5623712856886132,103,0.060207556527969996,0.7,0.015616469049757458,relu,0.15
200,adam,100,60,4,eIsta,0.13748510471845832,0.6710916112464954,120,0.013063068166843075,0.7,0.0015284277487267377,tanh,0.15
200,adam,100,60,4,lrUzw,0.18577444598388604,0.5903993533313739,119,0.01776426997071947,0.7,0.029243786083747485,relu,0.15
200,adam,100,89,4,CiIqs,0.13021982196147988,0.5794944739410036,96,0.01064252582163968,0.7,0.07183279223207953,relu,0.15
200,adam,100,60,6,bFYtI,0.21219480141268932,0.6302019194559251,154,0.035459321173325425,0.7,0.00180868923365339,tanh,0.15
200,adam,100,73,3,rTku1,0.1200536959534182,0.6017638808049024,117,0.057467980795226935,0.7,0.007040454883978716,relu,0.15
200,adam,100,101,2,SeaP5,0.19494290648216256,0.602513061728349,84,0.05345145657793457,0.7,0.0037259932875390984,tanh,0.15
200,adam,100,11,4,Ix4bU,0.04882354463169544,0.5674273945888931,193,0.04072197974178098,0.7,0.07553921905987392,tanh,0.15
200,adam,100,117,3,a7b41,0.14560954242927115,0.5786535716441813,128,0.06483995720787852,0.7,0.017874967685684293,relu,0.15
200,adam,100,147,6,uOxHU,0.11820589659797592,0.6322514398673629,87,0.027638720772888172,0.7,0.0009918703839410382,elu,0.15
200,adam,50,96,5,IvtYd,0.22398574293555923,0.49988628128708157,116,0.012888828275426993,0.7,0.13861894977662567,relu,0.15
200,SGD,100,53,2,EAvlW,0.1875635902319748,0.4437970411016872,152,0.09345300215883824,0.7,4.8381570912504585e-05,tanh,0.15
200,adam,50,183,4,AJ7D8,0.17360589779306013,0.639149766067697,135,0.053222398523492746,0.7,0.003098411249830551,elu,0.15
200,SGD,50,185,7,T0nQ6,0.3152429192651266,0.48394275474616977,138,0.04169537487514502,0.7,4.645137358124267e-06,elu,0.15
200,adam,50,116,10,aKK8A,0.04116737980081642,0.6556699347042857,168,0.008039175607741245,0.7,0.00013269086864974508,elu,0.15
200,SGD,50,47,5,uyRMF,0.07399776931346877,0.44718324105720164,200,0.009249068642078145,0.7,2.3495540317554553e-06,elu,0.15
200,adam,5,115,9,U5pqM,0.039163597230937694,0.628666666492148,165,0.007658947984249265,0.7,0.0001098000787611838,elu,0.15
200,SGD,50,75,10,olNkx,0.04378176670932945,0.4197359100436193,190,0.019758234260487863,0.7,2.8605499394850337e-05,elu,0.15
200,adam,5,16,10,dJz2o,0.09426286486963556,0.6034293738758125,150,0.027528104686620737,0.7,9.676291665542924e-06,elu,0.15
200,adam,50,161,7,fG0bp,0.10871721267435418,0.6439936751940205,173,0.015193912043380166,0.7,0.0001164602349808786,tanh,0.15
200,SGD,50,137,9,TFWJl,0.13628699071654254,0.5113991962629734,160,0.004449793773696305,0.7,0.0008953013857659597,elu,0.15
200,adam,10,115,8,zpxC5,0.05959611838509975,0.6099745215412485,127,0.03223818158228638,0.7,5.770961708223182e-05,tanh,0.15
200,adam,70,20,6,h4E14,0.25312385899289264,0.6203300262995113,179,0.022916631190725338,0.7,0.00018323530696167135,elu,0.15
200,SGD,5,98,10,fYWV4,0.07737358899029399,0.5966756899790956,145,0.005007746944685639,0.7,0.009834163394549993,tanh,0.15
200,adam,30,68,7,XyxOK,0.2108491871163954,0.5369908624084251,129,0.016616691371989532,0.7,1.247054334698449e-06,elu,0.15
200,adam,50,108,5,ufWmp,0.2730262540397075,0.6188701430370737,96,0.03764455917444195,0.7,1.2315809211810764e-05,tanh,0.15
200,SGD,10,125,8,XH6co,0.031130766091370908,0.449650366380758,58,0.03174017493745955,0.7,3.642295537746558e-05,elu,0.15
200,adam,70,27,9,Iiv9F,0.23350370739205473,0.6590514881209956,30,0.024448721433012566,0.7,0.0005784452378401703,tanh,0.15
200,adam,70,31,9,g9jWA,0.30573262146142455,0.6556451923558898,35,0.04697525566181917,0.7,0.0006053386465573463,tanh,0.15
200,adam,70,47,6,jJ2Ot,0.3364688915104783,0.5489509658159044,10,0.021607735329639572,0.7,0.21433914817604724,tanh,0.15
200,adam,70,26,8,vHfNG,0.23921183730587037,0.6282590115430672,63,0.024695355491931987,0.7,0.0032885154996240653,tanh,0.15
200,SGD,70,43,5,mIKod,0.28341476038656127,0.5389280718055661,23,0.028802117384972365,0.7,0.0012504414250901097,tanh,0.15
200,adam,70,55,9,LLh0U,0.26247026996317446,0.6192778047754828,81,0.0005567623688290911,0.7,0.00038574912053036136,tanh,0.15
200,adam,30,88,4,Stv6e,0.3978117781128851,0.6373634326729976,37,0.012049970781634277,0.7,0.005863388755450796,tanh,0.15
200,adam,70,19,6,iK9HZ,0.1772175989204295,0.638176248634893,47,0.03725347721958948,0.7,0.0002817586804501952,tanh,0.15
200,adam,5,77,7,yOga3,0.20833038137029503,0.508576134028614,21,0.04164281048793342,0.7,0.051149418593227865,tanh,0.15
200,SGD,10,34,3,lx178,0.23140149875642232,0.5682823700253345,73,0.015331154377162553,0.7,0.002042040562426468,tanh,0.15
200,adam,70,82,2,ivor7,0.30686587253362285,0.5743645612987336,90,0.050104767529686664,0.7,7.189843573375678e-05,tanh,0.15
200,adam,30,70,4,rz7yu,0.3926296493799228,0.6195288218523322,110,0.06887685033440807,0.7,0.012029133471298045,tanh,0.15
200,adam,100,11,8,AVtB2,0.3553026911480165,0.5984680984980872,54,0.044319210497492684,0.7,0.0006398346639367301,tanh,0.15
200,adam,70,62,5,LQTMy,0.16238365666961685,0.5409702776771788,29,0.029489454749606517,0.7,4.14641114513775e-06,tanh,0.15
200,SGD,100,53,3,zfPjZ,0.10685984459569192,0.4885808179906834,68,0.07982184281646117,0.7,0.004457591538098572,relu,0.15
200,adam,10,40,7,jKOZa,0.32365419153668107,0.5480721133176438,79,0.055722447696588476,0.7,0.020348916699178432,tanh,0.15
200,adam,50,140,10,DitXW,0.00944786691155896,0.6345658821151157,159,0.006123568779169426,0.7,0.00013168196933792585,elu,0.15
200,adam,50,158,10,l1S7R,0.14640017855742868,0.6294988641028524,169,0.01808470053579154,0.7,0.00017971412673894126,elu,0.15
200,adam,50,124,9,mtTfY,0.06653363663598424,0.647905597687367,188,0.0013342368908871019,0.7,2.0535179351927155e-05,elu,0.15
200,adam,5,93,9,OQSoz,0.083911542772346,0.6312683979674156,139,0.023861872680148118,0.7,7.404618919632742e-05,elu,0.15
200,adam,100,81,10,HgMGU,0.001538213488583129,0.615280131432858,199,0.009985602246132243,0.7,0.001279205035937228,relu,0.15
200,adam,30,120,8,ZDiGN,0.12834147647494748,0.624443462085409,97,0.013665025633035373,0.7,0.00032044420688782287,tanh,0.15
200,adam,70,106,10,qyLYk,0.19762910473879874,0.632509891754921,119,0.020043409846414208,0.7,0.002529004049655789,elu,0.15
200,adam,50,133,9,i5F70,0.25154914688829405,0.6301582839914138,179,0.00726583464634388,0.7,0.0008793663277934477,tanh,0.15
200,adam,100,103,9,CgIDx,0.22610798354265457,0.6316344529630633,111,0.002219356122740105,0.7,0.0005019735504816034,elu,0.15
200,adam,100,64,10,IXf9c,0.10657741003969763,0.5197184718413996,148,0.026694860358533586,0.7,7.505158263849549e-06,relu,0.15
200,adam,50,24,8,djLbd,0.026376293718874483,0.5703495036405491,100,0.03396265472662563,0.7,3.453358995315186e-05,tanh,0.15
200,adam,10,47,4,TfThq,0.17241365679657214,0.5960797515344463,90,0.038898319908963815,0.7,1.3988486149543406e-05,elu,0.15
200,adam,5,112,2,fkjYy,0.14495203135027857,0.6031752579758147,133,0.009016596637697227,0.7,0.0001865504086866064,tanh,0.15
200,adam,70,94,10,BlTLG,0.054804350902495844,0.6084965850161446,185,0.03102304519441304,0.7,0.008757682710760436,elu,0.15
200,SGD,100,56,6,A4FoM,0.186743138401905,0.5178945993484696,155,0.012136585338789696,0.7,0.0015974824737344123,relu,0.15
200,adam,50,31,5,csRB5,0.28836100580776836,0.6296983438268741,122,0.018178887213382233,0.7,0.005236134881553691,tanh,0.15
200,adam,30,157,4,DlEIr,0.21319009589692028,0.5868718185858183,144,0.0037200477975005263,0.7,4.44793621486161e-05,elu,0.15
200,adam,70,199,3,Ewj8D,0.08494073665429624,0.585385501260044,44,0.03471036416428644,0.7,0.0001365827534500609,tanh,0.15
200,SGD,100,143,7,qMAKY,0.24046988277298995,0.4995413835535503,166,0.09710548129122422,0.7,0.0004042326252613005,tanh,0.15
200,adam,50,85,9,aF1Aa,0.2636896054031482,0.5595879583791756,174,0.021842633185373467,0.7,1.712051089921577e-06,elu,0.15
200,adam,5,172,10,SmtuX,0.001662426126963934,0.6263067713017388,16,0.015016570807102616,0.7,0.002581931976829197,relu,0.15
200,adam,10,132,7,mqr4g,0.27671361373534725,0.6161210144966864,124,0.02465102885630275,0.7,0.0002430945704444286,tanh,0.15
200,SGD,70,73,8,tvVGl,0.11478766254371604,0.4936845306648827,114,0.044383391679558924,0.7,8.505538912738506e-05,tanh,0.15
200,adam,100,17,2,MGCNT,0.16555247774465043,0.6145546814945566,107,0.007326739054525903,0.7,0.0009904231405979068,elu,0.15
200,adam,30,50,6,fej6Z,0.0994294871285205,0.6264954742694616,131,0.05195683848743863,0.7,2.796940263003577e-05,tanh,0.15
200,adam,50,100,3,L1wIc,0.034884016802970846,0.5860250277609432,103,0.06452827726741317,0.7,0.0006614731900307101,elu,0.15
200,adam,70,11,9,isfUq,0.21942132023086625,0.6155994946941847,196,0.00012736546162133225,0.7,6.0074460630555395e-05,tanh,0.15
200,SGD,100,191,5,fyx6d,0.13106078602701027,0.5462752077410364,157,0.030450909889358377,0.7,0.012062712588409534,relu,0.15
200,adam,50,39,4,jQMSy,0.2961273596107944,0.5154946543681418,64,0.011039239357987098,0.7,3.184132393897005e-06,tanh,0.15
200,adam,10,121,8,hqw19,0.0668057595824441,0.5935181624680373,138,0.07383295322400511,0.7,0.00050807318453161,elu,0.15
200,adam,70,110,10,uWw19,0.15192149691891982,0.5420786987802392,75,0.04496809118284807,0.7,0.06183209860835154,tanh,0.15
200,SGD,5,69,5,WeiiJ,0.049556040833899695,0.6257175269564814,162,0.026241026834252563,0.7,0.031568816559357366,tanh,0.15
200,adam,100,91,7,KYebd,0.3480498475425107,0.6028956406711659,53,0.036865647225396606,0.7,0.10422626061816186,elu,0.15
200,adam,30,78,6,J6mRB,0.37973563428909796,0.6052503372285386,85,0.005195949190085889,0.7,0.045162996475583486,relu,0.15
200,adam,50,21,9,WJCHN,0.2061153278585769,0.6151675741096675,177,0.08851039874370162,0.7,0.008034831701302272,tanh,0.15
200,adam,70,58,3,nF8Nl,0.18279442123521386,0.6598354166247261,31,0.020383700916638242,0.7,0.0044837018959937745,elu,0.15
200,adam,70,29,3,id8RN,0.19356069806944579,0.5437923564382825,31,0.020745369465331075,0.7,0.22687876651008537,tanh,0.15
200,SGD,70,44,2,RjSVV,0.24431881552142487,0.5401547641973913,17,0.0405569267699957,0.7,0.004009296018721981,elu,0.15
200,adam,70,58,3,N9rYs,0.17849528135783987,0.583815374409417,42,0.05886793233435249,0.7,0.014354500510150865,tanh,0.15
200,adam,70,34,3,deHAl,0.13728196787239397,0.6141541559499445,27,0.01722705973092825,0.7,0.021826203131054156,relu,0.15
200,adam,70,62,2,V2DHE,0.23178686557853018,0.5894733459103054,37,0.048034515069692446,0.7,0.0013072864588246054,tanh,0.15
200,adam,70,23,4,r92Ym,0.25690627128740073,0.6191496499035017,10,0.028785312986031663,0.7,0.0024633626777552293,elu,0.15
200,SGD,70,51,4,bXKX1,0.32305307608075273,0.6009081317451165,59,0.013672424396570569,0.7,0.006332246271024586,tanh,0.15
200,adam,70,37,2,dz3P4,0.22104459125559953,0.6507419898093578,92,0.05525540803194851,0.7,0.001930186513384775,elu,0.15
200,adam,100,66,3,kai0Z,0.12053915887234866,0.6137205071463553,32,0.031923740694107666,0.7,0.0008420348059240815,tanh,0.15
200,adam,70,13,5,MTf2m,0.2725591808716587,0.6244401641590356,69,0.02279853184509083,0.7,0.02518894441522473,relu,0.15
200,adam,10,42,4,hayTi,0.15805637555835428,0.6661660246018757,18,0.01950560831854856,0.7,0.004594915683250934,elu,0.15
200,adam,10,42,4,fv7xK,0.2023991025621376,0.5229018704256732,50,0.03947864378984135,0.7,0.4517330778327742,elu,0.15
200,SGD,10,59,3,Y8KLD,0.15568251672687228,0.5957347998199198,22,0.019049756101802432,0.7,0.10173099860213156,elu,0.15
200,adam,10,86,4,W5odz,0.09818456968256971,0.646154206591179,14,0.015748931763978534,0.7,0.04336887390039837,elu,0.15
200,adam,10,81,2,jQTOA,0.1785265098532939,0.5889929788904203,80,0.0839671588038042,0.7,0.21724892311813143,elu,0.15
200,adam,10,72,5,To24I,0.16784211325066695,0.5166991912795945,27,0.002904299152188502,0.7,0.33998158610849677,elu,0.15
200,adam,10,77,4,nru1c,0.1243664021561301,0.6104895552412586,65,0.036019392639126846,0.7,0.0032041449145813767,elu,0.15
200,SGD,10,96,2,o2Mr2,0.14107476701640262,0.5894690751444667,54,0.013244636798629215,0.7,0.010448963095232817,elu,0.15
200,adam,5,47,5,Rr6xB,0.084879844554958,0.603135986306653,72,0.033176635912342906,0.7,0.005027680453056872,elu,0.15
200,adam,10,64,3,swPW2,0.11338505712308991,0.5724489788837877,44,0.04282020289181004,0.7,0.01458636544057896,elu,0.15
200,adam,100,32,4,gq691,0.1612209563283014,0.5459050749610269,113,0.027726532086619803,0.7,0.16178310319484052,elu,0.15
200,adam,30,54,3,gY3fc,0.19169459642892955,0.6421939663536919,18,0.008940525798046028,0.7,0.0014978761488244634,elu,0.15
200,SGD,10,16,5,Xg8VK,0.1512613366028899,0.6600177630268245,148,0.02103507105619628,0.7,0.036911793874007115,elu,0.15
200,SGD,10,27,6,ANBZB,0.06900525235614434,0.6235455507155651,150,0.010613666428489738,0.7,0.08265113324515216,elu,0.15
200,SGD,10,10,5,j7MDP,0.15097865075233124,0.6109116671190176,124,0.06292049779792831,0.7,0.034601378192262125,elu,0.15
200,SGD,10,18,6,YFdMa,0.09040264125995695,0.5464318571494392,135,0.06790720724236582,0.7,0.00788205302237478,relu,0.15
200,SGD,10,23,5,FI5BT,0.1330564270791899,0.6316376125621563,146,0.005532003310017535,0.7,0.060669940749333004,elu,0.15
200,SGD,10,38,6,RSD43,0.10429322823272935,0.6659580534875902,140,0.0001065427017476056,0.7,0.1568603434693118,elu,0.15
200,SGD,10,50,6,Iab9Q,0.10387265382550592,0.6165295808035482,98,0.00015892399175256773,0.7,0.29424521527837455,relu,0.15
200,SGD,10,36,7,FuluR,0.07609034281771807,0.6690331097593286,142,0.003649723957596898,0.7,0.01909475818901188,elu,0.15
200,SGD,100,45,7,rmFCF,0.059296296339289456,0.4970874597244113,119,0.0021579873604046732,0.7,0.00033926738808344274,elu,0.15
200,SGD,10,66,7,URycR,0.07989664821224399,0.6039783626368238,107,0.09292013067458788,0.7,0.020032709075209973,elu,0.15
200,SGD,5,84,7,CuBji,0.016755983946248193,0.6116838998696569,92,0.004350164018012782,0.7,0.017260049538672485,relu,0.15
200,SGD,100,90,6,gCmsk,0.07593018439403679,0.59508369980199,130,0.007198269674091984,0.7,0.006237372773481532,elu,0.15
200,SGD,30,41,8,Rjugc,0.043995280950608825,0.5642545343375918,142,0.01670315131048069,0.7,0.0011426291627681692,elu,0.15
200,SGD,10,69,5,fVcRm,0.02305663944416167,0.5557941288109289,170,0.07900856127417724,0.7,0.0031981688360865875,elu,0.15
200,SGD,100,28,7,ap25b,0.010390348252130421,0.5759480581797943,103,0.011799852782932854,0.7,0.010629365573465598,relu,0.15
200,SGD,10,103,4,Ma29e,0.0281748017131484,0.5807960110767244,185,0.009196091394574482,0.7,0.0007678050823801723,elu,0.15
200,SGD,5,37,8,rgUgn,0.05035770765027116,0.5874129161888698,126,0.048395343888788495,0.7,0.12483463904025827,elu,0.15
200,SGD,10,73,6,i4DvT,0.11342887144297029,0.5756812430243061,163,0.02549076853106167,0.7,0.0020521040241846195,tanh,0.15
200,SGD,100,32,7,lLuaD,0.09015277526670853,0.6142865048918054,155,0.018720418656592082,0.7,0.025060781126905834,elu,0.15
200,SGD,30,15,4,EgJl0,0.12490456608121281,0.5082181233202683,120,0.01484141452654551,0.7,0.00024693605010129747,relu,0.15
200,SGD,10,48,6,sfg8E,0.1393022774134534,0.6416353666874732,116,0.029403841738279864,0.7,0.0729980658470606,tanh,0.15
200,SGD,100,55,5,PGD7w,0.03887377730609634,0.4716080365887283,135,0.052916062622595406,0.7,0.00018474839125591947,elu,0.15
200,SGD,10,36,6,B2jVr,0.09970602006752566,0.6700937199089088,129,0.003346689718428426,0.7,0.1511862535027827,elu,0.15
200,SGD,10,25,7,UTqga,0.06997743830939346,0.6569013377253059,127,0.0030156253596090215,0.7,0.2579790805304327,elu,0.15
200,SGD,10,21,6,i0h0Z,0.17190228942425448,0.6839843549443242,153,0.006479686462581037,0.7,0.17836685891638765,elu,0.15
200,SGD,10,20,6,QxHLH,0.16784995449897405,0.6163574265820667,152,0.006357053667582852,0.7,0.09144823438903128,elu,0.15
200,SGD,10,33,7,nsNXS,0.0593692197591816,0.6397790185458765,176,0.0002305822585878109,0.7,0.1714209520096191,elu,0.15
200,SGD,10,11,7,wKA8h,0.09875728890344083,0.6325594241881581,158,0.013044161163656205,0.7,0.050632929543218484,elu,0.15
200,SGD,10,14,6,JSWmK,0.11775055198411585,0.6282478353148405,166,0.010216878545635355,0.7,0.4075639805220516,elu,0.15
200,SGD,10,61,8,r4HIV,0.1315714100748179,0.6596694879472976,132,0.0047593174630080936,0.7,0.13252544976360553,elu,0.15
200,SGD,10,35,6,dTsz5,0.19976289114158585,0.6519418233881173,142,0.0017978629562322764,0.7,0.19563941990943098,elu,0.15
200,SGD,10,53,7,fyT1Q,0.2131794667985569,0.593653140098304,111,0.008794312941216385,0.7,0.05989275181920077,elu,0.15
200,SGD,100,29,6,B4bPG,0.17240887950824305,0.6236746758166001,145,0.023025713608976275,0.7,0.3255676701329776,elu,0.15
200,SGD,5,20,7,RKfXJ,0.14385810497888968,0.6426751326292195,137,0.0069511031253881184,0.7,0.040119165229693915,elu,0.15
200,SGD,10,45,8,MIu0p,0.10887475740713771,0.6447955211992644,191,0.01436022689348985,0.7,0.1082383136495758,elu,0.15
200,SGD,30,39,6,cjnCo,0.18681565647789722,0.6094345825235866,171,0.017186946906882508,0.7,0.015304344943007633,elu,0.15
200,SGD,10,25,5,xoj4r,0.09053756499440545,0.5881809782773826,182,0.003622047537693732,0.7,0.48880130760962925,tanh,0.15
200,SGD,100,56,8,nlU9E,0.03187574429074906,0.6102534707661379,161,0.011522256744721116,0.7,0.02951571136522942,elu,0.15
200,SGD,10,78,7,yYGQ8,0.001080180626156363,0.6477201927130648,123,0.0005878319225567953,0.7,0.07927531533381144,elu,0.15
200,SGD,10,51,6,w2IBA,0.07964157850599834,0.6176390249418453,152,0.07504004271880453,0.7,0.052261053564236756,tanh,0.15
200,SGD,100,11,5,KQ08f,0.06304933993872161,0.6732181686004596,106,0.024139304232844886,0.7,0.27753289430578715,relu,0.15
200,SGD,100,12,5,hQyHn,0.06274514172257847,0.6201062683135533,101,0.025476356641874483,0.7,0.39212632292641086,relu,0.15
200,SGD,100,17,5,sRSUi,0.04480942348594563,0.6026812829981398,86,0.03379640626317834,0.7,0.3007189859286858,relu,0.15
200,SGD,100,28,5,Elcrz,0.12248642200183765,0.5932635777065073,108,0.021477397078778403,0.7,0.466354799754762,relu,0.15
200,SGD,100,165,4,rDAm3,0.1595018996107134,0.45468508169529204,92,0.023796290018768797,0.7,1.4915145728080213e-05,relu,0.15
200,SGD,100,14,5,klIQO,0.22457310152352922,0.5789264592380865,77,0.038556806391874025,0.7,0.20349974011323763,relu,0.15
200,SGD,100,10,4,FsXwH,0.05092517792812143,0.480959088768287,115,0.016204431892572632,0.7,1.024193099509068e-05,relu,0.15
200,SGD,100,31,5,wTAnS,0.1460242785672833,0.6015950900026568,95,0.029911816348784218,0.7,0.26273072796724634,relu,0.15
200,SGD,100,22,6,sGoS9,0.18223605148972322,0.42663317895164254,84,0.035962095055994424,0.7,5.8094945597030326e-06,relu,0.15
200,SGD,100,42,5,vTJCL,0.09593646915506933,0.4799689823686332,130,0.02715991812411936,0.7,1.3471770741230204e-06,relu,0.15
200,SGD,5,64,5,bqVzu,0.1367126055969164,0.6518673474869187,118,0.01233911158702069,0.7,0.0881914102873308,relu,0.15
200,SGD,30,19,4,pgtOR,0.11100053386449904,0.5328369101168785,105,0.04541412841889235,0.7,0.4591810037482005,relu,0.15
200,SGD,100,129,6,cK95y,0.19550560244088694,0.6233640806718637,88,0.018764088522891565,0.7,0.12551399520210926,relu,0.15
200,SGD,50,26,4,DZIKH,0.1267669059103223,0.6447053205281892,111,0.008165580057806947,0.7,0.15747821762862924,relu,0.15
200,SGD,100,45,5,sHnTD,0.17256318040191865,0.4423642475668621,99,0.005650429953057931,0.7,2.5538476204571254e-05,relu,0.15
200,SGD,5,58,6,pA3Hl,0.012284883268591548,0.4611266132258465,126,0.05046664910618849,0.7,3.414252313625735e-06,tanh,0.15
200,SGD,100,152,5,xmCBV,0.08753017791334994,0.4746686982391049,133,0.07080729323448622,0.7,4.472528164313582e-05,tanh,0.15
200,SGD,30,50,4,Ng0EO,0.20498910720306968,0.6055756665171834,81,0.014123036258620554,0.7,0.06494660722409923,relu,0.15
200,SGD,100,10,3,gBxTi,0.10152887016014316,0.6120712736926666,95,0.0319998978927463,0.7,0.2511403720552985,tanh,0.15
200,SGD,50,71,6,Ha9b3,0.055357412757656564,0.4975794760280722,122,0.055886018000348966,0.7,0.00010589589925123129,relu,0.15
200,SGD,100,99,4,oNyb4,0.24500406079451986,0.6388677971064891,149,0.010322921783566221,0.7,0.0299738008062693,tanh,0.15
200,SGD,5,36,6,k3Tkk,0.07226651246968537,0.617888029193827,105,0.022334456753963523,0.7,0.012936120227501789,relu,0.15
200,SGD,100,22,5,Qj8vZ,0.1500946841968519,0.5946753902978237,138,0.04180042728190956,0.7,0.49386758336621134,tanh,0.15
200,SGD,30,31,4,XJ7lN,0.16498522703891677,0.4362243366832512,117,0.027439743996619418,0.7,1.9465312898210212e-06,relu,0.15
200,SGD,100,66,5,s9Vh7,0.11967080097680187,0.563117872388309,114,5.976691288230246e-05,0.7,0.008400702190027773,tanh,0.15
200,SGD,50,39,6,XcALB,0.02011810866577593,0.592414129279847,159,0.016319014203599776,0.7,0.0351440028869315,relu,0.15
200,SGD,100,81,3,ty2Y4,0.2184287228788678,0.6087754706175759,166,0.007728807646594498,0.7,0.13333395867171738,tanh,0.15
200,SGD,5,17,5,Kfkau,0.23231893521954106,0.6092284779929724,198,0.01969983463113396,0.7,0.33988778829036065,relu,0.15
200,SGD,10,76,4,EnBE2,0.03588572064546531,0.5816302526368229,154,0.09843505168312688,0.7,0.18590863443256828,tanh,0.15
200,SGD,100,195,6,zyOQA,0.13197441400695858,0.4270801266164204,145,0.024059169871982818,0.7,1.032730423980898e-06,tanh,0.15
200,SGD,30,47,7,K4Sg4,0.09462407741012784,0.6251450769442007,174,0.0025028544507413016,0.7,0.0455974424637248,relu,0.15
200,SGD,10,176,6,deKle,0.15629644480758909,0.6222450538691051,129,0.01169839032889464,0.7,0.024267717884099087,elu,0.15
200,SGD,50,61,5,flN7y,0.06448844667045348,0.6173839848912331,136,0.01783169445266139,0.7,0.09489119450386505,elu,0.15
200,SGD,100,34,4,eM9c3,0.18867860828125224,0.6020512005156248,102,0.005180293516236032,0.7,0.07371835035822469,tanh,0.15
200,SGD,10,114,3,EbEr6,0.08488082182710277,0.5760486934057185,121,0.014586497032172178,0.7,0.006441943221548484,relu,0.15
200,adam,100,87,6,JXW2w,0.007243389933317974,0.6572413971477439,110,0.010207481590300702,0.7,0.0025479835761918054,elu,0.15
200,SGD,10,94,7,NvBBP,0.2982632263225746,0.4961669972815816,73,0.03502711423334829,0.7,7.495610874597752e-05,elu,0.15
200,SGD,100,107,5,FozT6,0.1406474890225071,0.6283277471715785,140,0.021355838896982546,0.7,0.22116284625048932,tanh,0.15
200,adam,5,24,7,oDujV,0.10691459366749556,0.6148219468503007,188,0.0374523358875096,0.7,7.237682141035779e-06,relu,0.15
200,SGD,30,42,5,fGO69,0.11648962303378037,0.5323968238441654,147,0.029202152593175896,0.7,0.00045961642354789054,elu,0.15
200,adam,10,14,4,Tu192,0.26982012280475587,0.529597373785999,125,0.0013303669661111376,0.7,0.35826212820426534,tanh,0.15
200,SGD,50,185,2,jhbMo,0.17376045889882447,0.5379877636649074,157,0.031134781779003782,0.7,0.010730137199338899,elu,0.15
200,SGD,100,29,6,RxYJ8,0.02670997081546561,0.5275974185420872,182,0.025596811933824497,0.7,0.01697205353639876,relu,0.15
200,adam,10,53,3,fdd0h,0.25413117979760746,0.50225113196953,83,0.05988473841082331,0.7,0.49257776893608574,elu,0.15
200,SGD,100,56,5,ZfRUP,0.04248840334073524,0.48455736141227507,107,0.006816131903675885,0.7,1.928834515718828e-05,tanh,0.15
200,SGD,10,20,5,kwlUE,0.19835409710557123,0.5293028112843187,98,0.01570599784996184,0.7,0.000140726139844387,elu,0.15
200,adam,5,121,4,ZxYgm,0.06984533121920952,0.5189850623911438,89,0.013184176134679561,0.7,0.053980313573240846,relu,0.15
200,SGD,100,69,6,jO5BJ,0.28341135178870785,0.6253724990691775,193,0.00869874187405736,0.7,0.10691770302358036,elu,0.15
200,SGD,10,38,7,vhWMW,0.07936965141357531,0.6277040921256465,133,0.0038548677189921294,0.7,0.003942600250334602,tanh,0.15
200,adam,30,137,6,sxwa3,0.1277302158752362,0.6069829870909353,142,0.0001909179511331953,0.7,0.0016308400198554885,relu,0.15
200,SGD,100,10,4,Hr7uv,0.21507959291822215,0.5776378100148977,94,0.06710784378643195,0.7,0.13827767448715322,elu,0.15
200,SGD,50,49,5,QxijP,0.18287020489548322,0.6053340643307792,163,0.03326555607025146,0.7,0.039193845443781024,tanh,0.15
200,adam,10,25,8,XJaZE,0.054774028151094334,0.5014463112236491,115,0.04036876063535863,0.7,0.2735251252088099,elu,0.15
200,SGD,100,44,3,dYo9f,0.20774652397172372,0.4816296663061027,63,0.08488374017499273,0.7,0.020600215639508996,relu,0.15
200,SGD,10,34,7,RmwuD,0.1666663222007747,0.6222792208188948,69,0.018047934782254985,0.7,0.16724575382041734,elu,0.15
200,adam,70,17,6,R3Da4,0.14714373775885353,0.625897184442447,169,0.04376945226761167,0.7,3.2903355973448465e-05,tanh,0.15
200,SGD,5,61,5,pbPKh,0.11226860671344684,0.5329104247967174,151,0.021032884538286514,0.7,0.00030178706446463185,relu,0.15
200,SGD,100,10,4,PhfBD,0.09090824590184046,0.5267035420401536,129,0.0113481689755012,0.7,0.001027372493299863,elu,0.15
200,adam,10,75,6,AFlWu,0.10022918448027307,0.52233316112462,79,0.027709445336055915,0.7,0.0649571761913521,tanh,0.15
200,SGD,30,90,5,iY607,0.13521683468800166,0.6410167846408502,112,0.023989457137696943,0.7,0.013790144574544817,elu,0.15
200,SGD,100,40,7,OKePH,0.0004912923002467068,0.5918597353309885,119,0.04887131399062007,0.7,0.028474166567660063,relu,0.15
200,adam,50,28,4,jfObH,0.12557635934212724,0.4962866610666429,123,0.005736761256281899,0.7,0.4868502613865667,elu,0.15
200,SGD,10,82,3,B5HXm,0.23840445763499435,0.5993308326450644,103,0.09355613199985252,0.7,0.0091348225666385,tanh,0.15
200,SGD,70,15,2,w8uT3,0.36936397908072616,0.5693578360928053,137,0.0026987129767325224,0.7,0.08536781730110195,relu,0.15
200,adam,100,51,5,Tpdwo,0.15585776518320857,0.6480497529909461,180,0.009748408823377562,0.7,0.005367512137793703,elu,0.15
200,SGD,10,67,6,sGGwn,0.03707593514094608,0.5911788582619893,154,0.01922515866294111,0.7,0.35227447228392444,tanh,0.15
200,SGD,5,21,8,RTu6X,0.177295758832203,0.565810494642587,132,0.05795411010017453,0.7,0.19685524530622622,elu,0.15
200,adam,100,32,7,T8ZmX,0.06335798436367285,0.537318418902542,127,0.01588125262090481,0.7,0.049569385154421775,relu,0.15
200,SGD,10,47,4,py4BF,0.22596897204754512,0.519395612510856,108,0.013446869653363993,0.7,0.0006043632134712425,elu,0.15
200,SGD,30,58,5,gjbQv,0.19070890960550163,0.6256408129110582,147,0.007974193471713553,0.7,0.10608426307122269,tanh,0.15
200,adam,100,111,6,EkqQm,0.0773566914127831,0.5891041017054908,173,0.04633195949802703,0.7,0.03499322897860543,relu,0.15
200,SGD,50,63,8,HPDUu,0.16225494842282887,0.44965168720678517,99,0.030459317066286715,0.7,5.058093817497043e-05,elu,0.15
200,SGD,10,104,6,Fr4Oi,0.018664061378556855,0.5843420666977373,90,0.02229566283207979,0.7,0.2901389778764058,tanh,0.15
200,adam,100,13,7,Kzmwb,0.04752535404572385,0.6297261193738918,57,0.02672001018140422,0.7,0.006945882534289767,elu,0.15
200,SGD,70,73,4,yItWH,0.10155170702130373,0.5887071961254551,164,0.05181125972831094,0.7,0.024161327801338343,relu,0.15
200,SGD,10,25,5,DmDU4,0.14499800260165047,0.6015981152995884,77,0.06289665943819751,0.7,0.1508679618634834,elu,0.15
200,adam,5,37,5,TW2j9,0.08321928626868211,0.6475238018706942,158,0.0045394493230340935,0.7,0.0026687377168092725,tanh,0.15
200,SGD,100,43,3,Pbii6,0.11879764124549966,0.42988765758959674,140,0.03500971638410322,0.7,2.964148835681054e-06,relu,0.15
200,SGD,10,98,6,EWnra,0.13798838343263703,0.6013290659372232,118,0.017351736492281222,0.7,0.003524986459331784,elu,0.15
200,adam,30,54,2,Y9gcf,0.1108505319207371,0.63212926728484,186,0.00039574085090903627,0.7,0.0007439439367320702,tanh,0.15
200,SGD,100,30,4,BxLQb,0.26317631993309293,0.6089492733696298,113,0.011882838911044436,0.7,0.23646026318290875,elu,0.15
200,SGD,10,79,5,vxLRO,0.05771822246223944,0.5253840625817506,143,0.03776211023384939,0.7,0.0002080765271460488,relu,0.15
200,adam,50,17,6,iBafd,0.20369707588054253,0.505665130267461,123,0.0023668961342907945,0.7,0.4152636471708175,elu,0.15
200,SGD,70,10,7,o3T2O,0.09401975235280019,0.623782854583274,87,0.007096120136640825,0.7,0.017846354941860577,tanh,0.15
200,SGD,100,118,4,jH04D,0.0294236807208495,0.477433299574216,134,0.01502250638504398,0.7,9.338860959269331e-05,relu,0.15
200,adam,10,23,3,hCGIj,0.15227267140584755,0.5632985146041504,105,0.024452505031282212,0.7,0.11674626626347948,elu,0.15
200,SGD,5,87,5,k0Vch,0.3397173303604363,0.46384139711257844,150,0.019911210695408237,0.7,1.0090410591848329e-05,tanh,0.15
200,SGD,100,128,6,qw7Nd,0.17098634638707733,0.6003246996364682,96,0.02850252505447097,0.7,0.0683579294538317,elu,0.15
200,adam,10,148,8,Udci4,0.13139446898232748,0.6363955970667159,169,0.05476682887077439,0.7,0.0017635005119291836,relu,0.15
200,SGD,30,36,4,zmHRU,0.07334262456035767,0.5560705239075322,177,0.01332479487171998,0.7,0.01176468743625905,elu,0.15
200,SGD,100,45,7,WCwXy,0.06741817793313079,0.6274797073775014,128,0.009720784018937055,0.7,0.19352856197728838,tanh,0.15
200,adam,10,71,6,C994A,0.10351699253381727,0.5973052991163291,161,0.03963355551915771,0.7,5.0506278485219305e-06,relu,0.15
200,SGD,50,58,5,atMbk,0.04717153729633956,0.5730423876838027,66,0.07891696573389903,0.7,0.04132038721168691,elu,0.15
200,SGD,70,19,5,kSjZ6,0.18216112096002646,0.41803331100616525,84,0.00014203909835627023,0.7,0.00014655163771005534,tanh,0.15
200,SGD,10,34,7,cyEB7,0.08628926026349493,0.5938785109659722,139,0.004768238064981585,0.7,0.020306798471451133,elu,0.15
200,SGD,10,28,7,C5qIm,0.07339495557214294,0.5712772392521115,145,0.0060710790826450905,0.7,0.0011719121520972783,elu,0.15
200,SGD,10,41,8,LNaaR,0.11858443766074,0.6402589322402353,155,0.0027980184243908395,0.7,0.007773532678957412,elu,0.15
200,SGD,10,49,7,Hko2z,0.006452307094234,0.6473941818283776,120,0.008314937496689545,0.7,0.004509615396642298,elu,0.15
200,SGD,10,32,8,P7UTd,0.05895896631224463,0.65888984247654,136,0.0111671050615252,0.7,0.08065392097903519,elu,0.15
200,SGD,10,38,7,AMFWB,0.09410445999485448,0.6643258844237474,125,0.003452834027453689,0.7,0.05164547644697254,elu,0.15
200,SGD,10,23,6,qNl55,0.022646574903594827,0.6658512298987872,142,0.00019292820650669302,0.7,0.1358350293870014,elu,0.15
200,SGD,10,53,6,JC1EU,0.08007296400477495,0.5949850877230998,130,0.017806081496982405,0.7,0.03185366785822307,elu,0.15
200,SGD,10,13,8,gvRZg,0.12258027467941722,0.6709454434593611,151,0.009791948856465851,0.7,0.33676734728834906,elu,0.15
200,SGD,10,13,8,DDlDi,0.16272005040351847,0.6011379489338305,151,0.022696950623292043,0.7,0.34291671931965445,elu,0.15
200,SGD,10,20,4,Ub2Wn,0.14372585818551276,0.6564395995865214,167,0.015047468707052616,0.7,0.26324649704777586,elu,0.15
200,SGD,10,17,9,w1dn8,0.12132306237750645,0.6300620087449447,148,0.012675086131195813,0.7,0.18956068736054602,elu,0.15
200,SGD,10,13,9,fP5qG,0.10660120698476254,0.6574107821948226,110,0.009117428288871642,0.7,0.11350343507977101,elu,0.15
200,SGD,10,23,9,P3LK4,0.1297391797756064,0.6345412761744105,155,0.006409476065025373,0.7,0.3038714460275931,elu,0.15
200,SGD,10,28,9,ChBIX,0.15778889477814084,0.6314476747879396,116,0.020428305227303937,0.7,0.15911953870707432,elu,0.15
200,SGD,100,27,4,Wy0Df,0.19311304167855142,0.6239216841311634,173,0.016773208082975232,0.7,0.4814129713853678,elu,0.15
200,SGD,10,11,10,Zvbmf,0.13734187520988977,0.6356296982267617,159,0.009895418423367518,0.7,0.061211539164285046,elu,0.15
200,SGD,5,10,9,X8tCo,0.11308870446792671,0.5616493237553181,101,0.02587294366906999,0.7,0.35957386920403217,elu,0.15
200,SGD,100,16,3,x3eyq,0.15011377438282375,0.6484086227849539,195,0.03283911735477463,0.7,0.09741334268353409,elu,0.15
200,SGD,10,42,8,DNsho,0.12613067477326903,0.6815469601559754,132,0.005045378746722782,0.7,0.20177714006886607,elu,0.15
200,SGD,30,41,10,Pm0PO,0.17483109366816485,0.6182003052134254,137,0.013718664659432306,0.7,0.22930417057695396,elu,0.15
200,SGD,10,65,9,h7Cpo,0.2081607552879039,0.6080068658416301,163,0.02157280916865796,0.7,0.4356220114089626,relu,0.15
200,SGD,100,45,10,Ns4yy,0.1401045531493807,0.5821548310614248,134,0.0180174541712228,0.7,0.074849278577579,elu,0.15
200,adam,50,33,8,oJ7Dm,0.19697158251795743,0.5370432955566651,146,0.011523703696290091,0.7,0.24907592319624203,tanh,0.15
200,SGD,10,48,10,VM9IW,0.1874303897870194,0.700267318333984,181,0.0020723280910972704,0.7,0.04364277315664309,elu,0.15
200,SGD,70,63,10,R69Kn,0.24832683117823603,0.5044434012290434,184,8.117407266034979e-05,0.7,0.0004078389029040603,relu,0.15
200,adam,100,84,8,Be48F,0.23350137645352437,0.5643992318729485,194,0.005133365342357317,0.7,0.026816486614081234,elu,0.15
200,SGD,10,59,10,OIvIx,0.21318229480106415,0.6414568790609954,200,0.007217837878230984,0.7,0.014599942388331039,tanh,0.15
200,SGD,5,68,9,htuWa,0.16647527456182062,0.6659951200439642,177,0.0012219853228519892,0.7,0.04868402374893665,elu,0.15
200,adam,100,49,10,qkHzB,0.22254348305835553,0.5089090525018395,181,0.0015902661504974616,0.7,0.0911339647211042,relu,0.15
200,SGD,10,51,9,D5snC,0.18791821548515553,0.5983001122614126,188,0.007861777763019228,0.7,0.03980363510960975,elu,0.15
200,SGD,30,75,9,WXyMC,0.2562524341684215,0.5905037304596128,168,0.015910329236140122,0.7,0.05856681876434115,tanh,0.15
200,SGD,100,56,10,ZM9iH,0.17912235814692756,0.595077573792316,175,0.00442262939159728,0.7,0.12070481396032992,relu,0.15
200,adam,10,79,10,WKqLb,0.2187318341925331,0.573078064396132,198,0.019673892792019608,0.7,0.011323964564722299,elu,0.15
200,SGD,50,60,9,juNlr,0.23099765381791346,0.6339441328402313,121,0.012444765494352701,0.7,0.17262209834441689,elu,0.15
200,SGD,70,42,10,TsR8W,0.15409471883185397,0.5787973184008941,191,0.031160425035734306,0.7,0.0053281317318029315,tanh,0.15
200,adam,100,95,2,bb38y,0.24159787958431828,0.6672677120910467,116,0.024257087390215294,0.7,0.02222015002660116,relu,0.15
200,SGD,10,47,8,u22A3,0.18612360910480755,0.6164687378080809,106,0.07239028624274427,0.7,0.08479722368329212,elu,0.15
200,SGD,10,55,9,GVzLw,0.20101674803802755,0.6883333358388077,110,0.002311135689287279,0.7,0.03364666592760149,elu,0.15
200,SGD,10,71,10,vGOs0,0.2834310342185542,0.6435242759107787,111,0.0028093765904810344,0.7,0.03190190004804176,elu,0.15
200,SGD,10,55,9,hwPNE,0.20953363274949394,0.6055071036111677,92,0.00040752009442951193,0.7,0.0159923256973587,elu,0.15
200,SGD,10,190,10,WoB1c,0.26666020773768034,0.5972766485810599,94,0.006486524768340925,0.7,0.009166306885907418,elu,0.15
200,SGD,10,91,10,nDAiS,0.3061303764944716,0.602326497885608,72,0.004636860515820144,0.7,0.13776358445386216,elu,0.15
200,SGD,10,30,9,unpNV,0.20003027641145993,0.6349141703585749,99,0.0024595097131242193,0.7,0.06325251797088081,elu,0.15
200,SGD,10,142,9,xZuHX,0.2481769120337569,0.6087487129163194,179,0.06509362564343658,0.7,0.045697407619863205,elu,0.15
200,SGD,10,37,10,gC78g,0.22724448113078963,0.6258248552286877,171,0.04212867759990892,0.7,0.025643962507986232,elu,0.15
200,SGD,10,44,10,mnR5v,0.2753290507404972,0.5694941634990758,125,0.09027722451966468,0.7,0.23075533340443274,elu,0.15
200,SGD,10,67,9,IWo22,0.19498512039206597,0.5895556120222402,103,0.014372806834126922,0.7,0.07448618925670898,elu,0.15
200,SGD,10,25,9,xLc4R,0.3200321143593832,0.63132857841243,76,0.008936151938287926,0.7,0.11375075617043265,elu,0.15
200,SGD,10,52,9,b21xw,0.26085561692454723,0.6008010023016886,108,0.01085026621648345,0.7,0.03868350876906957,elu,0.15
200,SGD,10,40,10,pznMc,0.1722733755740881,0.6398928111793996,161,0.0018865885681398145,0.7,0.19730495593974062,elu,0.15
200,SGD,10,34,8,od3mD,0.23836136178271972,0.6214840671607798,86,0.005536369288757481,0.7,0.019855394691576482,elu,0.15
200,SGD,10,21,10,aWeHI,0.21824764710886757,0.6357471376233835,82,0.0076903733527597384,0.7,0.15789985952320687,elu,0.15
200,SGD,10,62,9,goZJD,0.1897404283154253,0.631134105535647,132,0.0001883059082845341,0.7,0.03211761249234137,elu,0.15
200,SGD,5,47,8,wBejc,0.20048873727405642,0.5992556873005358,188,0.01567886681269936,0.7,0.09404564765396424,elu,0.15
200,SGD,10,74,9,c00bd,0.1799272376812284,0.640539595981064,141,4.1381777164496876e-05,0.7,0.011890563792657504,elu,0.15
200,SGD,30,30,9,WDoPG,0.2990937188880247,0.632995475603056,112,0.018228940498623756,0.7,0.3427743767982029,elu,0.15
200,SGD,10,85,10,nOGXV,0.16348663789222098,0.6467844011064503,165,0.012553190610777388,0.7,0.05399138330179459,elu,0.15
200,SGD,50,54,8,Pxl0k,0.2527144832701762,0.5950927225519242,121,0.0039352691964727555,0.7,0.2598477599789513,elu,0.15
200,SGD,10,100,10,fHVJ5,0.20588226099475476,0.578115060248836,183,0.029195224126883912,0.7,0.4712107573750135,relu,0.15
200,SGD,70,39,10,uI37m,0.21151995441164484,0.6062910578458981,97,0.036065912481999224,0.7,0.07311913039794661,elu,0.15
200,SGD,10,18,9,V21pJ,0.16947589131217378,0.5947741398178705,89,0.023067979819798808,0.7,0.007747722858903868,elu,0.15
200,SGD,10,26,8,QHz6b,0.22558339559713325,0.6277899246773455,116,0.04636437048811197,0.7,0.01577353499628569,elu,0.15
200,SGD,5,64,10,QCrHt,0.1590172347171061,0.5358462005248301,153,0.02590654537737465,0.7,0.4854928245065273,relu,0.15
200,SGD,10,155,9,mdzWC,0.18350213196021822,0.6164779287797776,146,0.010387973243375925,0.7,0.04217441673289619,elu,0.15
200,SGD,30,58,8,tCYXu,0.1491362014881334,0.6251653643168236,128,0.05060988897807556,0.7,0.02652907065060557,elu,0.15
200,SGD,10,50,9,IlJ8V,0.2881309734267484,0.6824376700256958,155,0.0001336390014029156,0.7,0.11817516174875277,relu,0.15
200,SGD,10,80,9,PWpLu,0.3844052839726672,0.666875144313513,157,0.0063480888148593935,0.7,0.12962815142452558,elu,0.15
200,SGD,10,51,10,K8qZE,0.3377324035338022,0.6270300492798684,172,0.0018614389237927471,0.7,0.019562020904448564,relu,0.15
200,SGD,10,68,9,Pijkp,0.31420480045531607,0.5724988923659586,191,0.0774088169609875,0.7,0.0031981470302935287,elu,0.15
200,SGD,10,75,8,dcShk,0.28587476552646446,0.6193979010211204,166,0.0002097115449975857,0.7,0.00686373892870569,elu,0.15
200,SGD,10,89,10,aFKRV,0.319253105900308,0.6711735285005158,178,0.0047084406971728155,0.7,0.18181102556255657,elu,0.15
200,SGD,10,70,9,YmtlK,0.34683217705629243,0.5554669495656637,159,0.0809706415155236,0.7,0.4953894240167448,relu,0.15
200,SGD,10,133,9,syoQM,0.35969529650497806,0.6320357929011378,169,0.008281337462577289,0.7,0.055855059725277385,elu,0.15
200,SGD,10,59,10,YAcIT,0.29508802386441846,0.6316108451669431,154,0.0018376534230586021,0.7,0.002180392839010184,elu,0.15
200,SGD,10,44,8,FFSw8,0.3069592900155331,0.667901937465542,185,0.003525313858886314,0.7,0.10082246379234813,relu,0.15
200,SGD,10,106,9,sQoHr,0.32873497851284084,0.6012638289662735,197,0.0001914580657038133,0.7,0.009481353368567596,elu,0.15
200,SGD,10,48,8,Jtgan,0.2775783943127607,0.648940872239878,163,0.006743542635064514,0.7,0.032364205990947296,elu,0.15
200,SGD,10,55,10,RpiZE,0.3304931827748747,0.5943193292881344,149,0.01056030559144243,0.7,0.01514093028528578,relu,0.15
200,SGD,10,84,9,Wn4CL,0.3687154291268916,0.6215574419144078,175,7.677248757211258e-05,0.7,0.07315118093902814,elu,0.15
200,SGD,10,65,8,FlraK,0.24381586856495568,0.6254195276206941,144,0.01266712823560807,0.7,0.024526858284089747,elu,0.15
200,SGD,10,62,10,hYNSV,0.23304072183058022,0.6327145451818625,156,0.01460748974505234,0.7,0.005395536479153194,elu,0.15
200,SGD,50,34,10,DgigQ,0.34657354902739523,0.5359539213225799,138,0.008701764863312016,0.7,0.0038738336444691327,relu,0.15
200,SGD,10,77,9,V7c2j,0.39180962374198214,0.5825073565003162,181,0.08334139638914283,0.7,0.11268467536199586,elu,0.15
200,SGD,70,123,8,YMO2h,0.29074250232506454,0.6195078781047798,172,0.0042910249580456715,0.7,0.045913716588668864,elu,0.15
200,SGD,10,163,9,RfdCQ,0.2667756703548613,0.6059699873408321,200,2.0787651582683184e-06,0.7,0.39874313352577007,relu,0.15
200,SGD,10,95,10,ao5Kb,0.26034711196999394,0.655932314024209,162,0.016641865797101807,0.7,0.1523326715908936,elu,0.15
200,SGD,5,41,9,jPKod,0.379134852767018,0.5863171478026311,133,0.006225179393214301,0.7,0.20223331331869449,elu,0.15
200,SGD,10,51,8,a2OPJ,0.27805020938959923,0.6293267233132963,140,0.019491966521059043,0.7,0.013023859812080254,elu,0.15
200,SGD,10,37,10,IgLfY,0.21775498889344092,0.5890854075127436,149,0.0036180301117969093,0.7,0.32078878951267864,relu,0.15
200,SGD,30,71,8,iemfo,0.35434179322312265,0.6239033756195482,166,0.01065606762121535,0.7,0.061544886108014556,elu,0.15
200,SGD,10,57,9,MHSy2,0.3115833829675716,0.6221403766419696,191,0.07055209208230426,0.7,0.033592426936009716,elu,0.15
200,SGD,50,46,9,bDWv5,0.2537252408321206,0.6278510191913048,160,0.014086332488108443,0.7,0.0870515140092251,relu,0.15
200,SGD,10,31,10,BMEdB,0.2047742388426118,0.6210376252691191,135,0.008650704315319974,0.7,0.25454290019237064,elu,0.15
200,SGD,70,81,8,wH6Kl,0.24007985784264368,0.585629593100349,152,0.002207588729863251,0.7,0.020612348899224427,elu,0.15
200,SGD,10,61,10,Qu0Og,0.17866818477018373,0.5929595842301323,144,0.061386872335149466,0.7,0.1255447010568594,elu,0.15
200,SGD,10,43,9,fOr6x,0.19001757158308802,0.6515965047040739,175,0.005709778065765489,0.7,0.03876353369051951,relu,0.15
200,SGD,5,92,9,WKgBu,0.27090500826570896,0.5666847759195084,130,0.09998888568867059,0.7,0.15779938906687704,elu,0.15
200,SGD,10,109,10,hfKn0,0.3977408434588056,0.6265888913077615,169,0.01720406066320876,0.7,0.05110471030577216,elu,0.15
200,SGD,30,50,9,T7MbD,0.30007684949605656,0.5930453229594471,185,0.02165017536207987,0.7,0.37062740473837275,relu,0.15
200,SGD,10,36,8,ilyaT,0.22292290251822577,0.6532871523864376,124,0.011602791918153443,0.7,0.2096805652170616,elu,0.15
200,SGD,10,114,10,mBmDz,0.13432511334195962,0.5961406849810358,179,0.07583304951996048,0.7,0.09654486373537041,elu,0.15
200,SGD,50,67,8,Pw4e1,0.14749687310607063,0.6477490256513778,156,0.00776807069680068,0.7,0.010937336484126533,elu,0.15
200,SGD,10,55,9,Ivij5,0.16686495525840384,0.5853656269156868,141,0.001908710666239019,0.7,0.4746550687577095,relu,0.15
200,SGD,70,23,10,OX1XE,0.19761961689284205,0.6099594624995694,150,0.013067037511451482,0.7,0.027310237935822036,elu,0.15
200,SGD,10,102,7,F274Z,0.23442051724826612,0.5725611856642127,136,0.01529159006854466,0.7,0.00655505685415318,elu,0.15
200,SGD,10,73,9,OCljo,0.24608748093799238,0.6054959987132162,164,0.056972919013200916,0.7,0.2877371568955754,relu,0.15
200,SGD,5,39,8,q0C4k,0.12715652027359758,0.6550672378674508,196,0.00012022437411522051,0.7,0.06713134520351141,elu,0.15
200,SGD,10,87,10,COtJF,0.1582515518712933,0.657420880772588,145,0.005170114708300209,0.7,0.083280598840805,elu,0.15
200,SGD,30,28,8,HUdRd,0.17424851271960057,0.6310529592615498,127,0.0862869747892541,0.7,0.019261959655157534,elu,0.15
200,SGD,10,48,9,jpSHQ,0.2907151306119342,0.5628327846253494,159,0.09418503600770084,0.7,0.0025686175678986058,relu,0.15
200,SGD,10,32,7,Mu1Im,0.14231413295711415,0.6327704106170213,189,0.019608822467033223,0.7,0.009494564315030683,elu,0.15
200,SGD,50,77,10,RxShs,0.21168148873031478,0.6129600399835745,120,0.009653688343413496,0.7,0.12629166038560707,elu,0.15
200,SGD,10,64,9,xWP6a,0.15173005498175401,0.6154936295223882,170,0.0021092454993019627,0.7,0.042123992496356184,relu,0.15
200,SGD,10,172,10,OlxfF,0.18763227888843031,0.6493997794854295,131,0.007193856118493564,0.7,0.001630310520005796,elu,0.15
200,SGD,70,43,8,gCyJ5,0.33110611018193614,0.5907741891955061,182,0.003645909808492673,0.7,0.18517545424218107,elu,0.15
200,SGD,10,53,9,YaVLJ,0.3688522617428564,0.6663202878884101,154,0.011964100455877863,0.7,0.02548813844748323,elu,0.15
200,SGD,5,60,7,DUADm,0.19778324407786999,0.5989340958346723,138,0.018607860828689437,0.7,0.004067244328309154,relu,0.15
200,SGD,10,25,10,eWWRa,0.2828880874041323,0.6271509500004055,114,0.0001844928527136168,0.7,0.014205393564195022,elu,0.15
200,SGD,30,20,8,bN4A5,0.21654742465248958,0.606883084495934,148,0.08967050432010826,0.7,0.05857756004081335,elu,0.15
200,SGD,10,69,9,Xyj5l,0.2517245656854687,0.5681835248432312,193,0.09668365930440308,0.7,0.2686445679076385,relu,0.15
200,SGD,10,40,10,Dqg6U,0.22830903648699682,0.6576754671267055,174,0.02144400911145139,0.7,0.10477453837186615,elu,0.15
200,SGD,50,35,8,qsM8K,0.166187757226762,0.6395798945102351,160,0.01612403430921215,0.7,0.36598680276919626,elu,0.15
200,SGD,10,82,7,MlPUG,0.2042103663243014,0.6461759532034745,166,0.027135738211472905,0.7,0.034811108052013214,elu,0.15
200,SGD,70,47,10,wymUw,0.17804938972870482,0.6571484241053953,125,0.009080726629271521,0.7,0.1645328100415474,relu,0.15
200,SGD,10,57,9,uAG4o,0.260693457988764,0.5961249167269514,143,0.06730768326369178,0.7,0.0744656938461836,elu,0.15
200,SGD,10,16,9,b0Iu6,0.1233610870147717,0.6363521791724249,177,0.0061061573836373945,0.7,0.2147597396051009,elu,0.15
200,SGD,5,29,8,zaQpS,0.10890012191310433,0.6493041510710797,153,0.0038492705022552184,0.7,0.0078324242151624,relu,0.15
200,SGD,10,73,9,qWfn0,0.15737731710488556,0.6448286162265046,187,0.013790190824481775,0.7,0.04517991201154322,elu,0.15
200,SGD,10,50,10,hrpHh,0.13686776837962206,0.544679954685174,101,0.010735942033932676,0.7,0.0008534896018974192,elu,0.15
200,SGD,30,63,10,QARMj,0.23701399828376168,0.6265863165849803,48,0.024149941484171225,0.7,0.017633053464496968,elu,0.15
200,SGD,10,43,7,MupoR,0.11468164814725113,0.5973299978293379,118,0.00012689223404257653,0.7,0.00537262081439147,relu,0.15
200,SGD,50,32,8,eWW5x,0.19302554808981784,0.6371636575446031,133,0.0022784589172340913,0.7,0.13502199175952573,elu,0.15
200,SGD,10,138,9,qLSqK,0.14630163192279771,0.6307174782567584,157,0.05368597212231458,0.7,0.012359618867007548,elu,0.15
200,SGD,70,21,8,A7B3p,0.3034399829061919,0.6162999141417981,146,0.0075898085058120485,0.7,0.48545300731559793,relu,0.15
200,SGD,10,55,9,U7w71,0.18457364069181872,0.6105741217391744,140,0.017410444078402025,0.7,0.027364143016797262,elu,0.15
200,SGD,10,67,7,UhcRC,0.2709708928986528,0.6534615786900235,200,0.004791749849989688,0.7,0.05654262003784188,elu,0.15
200,SGD,5,37,10,orxuc,0.22573808039241414,0.5837011387437288,108,0.013908888969673072,0.7,0.0013698576759507515,elu,0.15
200,SGD,10,25,8,oJt7r,0.13383108669335655,0.6060417609324155,171,0.020486622357924242,0.7,0.0881001405122682,relu,0.15
200,SGD,10,78,9,CfrHn,0.35239024790922724,0.6221221266634152,123,0.03389842710525185,0.7,0.0030906717444681418,elu,0.15
200,SGD,30,15,10,hzLBg,0.171958916004618,0.6091326014951087,129,0.011352523627868363,0.7,0.21086513054248907,elu,0.15
200,SGD,10,45,9,dOO91,0.3133897265839704,0.5665903458506663,162,0.008825732066994621,0.7,0.4938377746955727,relu,0.15
200,SGD,50,51,10,Xw4s2,0.20694011890672537,0.6425920995266822,180,0.0002477189504040125,0.7,0.31035793834499786,elu,0.15
200,SGD,10,28,7,b4o2d,0.3247511490204608,0.6163909002116332,61,0.022824063516043422,0.7,0.11379970548895733,elu,0.15
200,SGD,100,14,5,NRGNl,0.10170436231006763,0.556465903411423,100,0.039201040611423585,0.7,0.31643388160803343,relu,0.15
200,SGD,100,20,5,W4BIn,0.08869471055408043,0.6368556797584156,96,0.005856895268661555,0.7,0.2588508559106849,relu,0.15
200,SGD,100,12,5,VfPhn,0.03922802283709753,0.6440516499621427,103,0.031743504523280244,0.7,0.3807429583557784,relu,0.15
200,SGD,100,33,6,w8IA2,0.02937743495530884,0.6375106468483913,111,0.029219470991587546,0.7,0.1690669081760186,relu,0.15
200,SGD,70,17,10,hCeVR,0.09294709339432403,0.5629007338324169,93,0.044500160607780045,0.7,0.07375839395900308,relu,0.15
200,SGD,10,23,5,iVwvp,0.16097240444060998,0.6945827889894582,107,0.002992584584940166,0.7,0.12786778669100396,relu,0.15
200,SGD,10,181,9,o792F,0.15953389856025307,0.6594243709118188,118,0.0029207460128785473,0.7,0.14249341705688276,relu,0.15
200,SGD,10,39,10,cZ9et,0.1419821953749799,0.6456253473517573,114,0.007147607072362875,0.7,0.04816904021647195,relu,0.15
200,SGD,10,28,6,ZQFbo,0.1644373756555214,0.6266364723269975,108,0.003717444659752474,0.7,0.10887684741366378,relu,0.15
200,SGD,10,22,9,v7fq9,0.12631954081928065,0.6432433001848402,126,0.0012097477160514835,0.7,0.06932793277669298,relu,0.15
200,SGD,10,10,5,Pf0VY,0.179167322450758,0.6746516283727635,105,0.005191878542402299,0.7,0.2247482163625316,relu,0.15
200,SGD,10,35,6,HDHcy,0.15261330632293268,0.6195402452883295,80,0.009663564605804326,0.7,0.0388454681963007,relu,0.15
200,SGD,10,47,10,k3woM,0.1898610784006617,0.6632794689999563,88,0.00020174400562047594,0.7,0.09244084019879986,relu,0.15
200,SGD,10,41,9,bDvNl,0.17050620373741288,0.6511042838505536,122,0.012570700994131389,0.7,0.15225371500874607,relu,0.15
200,SGD,10,26,5,C0phI,0.19591348181496446,0.6629871038066177,136,2.3790104018915972e-05,0.7,0.031578768223846324,relu,0.15
200,SGD,10,53,9,H82Ai,0.11462644974099842,0.5836927275278485,110,0.002570091134134607,0.7,0.02403539721010167,relu,0.15
200,SGD,10,32,10,CHAvf,0.21353593469916166,0.6436615736558193,115,0.006125011822652705,0.7,0.05526323328519488,relu,0.15
200,SGD,10,38,7,SV4pe,0.1299548649544907,0.5736212279266701,132,0.014790118509651225,0.7,0.3958322368822204,relu,0.15
200,SGD,10,44,9,kkJhN,0.1419391902656246,0.6111935258782203,91,0.008789858146964633,0.7,0.13460684001805387,relu,0.15
200,SGD,10,24,8,Zwb4f,0.15187194307402946,0.6340841507435067,119,0.01088731747348962,0.7,0.17948630109354716,relu,0.15
200,SGD,10,59,4,NJUm1,0.17678636051229774,0.626106034509492,96,0.004022572236586057,0.7,0.09598097743605793,relu,0.15
200,SGD,10,10,5,JqoNC,0.2010326923550016,0.621981231571395,149,1.2384354168403638e-05,0.7,0.2634559305650992,relu,0.15
200,SGD,10,18,8,Au8II,0.18428228155688503,0.6642880382656301,70,0.016354687616215363,0.7,0.038958604126507104,relu,0.15
200,SGD,10,30,10,mtz1Y,0.12365699266820301,0.6075911047544332,104,0.008077681483505253,0.7,0.021185930129575682,relu,0.15
200,SGD,10,48,6,O6h7c,0.1638325098789309,0.6413694136775386,123,0.003016926332020325,0.7,0.489032285645672,relu,0.15
200,SGD,10,168,4,J15V9,0.21698130879605662,0.6522004838017132,83,0.012852976092726141,0.7,0.05877178170944106,relu,0.15
200,SGD,5,36,9,DwnA4,0.24340494741922147,0.6358837192430908,128,0.0062504547313267135,0.7,0.08381347348696609,elu,0.15
200,SGD,10,56,7,WAjw0,0.13656008359269875,0.6558773105673639,139,0.001787093890051951,0.7,0.11623763944987418,relu,0.15
200,SGD,30,64,10,mJhY4,0.15912056316061715,0.6353702701169337,143,0.00011813681105143263,0.7,0.017378919206694876,elu,0.15
200,SGD,10,41,9,Tmbja,0.2235487528035522,0.6117819232925656,136,0.009754349601043632,0.7,0.21505363082858742,elu,0.15
200,SGD,10,52,8,UJi34,0.10572070366202646,0.6451067133283688,113,0.0075024031802043405,0.7,0.04692706520373458,relu,0.15
200,SGD,50,22,5,JX16a,0.1700109070954528,0.6002599585888156,153,0.004876559505113836,0.7,0.06428912729519357,elu,0.15
200,SGD,10,45,10,JLw6D,0.14837508470651523,0.6621770089599306,76,0.011410686802745205,0.7,0.030067052324820216,elu,0.15
200,SGD,70,31,6,YY7GN,0.18479887014261215,0.6079052536214882,99,0.01750136469153787,0.7,0.18351137389546643,relu,0.15
200,SGD,10,58,9,dMBZM,0.20653904650443222,0.6571087794073253,132,0.014312937045895785,0.7,0.010768755246479446,elu,0.15
200,SGD,10,16,8,qN61n,0.11945360279014142,0.5662603369274776,117,0.0023726425422259216,0.7,0.3837837896265554,elu,0.15
200,SGD,10,26,7,e0EcD,0.19822534155904017,0.668152563276571,165,6.013317354500817e-05,0.7,0.3050233557491812,relu,0.15
200,SGD,5,10,10,HrAAv,0.15291042610587247,0.6177402930562919,148,0.0194019673773963,0.7,0.14364481447843752,elu,0.15
200,SGD,10,35,9,XbK5D,0.1428923840688177,0.6308928611372184,128,0.00432490450023654,0.7,0.01508576899871428,elu,0.15
200,SGD,30,71,8,hQ4sj,0.22995364524101825,0.5968071123893652,108,0.006567320886590875,0.7,0.4692855442488818,relu,0.15
200,SGD,10,49,5,WYtBD,0.13299400809506454,0.6240147504309111,143,0.009784907619682388,0.7,0.07705609444882124,elu,0.15
200,SGD,10,39,6,AX0no,0.168626924089942,0.6522098239770122,156,0.015588386846817088,0.7,0.24849688041214513,elu,0.15
200,SGD,50,62,4,ZK9jh,0.3852314504596237,0.5720180117036773,168,0.012713298728463314,0.7,0.02360478203781989,relu,0.15
200,SGD,10,19,9,Leb5S,0.1927325830851526,0.6621686674317995,112,1.4409202423174526e-05,0.7,0.03431359535629305,elu,0.15
200,SGD,70,43,10,Zd8Lt,0.2572574347224078,0.6370793061718685,103,0.0019825579103015935,0.7,0.10071911467906872,relu,0.15
200,SGD,10,54,8,GV2Bi,0.1747687574981882,0.6115743429200916,120,0.007852928852019866,0.7,0.045950247448775065,elu,0.15
200,SGD,10,66,9,TveTN,0.0995847003495299,0.6600814322753306,184,0.005261812204112981,0.7,0.009094564338969128,elu,0.15
200,SGD,10,30,10,sbmig,0.11497214531372396,0.6544831247942339,91,0.011142940834636511,0.7,0.14016983176102557,relu,0.15
200,SGD,5,34,7,IDs8T,0.21259719976095437,0.6266598421655244,151,0.016288138593950327,0.7,0.07294104588466632,elu,0.15
200,SGD,10,24,6,e0gK0,0.3601480056174061,0.6109604555755352,138,0.02546340426647036,0.7,0.2964948129255723,tanh,0.15
200,SGD,30,75,9,SVXuI,0.2377966950129165,0.6209808914403543,159,0.0037786015279241037,0.7,0.18450198043514165,elu,0.15
200,SGD,10,98,5,kUjmu,0.15893547092903915,0.6708332051058175,125,0.01859193682803951,0.7,0.10958712907429383,relu,0.15
