intermediate,trialJobId,layer_2,layer_1,batch_size,learning_rate,train_frac,activation,regularization,reward,dropout,preweight,epochs,optimizer,test_frac
"[0.9321428571428572,0.9479461546154383]",ayPfI,10,45,70,6.096963841467416e-06,0.7,tanh,0.003615953758771251,0.9479461546154383,0.3762686414815147,7,200,adam,0.15
"[0.548265306122449,0.49737741069091246]",wpfCi,112,191,50,2.4855007572618e-06,0.7,tanh,0.04732158377356293,0.49737741069091246,0.3588532007246211,4,200,SGD,0.15
"[0.9351020408163266,0.9817903623798735]",RYgu7,175,61,30,0.00913102221923123,0.7,elu,0.029962454104916804,0.9817903623798735,0.07231591451231659,8,200,adam,0.15
"[0.9422448979591836,0.9680773478305518]",FkBEO,144,36,10,3.484370253105343e-05,0.7,elu,0.0974336824633748,0.9680773478305518,0.36701736097310245,9,200,adam,0.15
"[0.8821428571428571,0.9115132601876029]",gDgzJ,40,77,5,0.004682903254612605,0.7,relu,0.03676472462208096,0.9115132601876029,0.11629408357681639,4,200,SGD,0.15
"[0.8985714285714286,0.9111268462438012]",iaMUC,75,28,50,0.000837539376705413,0.7,elu,0.07621998057267766,0.9111268462438012,0.01753103490850765,5,200,SGD,0.15
"[0.6423469387755102,0.5907967488600517]",BDqQf,45,79,50,2.2324447144312717e-06,0.7,elu,0.049042038475992866,0.5907967488600517,0.15728568514570604,8,200,SGD,0.15
"[0.8563265306122447,0.8906487544240103]",qwO49,155,88,10,2.238865716086905e-06,0.7,relu,0.02135974624041235,0.8906487544240103,0.21862287213261544,9,200,adam,0.15
"[0.9461224489795917,0.9799229181401099]",yHPuv,147,133,10,0.00267703833130924,0.7,tanh,0.06138211518681474,0.9799229181401099,0.011732529746645605,3,200,adam,0.15
"[0.8983673469387755,0.9245863927098107]",hCJfk,154,91,30,0.00011949556262532783,0.7,relu,0.0004929751155874351,0.9245863927098107,0.2240599258480733,2,200,adam,0.15
"[0.4263265306122449,0.38544593681429984]",eeFPs,17,192,30,1.569984664673381e-06,0.7,elu,0.05595708472632769,0.38544593681429984,0.007145838861858867,10,200,SGD,0.15
"[0.9397959183673468,0.9688459368252719]",zYrjM,11,190,10,0.0024905698951263777,0.7,tanh,0.07730571957606075,0.9688459368252719,0.36438612133872017,8,200,SGD,0.15
"[0.6251020408163266,0.607231216765028]",Yu6En,13,109,5,1.342350373858874e-06,0.7,elu,0.01926063262737583,0.607231216765028,0.2215930988513681,8,200,SGD,0.15
"[0.9442857142857142,0.983954590496325]",MRTI5,159,78,10,0.027159785355280602,0.7,elu,0.09010433922559215,0.983954590496325,0.11079875164927713,7,200,SGD,0.15
"[0.7197959183673469,0.958166296327246]",LksPR,122,54,10,0.07920233095881343,0.7,relu,0.007865507691130914,0.958166296327246,0.10672022218658449,9,200,adam,0.15
"[0.7037755102040816,0.7195310766804618]",ymfJy,29,173,100,0.0004088812209024118,0.7,tanh,0.040787635318612125,0.7195310766804618,0.19848781711627062,3,200,SGD,0.15
"[0.8525510204081632,0.9759957604051076]",ZnFJn,199,112,30,0.020662349286730722,0.7,relu,0.0863617294307649,0.9759957604051076,0.12659725928159707,3,200,adam,0.15
"[0.8982653061224489,0.9199093479069983]",RoaU9,45,18,100,0.0956799433410776,0.7,relu,0.08396552054384847,0.9199093479069983,0.2801981256760062,4,200,SGD,0.15
"[0.8981632653061224,0.9170012218519468]",lrSiV,89,195,5,7.182021281730412e-05,0.7,elu,0.09435385930672413,0.9170012218519468,0.14077255326855198,5,200,SGD,0.15
"[0.798265306122449,0.8022946347693031]",YGc5r,12,101,100,0.00012908403334687497,0.7,elu,0.06575651487936918,0.8022946347693031,0.3606005330705506,6,200,SGD,0.15
"[0.5303571428571429,0.7712015740116203]",DSnAk,198,63,70,0.4231206440663357,0.7,elu,0.028669638996803564,0.7712015740116203,0.072782587179142,7,200,adam,0.15
"[0.9361224489795917,0.9869931471816884]",Eb2L9,179,137,30,0.018413079733018308,0.7,elu,0.013338350600493924,0.9869931471816884,0.048865294012630255,7,200,adam,0.15
"[0.569234693877551,0.6591952160493827]",cUP9c,178,143,30,0.4489162794001259,0.7,elu,0.012971884710751006,0.6591952160493827,0.053760783767248514,6,200,adam,0.15
"[0.9401020408163265,0.9791209020023924]",Aum5m,179,149,70,0.050818160197788134,0.7,elu,0.07018192557702385,0.9791209020023924,0.0440311745510175,7,200,adam,0.15
"[0.9404081632653061,0.9824731997356764]",NpiXI,131,128,30,0.15490126252246664,0.7,elu,0.05617734776610107,0.9824731997356764,0.17718297523978765,7,200,SGD,0.15
"[0.8986734693877552,0.9799826319527684]",mVrTJ,170,149,10,0.0209720493098828,0.7,elu,0.09940158671266063,0.9799826319527684,0.09402119853126203,5,200,adam,0.15
"[0.9417346938775509,0.9792352119465184]",xnF7e,195,165,30,0.020035784635055096,0.7,elu,0.08715610046055057,0.9792352119465184,0.27863287007079873,10,200,SGD,0.15
"[0.5269897959183675,0.9146221204115585]",L20XT,96,125,10,0.21787654912534257,0.7,elu,0.03928371968325298,0.9146221204115585,0.049413243649212214,6,200,adam,0.15
"[0.9358163265306123,0.9856158069883266]",Bzzoz,137,117,70,0.00042015868606546714,0.7,tanh,0.006566638395513599,0.9856158069883266,0.08502068566601455,7,200,adam,0.15
"[0.9348979591836735,0.9548170588745565]",xA3G6,131,165,70,1.0780089228219392e-05,0.7,tanh,0.005589974003588449,0.9548170588745565,0.030330104651984862,7,200,adam,0.15
"[0.9408163265306124,0.9797133147309894]",LPdRa,80,122,70,0.0008992022604950235,0.7,tanh,0.00014341678685239438,0.9797133147309894,0.07682969704548501,6,200,adam,0.15
"[0.9402040816326531,0.9802752028409498]",clFG5,108,178,70,0.000389760095682454,0.7,tanh,0.012777148546522597,0.9802752028409498,0.2650874571149031,9,200,adam,0.15
"[0.9328571428571429,0.9487977351585732]",mJrtM,185,139,70,7.5652789912880165e-06,0.7,tanh,0.02622976642862497,0.9487977351585732,0.1501628513086534,8,200,adam,0.15
"[0.9368367346938775,0.9816961076896318]",FvP4Z,120,156,50,0.007570670649384546,0.7,tanh,0.01314389413202111,0.9816961076896318,0.08421082144908404,5,200,adam,0.15
"[0.9389795918367347,0.9882795940914239]",YdHvP,138,117,70,0.00138595424755745,0.7,tanh,0.02097739403887913,0.9882795940914239,0.31156399516604777,8,200,adam,0.15
"[0.9412244897959183,0.9812297810671158]",NTYuL,60,101,30,0.001757268574444123,0.7,tanh,0.035223275359796025,0.9812297810671158,0.32124375758991924,8,200,adam,0.15
"[0.9453061224489796,0.984798354093036]",SbxyD,160,92,5,0.006306402194069657,0.7,tanh,0.04520633561514109,0.984798354093036,0.39733015931552396,10,200,adam,0.15
"[0.9373469387755101,0.9655904062392556]",m6L1m,186,71,50,2.112802240950447e-05,0.7,tanh,0.021518754181025203,0.9655904062392556,0.3263455090955637,9,200,adam,0.15
"[0.9401020408163264,0.972729530849571]",erV7W,166,133,100,0.0011135935108769193,0.7,relu,0.03235326482888283,0.972729530849571,0.31799276374164365,9,200,adam,0.15
"[0.9382653061224488,0.9789053566996735]",ssWHw,146,158,30,0.0035848509227652463,0.7,tanh,0.024744516290698793,0.9789053566996735,0.24728926651953564,8,200,adam,0.15
"[0.9428571428571428,0.9819787555309398]",Qhp5o,101,37,70,0.011702059845041364,0.7,relu,0.016403592996987418,0.9819787555309398,0.3892021040590091,10,200,adam,0.15
"[0.9435714285714285,0.9758024012692778]",idULR,64,99,50,0.00020804891105257982,0.7,tanh,9.559035349875067e-05,0.9758024012692778,0.34130044937945714,5,200,adam,0.15
"[0.9437755102040816,0.9803342393643956]",keJWd,117,185,5,4.322749330199681e-05,0.7,elu,0.054733596425941014,0.9803342393643956,0.29757640192449164,8,200,adam,0.15
"[0.9420408163265306,0.9754526429330707]",IiF0F,142,87,30,0.0020592406011637732,0.7,tanh,0.04345682476378997,0.9754526429330707,0.1786544301582847,4,200,adam,0.15
"[0.9441836734693878,0.9787354774188136]",K47Fp,167,138,70,0.01157220308099136,0.7,elu,0.03291016897093889,0.9787354774188136,0.2540656976038184,9,200,adam,0.15
"[0.8456632653061223,0.9770545742311049]",z1PXf,152,49,30,0.04700866651704544,0.7,relu,0.051445277333964375,0.9770545742311049,0.2415756282017011,7,200,adam,0.15
"[0.6079081632653062,0.9309449837655859]",Hg8Ku,190,115,50,0.19614972604605138,0.7,elu,0.010096519572237143,0.9309449837655859,0.20425102320030394,6,200,adam,0.15
"[0.9375510204081632,0.9835427271231998]",LrZpJ,90,70,100,0.005189109014846457,0.7,tanh,0.019118426874147162,0.9835427271231998,0.30124389249988415,10,200,adam,0.15
"[0.9404081632653062,0.9802682796286735]",Kc4Rw,128,84,5,0.0002280290853818324,0.7,relu,0.0038818288369431367,0.9802682796286735,0.37765833562200873,2,200,adam,0.15
"[0.9356122448979592,0.9579115359861088]",aQn5B,138,199,30,0.0011876749637698047,0.7,elu,0.03719630898629455,0.9579115359861088,0.34784560307919016,8,200,SGD,0.15
"[0.8548979591836735,0.9720784197053762]",Gb72m,113,106,70,0.04212078972696361,0.7,tanh,0.024710650756936035,0.9720784197053762,0.17465962354822814,9,200,adam,0.15
"[0.9324489795918367,0.9490851223435867]",rTI8k,173,174,100,4.000549917011748e-06,0.7,elu,0.01629121097730208,0.9490851223435867,0.20444365976307785,8,200,adam,0.15
"[0.8525510204081632,0.8613456193447713]",RnYV0,159,147,30,0.0004724642568799215,0.7,relu,0.028769855478365077,0.8613456193447713,0.1312293219623531,7,200,SGD,0.15
"[0.9303061224489797,0.9821753134825005]",NrhR0,149,131,10,0.09628768739857603,0.7,elu,0.048883574271709744,0.9821753134825005,0.0006769961142160177,4,200,adam,0.15
"[0.9390816326530611,0.963267753025532]",JzY3u,125,12,70,0.004245256197040231,0.7,tanh,0.0755978542234194,0.963267753025532,0.23408398429243404,6,200,SGD,0.15
"[0.9419387755102042,0.9775948299621875]",ZuNC3,179,121,5,7.974293504905496e-05,0.7,elu,0.06165786633880532,0.9775948299621875,0.28971303708857876,9,200,adam,0.15
"[0.9385714285714286,0.9848343224403152]",ScalW,81,62,30,0.015699457084349985,0.7,relu,0.003194374048649907,0.9848343224403152,0.03096515649368388,3,200,adam,0.15
"[0.9316326530612244,0.9543603318617156]",XaoFJ,105,156,50,0.0006548099721557385,0.7,elu,0.009846171109578531,0.9543603318617156,0.11589569126630409,7,200,SGD,0.15
"[0.9392857142857143,0.9833995060247501]",GxUWt,62,94,10,0.0031425903417737436,0.7,tanh,0.04253065510701474,0.9833995060247501,0.1658463541313642,6,200,adam,0.15
"[0.9373469387755101,0.9844380061489169]",zzUxI,193,168,70,0.028215476597964473,0.7,elu,0.020105227405311805,0.9844380061489169,0.06295412403204938,5,200,adam,0.15
"[0.6947959183673469,0.6279027508319898]",IzVtH,164,109,100,2.4574736489227737e-05,0.7,tanh,0.031571518894845316,0.6279027508319898,0.18882077960476773,7,200,SGD,0.15
"[0.5439795918367347,0.6672872614851488]",Hxn8L,137,184,30,0.2836644861212686,0.7,elu,0.016175563640876623,0.6672872614851488,0.2683076834849467,10,200,adam,0.15
"[0.9401020408163265,0.96862055685744]",iTadQ,200,81,70,0.00018076503075508508,0.7,relu,0.06005138195303937,0.96862055685744,0.384752587298479,8,200,adam,0.15
"[0.9387755102040817,0.979848094219888]",sLyUM,35,24,5,0.12405468693848282,0.7,tanh,0.035955522142424055,0.979848094219888,0.22015570519475902,6,200,SGD,0.15
"[0.9407142857142858,0.9835293381822618]",JfuvG,155,40,30,0.0016409580617255447,0.7,elu,0.008883546178720905,0.9835293381822618,0.1478871532576778,5,200,adam,0.15
"[0.9369387755102041,0.9824754481585055]",XJpyz,141,112,70,0.0006079012834135089,0.7,tanh,0.006035783030589431,0.9824754481585055,0.10124366414847219,7,200,adam,0.15
"[0.9390816326530611,0.9645535876976898]",Jdb9R,136,117,70,7.526869148112058e-05,0.7,tanh,0.02230932953260005,0.9645535876976898,0.02890350933655529,7,200,adam,0.15
"[0.9379591836734693,0.9811157941298856]",rlhZk,111,138,70,0.00032678782795456243,0.7,tanh,0.002008981208297591,0.9811157941298856,0.009313820954120262,8,200,adam,0.15
"[0.935204081632653,0.9597813356023714]",nKRRt,186,72,70,4.719516221598122e-05,0.7,tanh,0.011829432228823508,0.9597813356023714,0.08530506970784224,7,200,adam,0.15
"[0.9341836734693878,0.9797563186331406]",UvEu2,131,126,70,0.009096439472433252,0.7,tanh,0.006296143651846314,0.9797563186331406,0.1316048736513738,6,200,adam,0.15
"[0.9368367346938775,0.9532779106763772]",deyZL,94,97,70,1.397437721654531e-05,0.7,tanh,0.016433133682121466,0.9532779106763772,0.04074491614064903,8,200,adam,0.15
"[0.9420408163265306,0.972165768572124]",kVdjB,171,144,70,0.00012318374421954275,0.7,tanh,0.027036539014384776,0.972165768572124,0.021133966561482143,8,200,adam,0.15
"[0.9414285714285715,0.9795495296330692]",rf7Nr,117,153,10,0.0002841005423159886,0.7,tanh,0.024419563331020362,0.9795495296330692,0.058601184701468884,9,200,adam,0.15
"[0.46479591836734696,0.9505232708362668]",RMex9,149,118,50,0.06587901522019468,0.7,tanh,0.00046983947847910323,0.9505232708362668,0.08574185874381901,7,200,adam,0.15
"[0.9363265306122447,0.980146257674255]",XL41o,125,103,70,0.0014476857226154779,0.7,tanh,0.013916506789342538,0.980146257674255,0.10215255887847281,6,200,adam,0.15
"[0.941530612244898,0.9801246223110682]",ch5bs,72,163,30,0.002499648984763581,0.7,tanh,0.039149856835197075,0.9801246223110682,0.07313175016734824,9,200,adam,0.15
"[0.9408163265306122,0.98053873665305]",pAJZ3,101,134,70,0.0005189614420225653,0.7,elu,0.01826194571383434,0.98053873665305,0.12068175831211081,5,200,adam,0.15
"[0.9413265306122449,0.9680308359812451]",fMbRI,160,53,100,0.00016370550688767576,0.7,tanh,0.03021687353682346,0.9680308359812451,0.06426759493391276,7,200,adam,0.15
"[0.9390816326530611,0.9833941748862252]",DOEFm,145,129,30,0.03181348609619511,0.7,relu,0.02282774910874953,0.9833941748862252,0.3459881105363831,9,200,adam,0.15
"[0.9404081632653061,0.9790426791492652]",SSe9u,155,123,5,0.015638606307706342,0.7,elu,0.03412140310723266,0.9790426791492652,0.16093879772450792,8,200,adam,0.15
"[0.9380612244897961,0.9684178013425507]",pzbYl,178,142,10,0.0010622288310653738,0.7,tanh,0.007293740180851202,0.9684178013425507,0.0008107002157543286,7,200,SGD,0.15
"[0.9408163265306122,0.9807422908241687]",Ay2jd,183,107,50,0.0054980781355525145,0.7,elu,0.046098534007678424,0.9807422908241687,0.33504669422848427,10,200,adam,0.15
"[0.9402040816326531,0.9756434108856646]",pWf9G,166,76,70,0.0007622675325426457,0.7,tanh,0.004521105889748363,0.9756434108856646,0.04452793785316643,5,200,adam,0.15
"[0.9329591836734693,0.9809981096633125]",xF3KQ,132,161,30,0.008632126140679094,0.7,relu,0.052852754310890336,0.9809981096633125,0.1415980978497799,6,200,adam,0.15
"[0.9402040816326531,0.9711866578805903]",EeNLc,24,151,100,0.003910974556108957,0.7,elu,0.06899240325650538,0.9711866578805903,0.19376715498692676,8,200,SGD,0.15
"[0.938265306122449,0.9716541912157609]",JvVVp,53,172,70,0.002070235022441551,0.7,tanh,0.010821741744922014,0.9716541912157609,0.020479519903717467,4,200,adam,0.15
"[0.9425510204081633,0.9725588130160137]",ALZ6q,117,96,30,9.745408251750217e-05,0.7,tanh,0.027996572508118173,0.9725588130160137,0.3116585829380862,10,200,adam,0.15
"[0.9368367346938775,0.9829530490794498]",CdsiO,195,66,5,0.006170983694654057,0.7,elu,0.01449476396878142,0.9829530490794498,0.2580548298637113,7,200,adam,0.15
"[0.9104081632653063,0.931006653205573]",VSUEz,175,135,70,3.7255211489321795e-06,0.7,relu,0.002399475751089949,0.931006653205573,0.21077866267620093,6,200,adam,0.15
"[0.7635714285714286,0.7853622921309606]",BPwna,85,112,50,4.635862974742887e-05,0.7,tanh,0.03919710960352196,0.7853622921309606,0.37364332274467266,9,200,SGD,0.15
"[0.9404081632653061,0.9775895970096189]",qCITy,100,85,10,0.03539622800126028,0.7,elu,0.018113860875753663,0.9775895970096189,0.35705117309397405,8,200,adam,0.15
"[0.8792857142857142,0.9650365203872312]",vT9pe,110,90,70,0.06928431390250629,0.7,tanh,0.0075529181610486315,0.9650365203872312,0.28164817813053844,7,200,adam,0.15
"[0.9425510204081633,0.975308584909331]",TL1pf,122,181,30,2.7636737181813823e-05,0.7,elu,0.020791116106683195,0.975308584909331,0.03736525312750835,8,200,adam,0.15
"[0.9414285714285715,0.9689278751370203]",TYIy0,189,147,100,0.01728377203214591,0.7,tanh,0.025840005221856227,0.9689278751370203,0.0916346861736191,9,200,SGD,0.15
"[0.5659183673469388,0.6839625124483749]",Z0K8D,162,189,70,0.32598226988046475,0.7,relu,0.08016695270190005,0.6839625124483749,0.11192949873703514,6,200,adam,0.15
"[0.9429591836734694,0.9820550491204527]",ernYY,153,104,30,0.00043737223225805583,0.7,elu,0.041895917236770566,0.9820550491204527,0.18456935969274757,3,200,adam,0.15
"[0.9429591836734694,0.9813338515249855]",ZuErj,169,200,5,0.00029826282016781624,0.7,tanh,0.09314990908713175,0.9813338515249855,0.399377732357191,10,200,adam,0.15
"[0.9377551020408165,0.9837330754601125]",MuN6y,70,118,70,0.013115373617476429,0.7,tanh,0.030154703356871378,0.9837330754601125,0.05143090167605366,5,200,adam,0.15
"[0.9357142857142857,0.9639226117788773]",utOCr,140,130,50,0.0012690333045563122,0.7,elu,0.011478878166693185,0.9639226117788773,0.23482372888486636,7,200,SGD,0.15
"[0.9444897959183672,0.9817657632060997]",SHDWi,135,168,10,0.0032119088024722127,0.7,tanh,0.05815915770175773,0.9817657632060997,0.3038449073743766,8,200,adam,0.15
"[0.9380612244897959,0.9837224873770692]",WaTrQ,183,58,30,0.011645206824985311,0.7,relu,0.06524821732960627,0.9837224873770692,0.1671855391111909,6,200,adam,0.15
"[0.9448979591836736,0.9771586285539808]",KrdTH,94,141,70,6.325613724391147e-05,0.7,elu,0.037225734495341764,0.9771586285539808,0.12388191541802646,9,200,adam,0.15
"[0.8816836734693878,0.9611881110956009]",vZFpc,148,158,100,0.022675110399578566,0.7,tanh,0.04878651824969529,0.9611881110956009,0.010533097303185843,7,200,adam,0.15
"[0.7086734693877551,0.7345262756346222]",ziXkl,108,82,70,0.0009109940747185746,0.7,tanh,0.04416680609114246,0.7345262756346222,0.15531820606517932,4,200,SGD,0.15
"[0.9351020408163266,0.9465702224529358]",WRsPj,114,111,30,1.20537439877583e-06,0.7,elu,0.014812354400271645,0.9465702224529358,0.07923079854677252,8,200,adam,0.15
"[0.5943877551020408,0.9362112682293248]",D17pE,128,126,5,0.16136238450208953,0.7,tanh,0.023204968231711746,0.9362112682293248,0.13597237429407552,5,200,adam,0.15
"[0.9461224489795919,0.9791642348152241]",fN2qC,143,91,70,0.002051357034939728,0.7,relu,0.001217255689308562,0.9791642348152241,0.06892179331648723,8,200,adam,0.15
"[0.9419387755102042,0.9636714998105823]",wNFqi,199,75,10,1.5751564309925298e-05,0.7,elu,0.008472225250628034,0.9636714998105823,0.2113521405820481,2,200,adam,0.15
"[0.568469387755102,0.5238606428951036]",NPMcn,158,177,50,8.960040103276208e-06,0.7,tanh,0.004799266002086644,0.5238606428951036,0.09735610724016644,7,200,SGD,0.15
"[0.9432653061224491,0.9732144360704332]",i43BV,192,120,70,0.00015599199927313604,0.7,tanh,0.018894909765017946,0.9732144360704332,0.22869660630977184,6,200,adam,0.15
"[0.9468367346938775,0.9789011802582867]",XhZF5,104,101,30,0.05181442215672634,0.7,elu,0.03209758878251957,0.9789011802582867,0.3322489616451846,7,200,adam,0.15
"[0.9427551020408161,0.9774848303777954]",npycY,88,136,100,0.007003430443184615,0.7,tanh,0.03358546307716684,0.9774848303777954,0.1083616500665919,10,200,adam,0.15
"[0.9374489795918368,0.9669435349024115]",whQG8,121,115,70,0.0002543514536422237,0.7,relu,0.012728883144677808,0.9669435349024115,0.2715076084913483,8,200,adam,0.15
"[0.5741836734693877,0.5468779700464644]",TYHI3,128,29,30,3.362284850561799e-05,0.7,elu,0.020837155580387373,0.5468779700464644,0.29159849530374005,9,200,SGD,0.15
"[0.6015306122448979,0.9390771964568867]",vj3ve,151,150,5,0.1095722446741198,0.7,tanh,0.017172141409059663,0.9390771964568867,0.2433144148599526,6,200,adam,0.15
"[0.5183673469387756,0.9231779658631545]",yfNiC,174,195,70,0.4843465269052197,0.7,tanh,0.009760978628507574,0.9231779658631545,0.0037510195962207754,7,200,adam,0.15
"[0.9440816326530612,0.9840824420749745]",R6pgc,133,154,10,0.0005345628335259911,0.7,elu,0.04735605607239989,0.9840824420749745,0.057424609258642345,9,200,adam,0.15
"[0.9418367346938774,0.9864871300278686]",I0j9a,78,66,50,0.0003821875355074309,0.7,tanh,0.003183806603784343,0.9864871300278686,0.028093443808378537,8,200,adam,0.15
"[0.9413265306122449,0.9676498137720222]",XLvWv,48,44,50,0.00010149072436599226,0.7,tanh,0.028650062885410808,0.9676498137720222,0.025848707193887765,10,200,adam,0.15
"[0.9393877551020408,0.9645433041498975]",b1ZYl,37,47,50,0.004538769795034155,0.7,relu,0.0033204081023259814,0.9645433041498975,0.3120609723187527,8,200,SGD,0.15
"[0.9434693877551021,0.9806459748255356]",UnoSw,57,19,50,0.000739137117526987,0.7,elu,0.025207302089516968,0.9806459748255356,0.2513037414829461,9,200,adam,0.15
"[0.9431632653061224,0.9878280652032686]",xsUyx,68,57,50,0.00252184373595948,0.7,tanh,0.053474063953061576,0.9878280652032686,0.3578277719493044,10,200,adam,0.15
"[0.5503571428571429,0.932373462709419]",yeygU,67,87,50,0.25516218587676753,0.7,tanh,0.07264830420120574,0.932373462709419,0.3657289632192555,10,200,adam,0.15
"[0.9127551020408164,0.976052688918573]",iVHWy,17,32,50,0.02332072250684544,0.7,elu,0.054225150211221075,0.976052688918573,0.3899883328350062,10,200,adam,0.15
"[0.9394897959183673,0.9650557684238127]",dpb3g,45,14,50,0.0031320048303247945,0.7,tanh,0.06248458553396795,0.9650557684238127,0.35512225779998313,10,200,SGD,0.15
"[0.9410204081632653,0.9816223401702844]",Xe0HK,31,56,50,0.001631177523985588,0.7,relu,0.05066528957666728,0.9816223401702844,0.321694084369905,9,200,adam,0.15
"[0.9350000000000002,0.9782630042876812]",ybJqC,75,43,30,0.08179599170351283,0.7,elu,0.08444548095068592,0.9782630042876812,0.37220481075524914,10,200,adam,0.15
"[0.9408163265306122,0.9857537149823505]",qxZaU,56,79,50,0.009031929635834832,0.7,tanh,0.0674496255538011,0.9857537149823505,0.2607600089447579,9,200,adam,0.15
"[0.9384693877551019,0.9742654556294174]",IPtc1,25,50,100,0.005248390694500637,0.7,tanh,0.04008999131961062,0.9742654556294174,0.33657379686510136,5,200,adam,0.15
"[0.9387755102040816,0.9684768382387403]",d9fJ2,98,39,30,0.0023852657068270063,0.7,elu,0.07216338672031339,0.9684768382387403,0.3482089620618681,9,200,SGD,0.15
"[0.5101530612244899,0.9599178594836022]",lXJGZ,66,67,5,0.0453073871325632,0.7,tanh,0.057258492543050585,0.9599178594836022,0.38923138521063727,3,200,adam,0.15
"[0.9013265306122449,0.9205003641192]",wbEvP,84,22,50,0.0009899664022904242,0.7,relu,0.05946542929928117,0.9205003641192,0.2781693988458693,4,200,adam,0.15
"[0.9351020408163265,0.9744385560964923]",cdtTj,77,97,10,0.034575764396767975,0.7,elu,0.06522819342003436,0.9744385560964923,0.2896152167790236,10,200,adam,0.15
"[0.7888775510204081,0.9373926735888011]",BkDFX,91,108,30,0.1730260253154292,0.7,tanh,0.07977546550647972,0.9373926735888011,0.377023804407212,8,200,adam,0.15
"[0.9407142857142856,0.9727154478207364]",LzOM0,39,72,100,0.015102107403664109,0.7,tanh,0.052576574210548246,0.9727154478207364,0.354324352529672,9,200,SGD,0.15
"[0.9432653061224491,0.9798353825548508]",TjEje,49,93,50,0.0012228409539276446,0.7,elu,0.06334633976603138,0.9798353825548508,0.32797279040381877,7,200,adam,0.15
"[0.9379591836734693,0.9831541967129371]",xCslk,85,145,30,0.010897606258291661,0.7,tanh,0.03650677225756692,0.9831541967129371,0.31380549618612447,6,200,adam,0.15
"[0.5,0.6265951480674643]",KmSYh,182,160,5,0.135589213544361,0.7,relu,0.046328351147047836,0.6265951480674643,0.1954204474017616,5,200,adam,0.15
"[0.9437755102040816,0.9785181620453833]",StKkq,60,60,50,0.00020125380541983717,0.7,elu,0.04228629611216757,0.9785181620453833,0.39724152414732605,8,200,adam,0.15
"[0.9401020408163265,0.9633579066427931]",xtWVE,72,124,10,0.0027742539458800327,0.7,tanh,0.038171180926795,0.9633579066427931,0.30000985695552357,10,200,SGD,0.15
"[0.9432653061224489,0.9836678645893165]",CMwGw,104,170,30,0.0070462200989874005,0.7,tanh,0.0559068417395207,0.9836678645893165,0.2716176112200486,7,200,adam,0.15
"[0.943061224489796,0.97499449009767]",eRLa8,165,165,100,0.004272540503370111,0.7,elu,0.07574307753607948,0.97499449009767,0.341307860954132,6,200,adam,0.15
"[0.8133673469387755,0.9532788745676685]",udsUZ,170,129,50,0.06372929636661877,0.7,tanh,0.034712210018264945,0.9532788745676685,0.3066340808515962,9,200,adam,0.15
"[0.8686224489795918,0.9650737857927943]",wZBQu,156,53,30,0.020007123613121073,0.7,relu,0.09687386316531753,0.9650737857927943,0.22774014663332673,8,200,adam,0.15
"[0.9424489795918367,0.9826350565695516]",HUSqb,197,139,5,0.025851869273682805,0.7,elu,0.048429779511151065,0.9826350565695516,0.3836831698238736,6,200,SGD,0.15
"[0.943061224489796,0.9753700810267996]",ecrBh,80,33,50,0.00040250181677168814,0.7,tanh,0.0006034747107946832,0.9753700810267996,0.01572743005408795,8,200,adam,0.15
"[0.9408163265306122,0.9750930268047007]",TEqIF,63,27,50,0.0003264584642486124,0.7,tanh,0.00585185489704242,0.9750930268047007,0.14562170939181218,7,200,adam,0.15
"[0.9418367346938774,0.9763184718402981]",Sw8R5,42,67,50,6.0076944584730026e-05,0.7,tanh,0.022777767195624875,0.9763184718402981,0.03386628855053325,8,200,adam,0.15
"[0.9406122448979591,0.9826370156807798]",MJ2nU,93,75,50,0.0016574653001055124,0.7,tanh,0.015506864501270796,0.9826370156807798,0.3651340558424409,8,200,adam,0.15
"[0.941530612244898,0.9830183305857908]",v65CM,76,89,50,0.0006495295824871257,0.7,tanh,0.03096059058258977,0.9830183305857908,0.04535902622314678,7,200,adam,0.15
"[0.9396938775510204,0.9623831496298518]",mzz9k,51,35,50,0.00015209119693946526,0.7,tanh,0.027778608786079073,0.9623831496298518,0.32524031960804084,7,200,adam,0.15
"[0.9429591836734694,0.975051472017596]",U5ZZv,68,63,50,0.00010116904302367056,0.7,tanh,0.06011508832051373,0.975051472017596,0.1713484776923371,9,200,adam,0.15
"[0.9376530612244898,0.9782108687555857]",E1zPc,54,103,50,0.0021853805570828375,0.7,tanh,0.011659785786876953,0.9782108687555857,0.09026542118058833,8,200,adam,0.15
"[0.9454081632653061,0.9761742717217965]",scPWh,115,11,50,0.00022887330777575195,0.7,tanh,8.5467288727617e-05,0.9761742717217965,0.06872160999040686,8,200,adam,0.15
"[0.9425510204081633,0.9741617752312862]",qlARk,31,81,50,0.0008244846082192844,0.7,tanh,0.008149255943475885,0.9741617752312862,0.2144315464084162,9,200,adam,0.15
"[0.9393877551020408,0.9881306636668652]",nzcGn,87,51,10,0.0005028122738848872,0.7,tanh,0.019774028053375022,0.9881306636668652,0.0013265003802739248,7,200,adam,0.15
"[0.9402040816326529,0.9898466713828175]",uNFSv,106,50,10,0.001295996750947437,0.7,tanh,0.019857723729413804,0.9898466713828175,0.29245178785894055,6,200,adam,0.15
"[0.939387755102041,0.9773095514844528]",x5qa0,108,41,10,0.0004945393009634239,0.7,tanh,0.044102756061813166,0.9773095514844528,0.23726566022608614,6,200,adam,0.15
"[0.9426530612244898,0.9827731773476331]",Kq6g8,98,16,10,0.001352317364418333,0.7,tanh,0.01988440537742118,0.9827731773476331,0.3172763342478985,5,200,adam,0.15
"[0.9364285714285714,0.9660079099271283]",Rdovd,120,24,10,5.584806283088759e-06,0.7,tanh,0.026434292415684176,0.9660079099271283,0.2502350420954812,5,200,adam,0.15
"[0.9357142857142856,0.9821829679344635]",riPsu,88,48,10,0.0010482442111097586,0.7,tanh,0.05101210437149887,0.9821829679344635,0.28782288229362124,6,200,adam,0.15
"[0.9410204081632653,0.9853222019982493]",rCGMj,82,55,10,0.00343695539376851,0.7,tanh,0.029648522218431395,0.9853222019982493,0.2946366394290694,4,200,adam,0.15
"[0.9052040816326532,0.9361490036250878]",xHNrv,104,29,10,1.9616799881880096e-06,0.7,tanh,0.0333748537145015,0.9361490036250878,0.2662812135249101,5,200,adam,0.15
"[0.9389795918367347,0.9839307214460262]",wDwYC,124,51,10,0.0006751898808839311,0.7,tanh,0.024526997844760645,0.9839307214460262,0.30584209130124723,4,200,adam,0.15
"[0.9402040816326529,0.9680077535327951]",eEDkD,112,37,10,1.7123297132961466e-05,0.7,tanh,0.08913382811635462,0.9680077535327951,0.34868559597798315,6,200,adam,0.15
"[0.9418367346938776,0.9779273253319847]",FUh3Y,72,61,10,0.00012748392945619112,0.7,tanh,0.03583980095545411,0.9779273253319847,0.36083588101981334,6,200,adam,0.15
"[0.9428571428571428,0.9762544631450837]",mh2pY,61,21,10,8.057072376742424e-05,0.7,tanh,0.04089305989325912,0.9762544631450837,0.2810616919222137,7,200,adam,0.15
"[0.9435714285714287,0.982105126720391]",JEXJu,94,57,10,0.005744448281105601,0.7,tanh,0.017892135612674755,0.982105126720391,0.3342176632204003,6,200,SGD,0.15
"[0.939387755102041,0.9737548121014565]",yyPoY,87,44,10,4.0546260491754e-05,0.7,tanh,0.01419812717545553,0.9737548121014565,0.18466888835535283,5,200,adam,0.15
"[0.9395918367346938,0.9802252765800858]",PVZR1,119,70,10,0.00033058579665613233,0.7,tanh,0.020402766966498228,0.9802252765800858,0.3405185350842328,7,200,adam,0.15
"[0.9414285714285713,0.9737088911510149]",YbAeQ,102,85,10,0.00020095343399725483,0.7,tanh,0.044944556263239024,0.9737088911510149,0.20306477006741278,3,200,adam,0.15
"[0.9429591836734694,0.9794334273408868]",ePAPX,97,48,10,0.0018699634881684565,0.7,tanh,0.06845705524908093,0.9794334273408868,0.39574786325670386,7,200,adam,0.15
"[0.9280612244897958,0.9788932058309697]",B7ocE,126,74,10,0.0008808953841089779,0.7,tanh,0.07242880310687214,0.9788932058309697,0.38074144044752695,4,200,adam,0.15
"[0.9436734693877552,0.9735345643108128]",kZ5aw,109,31,10,0.0025956124957643707,0.7,tanh,0.078149361476043,0.9735345643108128,0.2739748380202182,6,200,SGD,0.15
"[0.9376530612244898,0.9824106482103927]",QJcTj,139,79,10,0.0005603343079444971,0.7,tanh,0.03923840370215911,0.9824106482103927,0.3715503816725184,2,200,adam,0.15
"[0.9413265306122449,0.9805745635285342]",qHotC,10,64,70,0.003965387349871381,0.7,tanh,0.05499255058393007,0.9805745635285342,0.22442356743187578,5,200,adam,0.15
"[0.9439795918367349,0.9738521637993749]",Wp190,91,69,100,0.000278415866959298,0.7,tanh,0.03207158039656851,0.9738521637993749,0.25776856992228514,6,200,adam,0.15
"[0.9471428571428572,0.9763009589697432]",eXfRQ,131,98,10,5.68044475527778e-05,0.7,relu,0.022309217130288113,0.9763009589697432,0.3251717361545178,7,200,adam,0.15
"[0.8643877551020409,0.8641159179544058]",CBUR8,18,38,70,0.0013830052918050858,0.7,tanh,0.04261569213899545,0.8641159179544058,0.29979358058061617,5,200,SGD,0.15
"[0.9480612244897959,0.9745893210013306]",PsnCR,144,17,5,0.009281573108023201,0.7,tanh,0.010286187257870087,0.9745893210013306,0.28673947173022574,7,200,adam,0.15
"[0.9464285714285715,0.9824698586213765]",guyaQ,74,93,10,0.007765634214234806,0.7,tanh,0.05337010276622077,0.9824698586213765,0.30991619536344195,6,200,adam,0.15
"[0.9364285714285716,0.9618470477713348]",Twkcf,80,45,70,2.7652148003072538e-05,0.7,relu,0.027313069943959177,0.9618470477713348,0.24466141518016982,10,200,adam,0.15
"[0.9345918367346939,0.9570038689234958]",NIMvz,58,59,100,1.1423180367779639e-05,0.7,tanh,0.0494974610153449,0.9570038689234958,0.34891376243129896,7,200,adam,0.15
"[0.9464285714285715,0.9814891407980711]",a04hn,43,34,10,0.00014135558678933,0.7,tanh,0.01710510148073356,0.9814891407980711,0.2647046792269637,6,200,adam,0.15
"[0.841530612244898,0.849485842422163]",N97Ni,65,24,70,0.00048458776572035586,0.7,tanh,0.04741188554479599,0.849485842422163,0.3193879483491067,8,200,SGD,0.15
"[0.9455102040816327,0.9797159160834434]",dcnET,100,84,5,0.0048206900382901,0.7,tanh,0.06356600420632154,0.9797159160834434,0.36538957363686486,5,200,adam,0.15
"[0.9424489795918367,0.9817456541511611]",YOI02,115,11,10,0.0030691683567188647,0.7,tanh,0.05821269320437173,0.9817456541511611,0.3327015690212782,9,200,adam,0.15
"[0.9441836734693878,0.9795107029120214]",ZhCEJ,136,112,70,0.0016933853037397353,0.7,relu,0.024278760232233628,0.9795107029120214,0.3889485106517042,10,200,adam,0.15
"[0.9428571428571427,0.9823041080910858]",cQYxM,83,53,10,0.0007858657017616743,0.7,tanh,0.037821949116833405,0.9823041080910858,0.3570113175132244,7,200,adam,0.15
"[0.9413265306122447,0.9762685705778319]",MEdHl,106,78,100,9.318990143995012e-05,0.7,tanh,0.03012300299367285,0.9762685705778319,0.2827076737562262,8,200,adam,0.15
"[0.9436734693877551,0.982509939020327]",mI27k,48,27,10,0.014760112032228233,0.7,tanh,0.01243994682822967,0.982509939020327,0.39989781263721375,6,200,SGD,0.15
"[0.9362244897959183,0.9790611814236551]",zcvaP,147,106,70,0.001104735767835911,0.7,tanh,0.03433459852941941,0.9790611814236551,0.23690038726861762,7,200,adam,0.15
"[0.9432653061224489,0.9847373598260875]",AWc2W,36,121,5,0.0003773281045915619,0.7,relu,0.026499026694054507,0.9847373598260875,0.295769590736757,10,200,adam,0.15
"[0.9394897959183673,0.9860090784100741]",Vuy8T,69,115,10,0.006288316612588104,0.7,tanh,0.040921699208520936,0.9860090784100741,0.16114561120219623,8,200,adam,0.15
"[0.9410204081632655,0.9709402129776187]",l7WDB,97,71,70,0.00018223209380647978,0.7,tanh,0.01925427609922513,0.9709402129776187,0.3439889935174323,5,200,adam,0.15
"[0.938673469387755,0.9846585202890477]",cewpj,127,41,10,0.011651435005753262,0.7,tanh,0.0068564017695292665,0.9846585202890477,0.3729741813801224,4,200,adam,0.15
"[0.9385714285714286,0.9638816294246609]",sWq7Z,78,64,100,0.002106148251992398,0.7,tanh,0.01412719452666873,0.9638816294246609,0.21829918616114335,9,200,SGD,0.15
"[0.9409183673469388,0.9805742686547869]",cvJvQ,88,87,10,0.0002714911293713582,0.7,tanh,0.08216303883629344,0.9805742686547869,0.2514539902936058,7,200,adam,0.15
"[0.9404081632653061,0.9686163462212638]",svkxb,123,132,70,0.0001143652109769392,0.7,relu,0.022078088487030075,0.9686163462212638,0.31488647140866494,6,200,adam,0.15
"[0.9391836734693877,0.9771879523634462]",fZp6U,112,100,5,0.0037978632193616463,0.7,tanh,0.036300443933225346,0.9771879523634462,0.178023441042239,7,200,adam,0.15
"[0.9429591836734694,0.9838981938468823]",tTNU3,54,52,10,0.0006145949208750845,0.7,tanh,0.06671338977583156,0.9838981938468823,0.3310158323364722,6,200,adam,0.15
"[0.9357142857142857,0.9576149144769659]",sTtWY,134,57,70,1.9846576887105712e-05,0.7,tanh,0.07013529470065863,0.9576149144769659,0.3539524842907712,9,200,adam,0.15
"[0.9391836734693877,0.9657398444904389]",rJpXl,90,76,10,0.0013236299470978667,0.7,tanh,0.01608744159049335,0.9657398444904389,0.2772824026821368,8,200,SGD,0.15
"[0.9446938775510203,0.9757998868410885]",vK8If,26,91,50,0.0009189308837011593,0.7,tanh,0.05068448369330445,0.9757998868410885,0.3001495360151985,10,200,adam,0.15
"[0.9369387755102041,0.9723000533633875]",RECK4,141,14,100,0.002524677305383239,0.7,tanh,0.028892112567088787,0.9723000533633875,0.2576376173376872,9,200,adam,0.15
"[0.8916326530612244,0.9790999184484797]",idqhS,117,45,10,0.032377184878116846,0.7,relu,0.04470130428245188,0.9790999184484797,0.2073846474270934,7,200,adam,0.15
"[0.9420408163265306,0.9718025111585892]",nB7QK,106,62,70,0.00022502109190813459,0.7,tanh,0.031409158735769174,0.9718025111585892,0.2310120993759296,5,200,adam,0.15
"[0.941734693877551,0.9806474003783008]",XvMGa,85,95,5,3.6170354022494474e-05,0.7,tanh,0.060518607917357414,0.9806474003783008,0.38453951814766146,8,200,adam,0.15
"[0.941530612244898,0.9742272943670794]",g5MsF,152,36,50,0.010187070092887445,0.7,tanh,0.005278702629666048,0.9742272943670794,0.19710200514518772,3,200,SGD,0.15
"[0.9409183673469388,0.9778817946673654]",Jq0RL,63,49,10,0.01912091396771207,0.7,tanh,0.05631791217151352,0.9778817946673654,0.3637711016563933,6,200,adam,0.15
"[0.9410204081632653,0.9729978867441862]",n4TmA,95,41,70,0.00045286657738030585,0.7,tanh,0.010144358006045545,0.9729978867441862,0.37742206603186845,4,200,adam,0.15
"[0.9418367346938774,0.9632906540062283]",bt1Md,162,83,50,7.319547878597337e-05,0.7,relu,0.052279650525451964,0.9632906540062283,0.3423412170048968,6,200,adam,0.15
"[0.881734693877551,0.9057319007935979]",BcfOZ,75,31,10,3.06276464521092e-06,0.7,tanh,0.02476293278556008,0.9057319007935979,0.26736851383458093,5,200,adam,0.15
"[0.9418367346938776,0.9699655068477998]",g9oXM,110,26,100,0.0016060249933552446,0.7,tanh,0.008407854732904464,0.9699655068477998,0.32086300142056523,8,200,adam,0.15
"[0.9405102040816326,0.9832422832559352]",e9v9w,129,18,10,0.005232811371651799,0.7,tanh,0.0018207490538610614,0.9832422832559352,0.24394416979433575,9,200,SGD,0.15
"[0.9423469387755101,0.9761122011454105]",JuZJe,101,109,70,0.00016744467058262764,0.7,tanh,0.046155337473260394,0.9761122011454105,0.15130640835601492,7,200,adam,0.15
"[0.945,0.979288757672539]",URI6O,68,104,50,0.007299989969996525,0.7,tanh,0.0212743953021451,0.979288757672539,0.3045530531087845,10,200,adam,0.15
"[0.9409183673469389,0.9802531198790995]",a0TUe,121,126,5,4.796682306000933e-05,0.7,relu,0.042656653407206105,0.9802531198790995,0.2915477959409713,8,200,adam,0.15
"[0.9428571428571428,0.9789575089874999]",LGpum,59,66,10,0.0007378296303734188,0.7,tanh,0.033131467527828494,0.9789575089874999,0.3278552243326293,7,200,adam,0.15
"[0.9444897959183673,0.9775249442622125]",TtpfB,72,72,70,0.003199857831935127,0.7,tanh,0.06496814022370744,0.9775249442622125,0.3922479386392254,6,200,adam,0.15
"[0.9383673469387755,0.9631720549745854]",xIJmL,81,58,50,0.0020249493546439243,0.7,tanh,0.03883494458894988,0.9631720549745854,0.18852781574999028,7,200,SGD,0.15
"[0.5,0.9442843240239489]",PU1ML,47,21,10,0.05412240965647705,0.7,tanh,0.035185666786565775,0.9442843240239489,0.1166981791142987,10,200,adam,0.15
"[0.9418367346938776,0.9711522446341883]",StJLa,21,89,100,0.001074571111308856,0.7,tanh,0.003842542494253788,0.9711522446341883,0.312119711012847,5,200,adam,0.15
"[0.9410204081632655,0.9785290794245626]",J6Fbt,52,115,10,0.0003845457493243284,0.7,relu,0.01795247102533102,0.9785290794245626,0.2735785296197974,9,200,adam,0.15
"[0.9403061224489795,0.9683945260882829]",QWbrV,34,10,70,0.0005579329377392793,0.7,tanh,0.013346920885481312,0.9683945260882829,0.1351153778399522,6,200,adam,0.15
"[0.8509183673469389,0.9806046444761997]",Lghar,93,81,50,0.02596237502982691,0.7,tanh,0.06196289273186929,0.9806046444761997,0.33857292722964294,7,200,adam,0.15
"[0.9392857142857143,0.9763943001760633]",JiB3X,113,99,5,0.003972859468488173,0.7,tanh,0.02838115979076573,0.9763943001760633,0.35015805812054956,8,200,SGD,0.15
"[0.9422448979591836,0.9777105869064592]",mlemo,39,54,30,0.0002617990032153487,0.7,tanh,0.0742163269187887,0.9777105869064592,0.21892005560730476,5,200,adam,0.15
"[0.945918367346939,0.9797990127362011]",y9gun,102,46,10,0.013347794754774754,0.7,tanh,0.02342650743364516,0.9797990127362011,0.3698567003333859,10,200,adam,0.15
"[0.8745918367346939,0.8983287369479935]",Qn5ao,138,37,70,7.906430527600109e-06,0.7,relu,0.04819886517653654,0.8983287369479935,0.39916399095798044,9,200,adam,0.15
"[0.6387755102040816,0.9656192393538234]",KQAjq,131,33,50,0.04038149200763527,0.7,tanh,0.09162568440454893,0.9656192393538234,0.3580641502893887,8,200,adam,0.15
"[0.9415306122448979,0.9873656568952415]",JmjmN,144,68,10,0.00034755938889094543,0.7,elu,0.01933958609779155,0.9873656568952415,0.3224074044976063,6,200,adam,0.15
"[0.6806632653061225,0.9368466457121747]",CWD8y,149,142,100,0.08782381371336191,0.7,tanh,0.015656494263147455,0.9368466457121747,0.25924137199564745,7,200,adam,0.15
"[0.6543877551020408,0.6705259497664022]",jcOzZ,91,74,70,0.0001278430205773121,0.7,tanh,0.011713288218605643,0.6705259497664022,0.37848499579979666,4,200,SGD,0.15
"[0.9387755102040816,0.9824394211051096]",FDpFK,124,135,10,0.001365323709292413,0.7,tanh,0.04080204867139635,0.9824394211051096,0.2931143806798498,7,200,adam,0.15
"[0.926530612244898,0.955283746142381]",V0Nnl,119,61,50,5.174148357591068e-06,0.7,tanh,0.058657144495358686,0.955283746142381,0.30726080902687725,8,200,adam,0.15
"[0.9435714285714287,0.9795736116888604]",QrAzc,108,95,30,0.000696651160686058,0.7,relu,0.02543073062115511,0.9795736116888604,0.28059851125466834,6,200,adam,0.15
"[0.9448979591836736,0.9884207007134945]",Rwn91,158,121,10,0.0027878443688645563,0.7,elu,0.07019527188763122,0.9884207007134945,0.2836519685984874,8,200,adam,0.15
"[0.8814285714285715,0.9798009412509903]",h54cp,148,118,10,0.008135871322680559,0.7,elu,0.07814522991080206,0.9798009412509903,0.2411811138832119,8,200,adam,0.15
"[0.9418367346938776,0.9726505352470802]",YSXV4,158,124,10,0.004882234102517498,0.7,elu,0.07233852946730365,0.9726505352470802,0.22543786825914103,8,200,SGD,0.15
"[0.9412244897959183,0.9856381027694953]",jv2fp,174,151,10,0.0010671140649437705,0.7,elu,0.08635464505140518,0.9856381027694953,0.21087097520497255,8,200,adam,0.15
"[0.9451020408163266,0.9818982405926203]",r6n22,155,146,10,0.0018441125898807954,0.7,elu,0.08197787016153615,0.9818982405926203,0.2531380280616614,7,200,adam,0.15
"[0.9429591836734694,0.9844458062167799]",iXXg0,188,158,10,0.0027581088040477867,0.7,elu,0.0756672894099865,0.9844458062167799,0.26718223027441423,8,200,adam,0.15
"[0.9435714285714285,0.9725691858066001]",yl2Iu,179,128,10,2.6563665868021345e-05,0.7,elu,0.08890763390070493,0.9725691858066001,0.23393703180232786,7,200,adam,0.15
"[0.9421428571428571,0.9809376689149758]",b3v0i,168,175,10,9.113185121018813e-05,0.7,elu,0.09820682745250134,0.9809376689149758,0.2000890946265525,9,200,adam,0.15
"[0.9412244897959183,0.9734086948455178]",zZTFl,163,106,10,0.006413073838122788,0.7,elu,0.08604046256930145,0.9734086948455178,0.2893219484223041,7,200,SGD,0.15
"[0.9422448979591836,0.9755670331130905]",aKWPn,172,187,10,0.0005144608318015021,0.7,elu,0.0801754074434641,0.9755670331130905,0.16592703785795218,8,200,adam,0.15
"[0.94265306122449,0.9750657280057833]",I3koi,134,154,10,6.023958076507566e-05,0.7,elu,0.09586946279426035,0.9750657280057833,0.1266682782141243,9,200,adam,0.15
"[0.6935204081632652,0.9663218142010542]",ltWBx,144,138,10,0.016754727569181695,0.7,elu,0.09373826993725767,0.9663218142010542,0.17590545929828005,7,200,adam,0.15
"[0.9425510204081633,0.9841527754875792]",Cmj3p,153,122,10,0.0002045022907029902,0.7,elu,0.06804414719246142,0.9841527754875792,0.2830013618509848,8,200,adam,0.15
"[0.9458163265306123,0.9865829559006525]",SUFii,140,116,10,0.0034175021645664154,0.7,elu,0.06969862927257423,0.9865829559006525,0.2500202106469477,8,200,adam,0.15
"[0.9393877551020408,0.9673014800397517]",yvCS3,165,131,5,0.00029610481531855664,0.7,elu,0.0319063622610207,0.9673014800397517,0.26196078028744674,9,200,SGD,0.15
"[0.9408163265306122,0.9788485664007107]",dw0Me,159,111,10,0.001563333071491299,0.7,elu,0.009175528773992362,0.9788485664007107,0.29926915911947255,7,200,adam,0.15
"[0.9420408163265307,0.9805541661360561]",vXFez,176,147,70,0.0008049643787170538,0.7,elu,0.0002750054852328661,0.9805541661360561,0.27261535015595795,6,200,adam,0.15
"[0.9408163265306122,0.9853246218252394]",BbRcN,135,103,10,0.0022389402783894174,0.7,elu,0.006425688017131,0.9853246218252394,0.1924176707484978,7,200,adam,0.15
"[0.9416326530612246,0.9807683501912396]",d0ZkQ,186,120,100,0.010300618478610635,0.7,elu,0.026711365143791133,0.9807683501912396,0.31550755788258095,8,200,adam,0.15
"[0.9407142857142856,0.9757233221482515]",Jq7oU,117,181,10,0.00016406184116376843,0.7,elu,0.08221917368435855,0.9757233221482515,0.3264967022570484,9,200,adam,0.15
"[0.943061224489796,0.9768240356467851]",zVatr,86,133,50,0.0027422184217288743,0.7,tanh,0.06513945175100397,0.9768240356467851,0.3408029432405153,9,200,adam,0.15
"[0.945,0.9833338986161841]",UrBNl,98,78,70,0.0012720821176118579,0.7,tanh,0.05473234033071172,0.9833338986161841,0.302333313077058,10,200,adam,0.15
"[0.9422448979591836,0.9823900357659507]",W1kL7,77,111,50,0.003986320186078041,0.7,tanh,0.060578701659858514,0.9823900357659507,0.3487277971532399,6,200,adam,0.15
"[0.9424489795918369,0.9772821287616514]",Aq4Rk,194,86,30,0.0009272700473236841,0.7,tanh,0.07709484045985426,0.9772821287616514,0.33465062355135367,9,200,adam,0.15
"[0.9414285714285715,0.986095666854213]",CcMku,82,142,5,0.0004175870508778739,0.7,tanh,0.07110569665345151,0.986095666854213,0.3114163635670113,7,200,adam,0.15
"[0.9398979591836735,0.9788201886219469]",BLqWx,67,99,10,0.0006474584635568312,0.7,elu,0.057593875380912485,0.9788201886219469,0.3178437718052491,10,200,adam,0.15
"[0.9454081632653061,0.9848519436803412]",pbyvo,128,41,70,0.006280673210224282,0.7,relu,0.053732165421647354,0.9848519436803412,0.36083773480560494,6,200,adam,0.15
"[0.9414285714285715,0.9792779928393746]",P0bI1,168,93,10,0.0024775889367027386,0.7,tanh,0.06681362250633135,0.9792779928393746,0.2876066560247642,8,200,adam,0.15
"[0.9392857142857143,0.9780203349056078]",DClSz,181,52,50,0.0017597783194024167,0.7,tanh,0.049636395758876545,0.9780203349056078,0.3320584420901382,7,200,adam,0.15
"[0.9394897959183675,0.9834739883172123]",GmiJO,72,108,10,0.008791511740825325,0.7,tanh,0.06422574143838611,0.9834739883172123,0.36761882260177714,10,200,adam,0.15
"[0.9413265306122449,0.9720996109986295]",xasFt,103,29,100,0.005236057743827083,0.7,elu,0.061869434214647044,0.9720996109986295,0.3562515451615376,6,200,adam,0.15
"[0.941530612244898,0.9740868012675132]",myVSU,65,114,70,0.0013128101245455117,0.7,tanh,0.07413583725087416,0.9740868012675132,0.3245982012214053,8,200,adam,0.15
"[0.9376530612244899,0.9709767552959401]",WUj9E,56,127,50,0.022821786544366455,0.7,tanh,0.029624330232119474,0.9709767552959401,0.2765950628843158,7,200,adam,0.15
"[0.9409183673469388,0.9796674309516586]",hmiIr,150,57,10,0.004446445540950459,0.7,relu,0.03686824830899235,0.9796674309516586,0.3086679956833433,5,200,adam,0.15
"[0.9435714285714285,0.981007489085053]",DQnii,61,50,30,0.013400398194864294,0.7,tanh,0.022497216118075994,0.981007489085053,0.3813067390451448,10,200,adam,0.15
"[0.9464285714285714,0.9823732087585395]",jOHhR,88,89,5,0.0005110661850698231,0.7,tanh,0.04413381555700774,0.9823732087585395,0.24649233269919288,9,200,adam,0.15
"[0.9454081632653063,0.9766954928310468]",HWEVd,123,64,10,0.00085909442770919,0.7,elu,0.014585314687491678,0.9766954928310468,0.292428325535219,6,200,adam,0.15
"[0.9380612244897959,0.9824068641775231]",hnT4z,95,69,70,0.0019513329526743206,0.7,tanh,0.02019553809453079,0.9824068641775231,0.3403746184475995,7,200,adam,0.15
"[0.9428571428571428,0.9741234942382565]",x4g3p,43,81,50,0.00024335362116130566,0.7,tanh,0.08433990460801884,0.9741234942382565,0.2657384826546032,9,200,adam,0.15
"[0.9439795918367349,0.987493197180957]",Hp4jb,107,138,10,0.0032838678709865236,0.7,elu,0.046383144380830424,0.987493197180957,0.3902348839143105,8,200,adam,0.15
"[0.9414285714285715,0.972658045602444]",Niwxe,114,163,100,0.0005888699376254674,0.7,tanh,0.07415906703268454,0.972658045602444,0.30040934531666047,5,200,adam,0.15
"[0.9387755102040817,0.9761089317277454]",E3ZSC,146,102,10,0.001244347303539594,0.7,relu,0.051628593811027,0.9761089317277454,0.28450599157906836,6,200,adam,0.15
"[0.9414285714285715,0.9806185067012514]",EG7o8,79,46,70,0.007976599342143623,0.7,tanh,0.05647903665259436,0.9806185067012514,0.2213962781327102,8,200,adam,0.15
"[0.9273469387755101,0.951224348011103]",k6tt3,141,119,50,0.0003059096478330403,0.7,tanh,0.03402066073086723,0.951224348011103,0.34610619801430065,7,200,SGD,0.15
"[0.9441836734693878,0.9805507452796218]",GD1rP,161,123,10,0.00011403965885819662,0.7,elu,0.018460335945974533,0.9805507452796218,0.2561387052190807,5,200,adam,0.15
"[0.9394897959183673,0.9663278486427542]",ZUDpV,156,38,30,0.002478537790646922,0.7,tanh,0.09151119275101863,0.9663278486427542,0.3730120013608496,7,200,adam,0.15
"[0.6720408163265306,0.9696733151410936]",DeY2X,70,96,5,0.0296572364206894,0.7,tanh,0.03927231884589602,0.9696733151410936,0.23472216261238135,8,200,adam,0.15
"[0.9451020408163264,0.9835815980840475]",ChIJC,51,22,10,0.019512585877966605,0.7,elu,0.012366351522881888,0.9835815980840475,0.32998725646149685,10,200,adam,0.15
"[0.938673469387755,0.9770891914544373]",B6Vp6,130,61,70,0.00036198699399806947,0.7,tanh,0.015935266324863355,0.9770891914544373,0.31834281575057694,9,200,adam,0.15
"[0.8217346938775509,0.837016516111756]",MsRRJ,111,130,50,0.0010436831260287262,0.7,relu,0.031054754615255475,0.837016516111756,0.27101513438698666,6,200,SGD,0.15
"[0.9406122448979591,0.9887602788020974]",MSGWB,91,75,10,0.0007375066195092223,0.7,tanh,0.027097989826616327,0.9887602788020974,0.353625750946148,7,200,adam,0.15
"[0.9439795918367349,0.9834524442961248]",Es8dK,98,75,10,7.813105005114815e-05,0.7,tanh,0.02344661661830771,0.9834524442961248,0.3082706374125356,7,200,adam,0.15
"[0.9423469387755103,0.9848726310764124]",ofPmL,119,82,10,0.00014342732158211964,0.7,elu,0.017583203442030577,0.9848726310764124,0.2419245732983272,7,200,adam,0.15
"[0.9407142857142858,0.9807311013306521]",AT4iF,103,77,10,0.00018411969032585928,0.7,tanh,0.026218241352746106,0.9807311013306521,0.2944673511338245,7,200,adam,0.15
"[0.939795918367347,0.9793643805579644]",Bx1Xl,126,72,10,0.0005037762938069057,0.7,tanh,0.021172649751559063,0.9793643805579644,0.3512521470976703,8,200,adam,0.15
"[0.9395918367346938,0.9832077786494843]",gN0Vf,85,90,10,0.0007700562049705155,0.7,tanh,0.028400964400914053,0.9832077786494843,0.3360545749222653,7,200,adam,0.15
"[0.9412244897959183,0.9597729659081201]",Yp3eR,92,84,10,0.00024699703569145033,0.7,elu,0.011764318350834212,0.9597729659081201,0.3630797632411149,8,200,SGD,0.15
"[0.9373469387755101,0.9844903460858078]",fCjez,136,106,10,0.0015710750766879617,0.7,tanh,0.0030790290783587297,0.9844903460858078,0.2765110233579253,6,200,adam,0.15
"[0.9426530612244898,0.9825028409674414]",NZtZf,106,66,10,0.0003561572541360549,0.7,relu,0.008295858300828404,0.9825028409674414,0.21572104705483702,8,200,adam,0.15
"[0.941734693877551,0.9775273482292295]",XPPb3,96,42,10,4.974939082222124e-05,0.7,tanh,0.02406671723718616,0.9775273482292295,0.07727340532301899,7,200,adam,0.15
"[0.9434693877551021,0.9838967839921631]",E5xMd,122,54,10,0.0001060608833264399,0.7,elu,0.005260309773114504,0.9838967839921631,0.28451163314502065,6,200,adam,0.15
"[0.9468367346938775,0.9846157379716761]",krkRl,190,101,10,0.0004290237079998525,0.7,tanh,0.020504913878768745,0.9846157379716761,0.2615787384180265,8,200,adam,0.15
"[0.9400000000000001,0.9726845139372182]",TTYul,200,135,10,1.1591778910006926e-05,0.7,tanh,0.01036018274316525,0.9726845139372182,0.3190628225654331,7,200,adam,0.15
"[0.9430612244897958,0.9810105055100742]",fWBRP,132,94,10,3.26302475724531e-05,0.7,tanh,0.014415423545136873,0.9810105055100742,0.20315777325788875,8,200,adam,0.15
"[0.9370408163265307,0.9663047597283493]",SjiND,114,111,10,0.0006558346744746305,0.7,elu,0.027135630451731785,0.9663047597283493,0.30433689411531595,7,200,SGD,0.15
"[0.9363265306122447,0.9863726325010275]",Ky6c1,152,70,10,0.0034086558240178774,0.7,tanh,0.03258704299739597,0.9863726325010275,0.09930124301904061,6,200,adam,0.15
"[0.9393877551020408,0.9747168045843744]",LqrBB,110,49,100,0.0010784555846093426,0.7,relu,0.01749043122606987,0.9747168045843744,0.22827317831642427,7,200,adam,0.15
"[0.9420408163265307,0.9876910419563618]",K5CzC,100,149,10,0.0018580692759511163,0.7,tanh,0.035921092686004866,0.9876910419563618,0.39590076968537,8,200,adam,0.15
"[0.9418367346938776,0.9742489941631967]",OAp2i,89,118,70,0.004736389135093866,0.7,elu,0.021742538634827172,0.9742489941631967,0.25194817190895186,6,200,adam,0.15
"[0.9376530612244898,0.9804944463608732]",tsVyz,75,61,10,0.00020276179931193097,0.7,tanh,0.029393437750350082,0.9804944463608732,0.2976364447430723,7,200,adam,0.15
"[0.9359183673469389,0.961453189280484]",N1Tr0,82,86,30,0.0008531053928604559,0.7,tanh,0.015158047991920262,0.961453189280484,0.38198301036452675,8,200,SGD,0.15
"[0.9444897959183673,0.9853161260885097]",C17cY,138,126,5,0.006467716700053748,0.7,tanh,0.013080939499722884,0.9853161260885097,0.3233823693947616,7,200,adam,0.15
"[0.9419387755102042,0.9726090237755969]",dYLdq,143,33,10,0.0006387894189674853,0.7,elu,0.006861446982940224,0.9726090237755969,0.3456460490765206,6,200,adam,0.15
"[0.944795918367347,0.9747939105689983]",yKfqJ,115,78,70,7.147776453431503e-05,0.7,tanh,0.02517669263405882,0.9747939105689983,0.18600413780601785,8,200,adam,0.15
"[0.9410204081632653,0.9815739565396664]",t3o6n,176,98,10,0.0003060754633763878,0.7,relu,0.03745209714075473,0.9815739565396664,0.3995932836270544,6,200,adam,0.15
"[0.9384693877551019,0.9823032327668428]",o5cBH,119,108,10,0.0013838882992260042,0.7,tanh,0.0015522940443696114,0.9823032327668428,0.33629416673266116,5,200,adam,0.15
"[0.9399999999999998,0.9700119432404877]",bDHkj,171,66,100,0.00014369785661788974,0.7,elu,0.019846198983219907,0.9700119432404877,0.006251163397542685,7,200,adam,0.15
"[0.9428571428571428,0.9752608611263052]",uba1H,165,92,10,0.00991761042522867,0.7,tanh,0.03134819815968597,0.9752608611263052,0.3115169957285986,8,200,SGD,0.15
"[0.9395918367346938,0.9811056789687361]",ZP9D0,126,56,70,0.002299681330048267,0.7,tanh,0.03401982698654613,0.9811056789687361,0.36513444023586483,7,200,adam,0.15
"[0.9417346938775509,0.9738191574235809]",W5wDh,92,27,30,0.00047248004436715806,0.7,tanh,0.01703026739470965,0.9738191574235809,0.05476553187511166,9,200,adam,0.15
"[0.9422448979591836,0.9800502871256984]",HnyTn,184,142,10,0.01312131219516479,0.7,elu,0.023594557222186764,0.9800502871256984,0.16028336626540285,6,200,adam,0.15
"[0.9344897959183672,0.9846835207914493]",io95Y,160,44,5,0.003907136489025992,0.7,tanh,0.009508977817392605,0.9846835207914493,0.268912237524182,7,200,adam,0.15
"[0.9446938775510203,0.981554072587173]",x1Mz4,101,155,10,0.0009973960938137222,0.7,relu,0.09925008510697561,0.981554072587173,0.280524160388416,8,200,adam,0.15
"[0.9438775510204082,0.9761594801154786]",y2yIB,106,169,70,0.00022591009406286,0.7,tanh,0.02765246422478484,0.9761594801154786,0.35425406298971707,8,200,adam,0.15
"[0.9389795918367346,0.9813109078127482]",Eyr3d,147,72,10,0.0030752452012153845,0.7,elu,4.3340163201507215e-05,0.9813109078127482,0.23677539374563544,6,200,adam,0.15
"[0.9380612244897959,0.9668900122568573]",lGD4m,154,123,10,0.0015479880215525578,0.7,tanh,0.003923978730328306,0.9668900122568573,0.37275065066033464,5,200,SGD,0.15
"[0.9419387755102042,0.9735082041639398]",VgH6V,77,16,100,0.001974018599111261,0.7,tanh,0.04039664122007547,0.9735082041639398,0.32750732769573243,7,200,adam,0.15
"[0.938673469387755,0.9815053748433131]",snhsp,96,37,70,0.0004180128624128712,0.7,tanh,0.011384835214117608,0.9815053748433131,0.1436207242509339,9,200,adam,0.15
"[0.9427551020408164,0.9829227040298463]",Db5Wo,87,105,10,0.006014462035492417,0.7,elu,0.043062393891075926,0.9829227040298463,0.2938224206284217,7,200,adam,0.15
"[0.9401020408163264,0.9694035227903777]",cEH70,133,131,30,2.3150155222169364e-05,0.7,tanh,0.022148639498641435,0.9694035227903777,0.2604401985244333,8,200,adam,0.15
"[0.9381632653061226,0.9828026300968057]",U9ypq,82,48,10,0.0007631454849418472,0.7,relu,0.030229602737531395,0.9828026300968057,0.3848334115193654,6,200,adam,0.15
"[0.9383673469387753,0.9764846393197277]",zymX9,110,115,5,9.579680645413554e-05,0.7,tanh,0.007369250955519973,0.9764846393197277,0.24542713713458852,7,200,adam,0.15
"[0.42693877551020415,0.36268007721542705]",Q36NN,129,59,10,1.0671263619769216e-06,0.7,elu,0.026034902298054483,0.36268007721542705,0.20790698657924161,8,200,SGD,0.15
"[0.9421428571428571,0.9784809387628375]",ZkUzE,138,86,70,0.00017390397755503862,0.7,tanh,0.01823432317101939,0.9784809387628375,0.11062180772261684,6,200,adam,0.15
"[0.6241836734693877,0.9698657235496612]",jqEsT,123,52,10,0.055156271026793754,0.7,tanh,0.019797895639618337,0.9698657235496612,0.34283384844427334,5,200,adam,0.15
"[0.9358163265306123,0.9825151833549646]",I9uCD,104,79,10,0.01611378111988651,0.7,tanh,0.01381315412253067,0.9825151833549646,0.3040891451175322,9,200,adam,0.15
"[0.9408163265306122,0.965131683460184]",KZML7,179,139,100,4.172304920117781e-05,0.7,elu,0.035592165979918336,0.965131683460184,0.2778151795104978,8,200,adam,0.15
"[0.9377551020408162,0.9802716792059863]",NUObi,71,195,70,0.0010810322061167816,0.7,tanh,0.016176315883911458,0.9802716792059863,0.2874143183937346,7,200,adam,0.15
"[0.9406122448979591,0.9817324551447827]",xyJdP,63,98,10,0.00030308187377200014,0.7,relu,0.038192721251946136,0.9817324551447827,0.35909894238201545,4,200,adam,0.15
"[0.9346938775510205,0.976131414576685]",rzg6H,169,74,10,0.03784892621512513,0.7,tanh,0.009989424192596831,0.976131414576685,0.3162508828767268,7,200,SGD,0.15
"[0.9402040816326531,0.9741713890857607]",rKXLV,116,63,30,0.002616362057610143,0.7,elu,0.024427665463864965,0.9741713890857607,0.039790456106874886,6,200,adam,0.15
"[0.9393877551020408,0.9822159989814632]",Pjd5b,150,113,5,0.0005580695078860137,0.7,tanh,0.004728523780692211,0.9822159989814632,0.33137978947474256,8,200,adam,0.15
"[0.9416326530612246,0.9821755361656577]",DSSom,157,90,10,0.008578317119621965,0.7,tanh,0.032958204800130786,0.9821755361656577,0.3895383459403149,9,200,adam,0.15
"[0.9379591836734693,0.9836954006367999]",XNBVN,92,30,70,0.004624925140686464,0.7,tanh,0.042020415273299666,0.9836954006367999,0.18212517046531593,8,200,adam,0.15
"[0.9452040816326532,0.9795056248891759]",qy9aq,142,101,10,0.0001272864683246342,0.7,elu,0.028486653066164887,0.9795056248891759,0.17284258656982304,7,200,adam,0.15
"[0.9372448979591838,0.9787462987740077]",I6OrP,119,67,10,0.0014440959934177184,0.7,tanh,0.022311662722363172,0.9787462987740077,0.3759213085702239,6,200,adam,0.15
"[0.8071428571428572,0.8351796788139602]",ZnJdE,84,145,100,0.0008455710917090945,0.7,relu,0.012746468108016485,0.8351796788139602,0.25522516371524606,7,200,SGD,0.15
"[0.9368367346938775,0.9574194258756681]",p58vN,100,41,70,5.5411497355014745e-05,0.7,tanh,0.016290507906305676,0.9574194258756681,0.015351742397326043,7,200,adam,0.15
"[0.9412244897959183,0.9742877095077708]",VErhp,74,135,10,0.00023915070860670582,0.7,elu,0.026997526387662653,0.9742877095077708,0.3117479529378298,8,200,adam,0.15
"[0.9275510204081632,0.9463330526114332]",LXJ5z,79,109,30,1.7094623505027127e-06,0.7,tanh,0.08788453117454502,0.9463330526114332,0.15397319779282356,9,200,adam,0.15
"[0.9439795918367346,0.9669078689582242]",nxunH,111,56,10,1.5602719166002738e-05,0.7,tanh,0.02508422562131958,0.9669078689582242,0.22688540585590444,2,200,adam,0.15
"[0.9398979591836735,0.983715855220419]",ZmGRc,162,120,5,0.003306422632971654,0.7,tanh,0.019228341150561528,0.983715855220419,0.29905484371261604,5,200,adam,0.15
"[0.9417346938775509,0.9779354446157281]",IEqmE,56,83,10,0.00035462516436079853,0.7,elu,0.03045860187723161,0.9779354446157281,0.2711480958371486,6,200,adam,0.15
"[0.938877551020408,0.9601473736282233]",pGJjD,125,127,70,0.010823744259180501,0.7,tanh,0.045999341559192664,0.9601473736282233,0.3218267368433861,8,200,SGD,0.15
"[0.9457142857142857,0.9800547716189048]",Z9yDg,90,20,10,0.0006284914773106231,0.7,relu,0.008624237905894958,0.9800547716189048,0.3533693452635248,7,200,adam,0.15
"[0.9398979591836735,0.9790960955338635]",VqGT3,95,160,10,0.0022252409333296938,0.7,tanh,0.0018430015104031854,0.9790960955338635,0.06267644803421801,6,200,adam,0.15
"[0.9426530612244898,0.977841938294041]",KMCLX,173,36,100,0.0018534128625893563,0.7,elu,0.07984077095695899,0.977841938294041,0.21615960191366929,8,200,adam,0.15
"[0.9348979591836736,0.9797303531098785]",iBBih,107,103,70,0.005420043852630322,0.7,tanh,0.014541938737727439,0.9797303531098785,0.33935503133644573,5,200,adam,0.15
"[0.7209183673469388,0.9337732851885191]",j7YI6,134,70,10,0.10703845422521939,0.7,tanh,0.03497701232122415,0.9337732851885191,0.19533991943112017,9,200,adam,0.15
"[0.9483673469387754,0.9762306016660828]",Ix6V3,195,47,30,0.024540249387741717,0.7,tanh,0.021288592632760207,0.9762306016660828,0.28747577677809516,7,200,adam,0.15
"[0.9417346938775509,0.9821925508619751]",uBwrz,148,93,10,0.007518333760366293,0.7,elu,0.047942628453765096,0.9821925508619751,0.39995511304510334,8,200,SGD,0.15
"[0.9373469387755102,0.9820544670031426]",A8yDn,113,25,5,0.0012665257912991184,0.7,tanh,0.039548951184149084,0.9820544670031426,0.3670448947285257,7,200,adam,0.15
"[0.9445918367346937,0.9696296791882693]",BoXvF,130,88,10,7.474024551661869e-05,0.7,relu,0.03269786212791216,0.9696296791882693,0.248997350162117,6,200,adam,0.15
"[0.9393877551020406,0.9697207456284008]",kMZgF,145,80,70,0.00047518989652253085,0.7,tanh,0.005751857162837701,0.9697207456284008,0.264523894524436,9,200,adam,0.15
"[0.9416326530612246,0.980483221688106]",JSW6n,68,151,10,0.0008635342898350337,0.7,elu,0.011190915833572325,0.980483221688106,0.3283555299729396,8,200,adam,0.15
"[0.9329591836734693,0.9760325956778457]",yEVbr,60,60,10,0.004239477639780182,0.7,tanh,0.09037964971049638,0.9760325956778457,0.34787407484830224,7,200,adam,0.15
"[0.9428571428571428,0.9679013016218656]",p0usr,139,96,70,0.00018960444247121387,0.7,tanh,0.028642847503920817,0.9679013016218656,0.24072996731254503,6,200,adam,0.15
"[0.7544387755102041,0.7375068605598462]",T0u3v,85,64,100,0.00012573296256303179,0.7,tanh,0.018511796454493856,0.7375068605598462,0.3058166599906338,7,200,SGD,0.15
"[0.9423469387755103,0.9850741656428001]",f1cQs,167,117,10,0.0015719039094078677,0.7,elu,0.02334417532045684,0.9850741656428001,0.0878386117312937,3,200,adam,0.15
"[0.7706632653061225,0.9573034907401242]",AxDHR,122,53,30,0.07104471243830418,0.7,tanh,0.013638705893315936,0.9573034907401242,0.13591860912240397,5,200,adam,0.15
"[0.9394897959183673,0.9839358631361763]",I2KMi,117,76,10,0.0010292804748732842,0.7,relu,0.016132522954828775,0.9839358631361763,0.22898369219256048,8,200,adam,0.15
"[0.9427551020408164,0.9772456261870521]",uPQSo,99,123,5,0.003121261467846536,0.7,tanh,0.03686185108298062,0.9772456261870521,0.2782191776598933,8,200,adam,0.15
"[0.941530612244898,0.9849364229378983]",uyJdj,157,10,10,0.0006473620572735873,0.7,elu,0.06935212803050123,0.9849364229378983,0.12159414463741347,9,200,adam,0.15
"[0.3669387755102041,0.946325796286331]",pvpEw,103,43,70,0.2412767459773425,0.7,tanh,0.044116951325715185,0.946325796286331,0.2924212994874317,6,200,adam,0.15
"[0.8823469387755102,0.918752253005405]",wIVR6,65,131,10,0.00027726183441721805,0.7,tanh,0.03059953813248718,0.918752253005405,0.3362336038082685,7,200,SGD,0.15
"[0.9374489795918366,0.9789687268765418]",SsiDf,191,33,10,0.00042994701117381434,0.7,tanh,0.02618087848546227,0.9789687268765418,0.319037596181268,7,200,adam,0.15
"[0.568061224489796,0.7370033517454749]",QzFos,128,165,100,0.4073414238515997,0.7,elu,0.05025619171660892,0.7370033517454749,0.36030496207555024,4,200,adam,0.15
"[0.9432653061224489,0.9861250492006797]",GT9XS,88,113,70,0.01870321056368094,0.7,tanh,0.0033627589764360123,0.9861250492006797,0.29865474901498423,8,200,adam,0.15
"[0.9460204081632652,0.9838327670684599]",hF3el,153,50,10,0.01330736650066044,0.7,relu,0.00790135057392923,0.9838327670684599,0.3790547163049243,9,200,adam,0.15
"[0.9373469387755102,0.9835915548734107]",SQavS,79,109,30,0.002516550529583988,0.7,tanh,0.020539596414954484,0.9835915548734107,0.3453628695740582,6,200,adam,0.15
"[0.9414285714285715,0.9718748258884002]",TaxZi,108,105,10,3.5964736202768917e-05,0.7,elu,0.08384440562534365,0.9718748258884002,0.3691934907377899,7,200,adam,0.15
"[0.9350000000000002,0.9582170816447391]",v4lGq,181,73,5,0.00015270059327425223,0.7,tanh,0.05906988782622187,0.9582170816447391,0.25818035111805315,5,200,SGD,0.15
"[0.9428571428571428,0.9849996424659059]",PAJpQ,75,39,10,0.006495538890702602,0.7,tanh,0.040887145652661466,0.9849996424659059,0.2834554179743232,8,200,adam,0.15
"[0.9419387755102042,0.9840379945430302]",Z3D79,93,85,70,0.0003617053889757657,0.7,tanh,0.03411408018686841,0.9840379945430302,0.21007114861414555,7,200,adam,0.15
"[0.9446938775510205,0.9839688892657821]",CGKCq,96,69,10,0.004225750166077331,0.7,elu,0.09606910803788413,0.9839688892657821,0.3114007156725821,6,200,adam,0.15
"[0.9379591836734693,0.9828597029898004]",e3V5D,14,138,10,0.002048889903697773,0.7,tanh,0.017914570165259224,0.9828597029898004,0.2731591429507604,9,200,adam,0.15
"[0.939387755102041,0.9637147303335685]",aW42e,135,56,100,9.572248807066246e-05,0.7,relu,0.02300947961441784,0.9637147303335685,0.026001109699617758,8,200,adam,0.15
"[0.9369387755102041,0.9811632353675577]",itcGi,48,100,70,0.0011350784280583965,0.7,tanh,0.010331743673951965,0.9811632353675577,0.32574288161343784,7,200,adam,0.15
"[0.9390816326530611,0.9618020798999684]",LiuGL,176,120,10,0.0007587353808792914,0.7,elu,0.07822851855257494,0.9618020798999684,0.2220910101791399,6,200,SGD,0.15
"[0.9439795918367346,0.9817878944602562]",kpQZ1,142,92,10,0.000246472151422192,0.7,tanh,0.025338907606673115,0.9817878944602562,0.39212264365256627,7,200,adam,0.15
"[0.9396938775510204,0.9754870134874443]",Uob6f,114,82,30,0.0005243799052026589,0.7,tanh,0.012067755805721024,0.9754870134874443,0.2652019839309281,8,200,adam,0.15
"[0.9420408163265307,0.9767831954544155]",uUZmm,160,15,5,6.267041537908693e-05,0.7,tanh,0.06667673201685437,0.9767831954544155,0.30570216289498847,5,200,adam,0.15
"[0.9435714285714285,0.9759464056608207]",emsoZ,187,147,10,1.9920900942854214e-05,0.7,elu,0.0285683790528667,0.9759464056608207,0.001617438984000179,6,200,adam,0.15
"[0.9420408163265306,0.9767858250993682]",A2REy,53,143,70,0.0015321880130377402,0.7,tanh,0.03708223631397286,0.9767858250993682,0.33417327442591516,8,200,adam,0.15
"[0.8015816326530611,0.973858733090507]",AJ2T0,29,126,10,0.01095009443256597,0.7,relu,0.06307339743539957,0.973858733090507,0.2498638459106733,7,200,adam,0.15
"[0.9464285714285714,0.9748490536259455]",j0S8w,119,24,10,0.0028872791596768845,0.7,tanh,0.006288764470704001,0.9748490536259455,0.35369331636247797,2,200,SGD,0.15
"[0.9393877551020408,0.9797103170854736]",auEyb,105,45,100,0.03227647629758668,0.7,elu,0.031909265619298036,0.9797103170854736,0.2945589302609814,9,200,adam,0.15
"[0.938877551020408,0.9796977721606609]",tdXPE,71,60,70,0.005454052497116098,0.7,tanh,0.015533157771900952,0.9796977721606609,0.2384520390651608,6,200,adam,0.15
"[0.9396938775510204,0.9797429154778747]",zfFSa,82,65,10,0.0012946456050438831,0.7,tanh,0.055699619437208525,0.9797429154778747,0.33936537426906954,7,200,adam,0.15
"[0.9381632653061225,0.9854400356616196]",eRI59,166,135,10,0.00800425671987149,0.7,tanh,0.019814884992578913,0.9854400356616196,0.3113027549990436,8,200,adam,0.15
"[0.943061224489796,0.9793967762838577]",vCCMm,124,156,30,0.00018583374215041813,0.7,elu,0.09298201586277086,0.9793967762838577,0.3235432489559683,7,200,adam,0.15
"[0.9429591836734692,0.9777144451701811]",SAfgR,150,96,5,0.0003121211214504563,0.7,tanh,0.021318203929758243,0.9777144451701811,0.3850888042750031,8,200,adam,0.15
"[0.9207142857142856,0.9574836832016759]",Ca2m8,100,34,10,0.0007136194103235161,0.7,relu,0.07166557988735807,0.9574836832016759,0.39971633533956924,9,200,SGD,0.15
"[0.936530612244898,0.9801629309112304]",qfQFe,138,50,70,0.0035258761499031644,0.7,tanh,0.02755800202568702,0.9801629309112304,0.286037994462556,5,200,adam,0.15
"[0.9402040816326531,0.9805612214441787]",fqkBo,42,56,50,0.0021343540781332514,0.7,tanh,0.061993414132831166,0.9805612214441787,0.3611152756126866,6,200,adam,0.15
"[0.9426530612244898,0.97624248167043]",IG2P0,62,41,50,0.0009926511274967746,0.7,tanh,0.05366513868498983,0.97624248167043,0.3784276258302081,10,200,adam,0.15
"[0.9402040816326529,0.9730919204962861]",oJxzx,67,30,50,0.0027694579353998937,0.7,tanh,0.05950123410371463,0.9730919204962861,0.36827321695961046,9,200,adam,0.15
"[0.9422448979591838,0.9763459822409919]",gBvtl,74,63,50,0.0018461720905645867,0.7,tanh,0.05168584352790069,0.9763459822409919,0.35144915857804226,10,200,adam,0.15
"[0.9315306122448981,0.9835210338924224]",zcKQb,85,53,50,0.005021719245943751,0.7,tanh,0.0737157744346312,0.9835210338924224,0.3469123306499267,10,200,adam,0.15
"[0.9426530612244898,0.9803573014421147]",CBqZq,58,47,50,0.000567591481377659,0.7,tanh,0.05762374558711576,0.9803573014421147,0.359780825278446,10,200,adam,0.15
"[0.9419387755102042,0.9695148161024048]",rfRhd,46,38,50,0.0013172112292132213,0.7,tanh,0.047006354467785505,0.9695148161024048,0.3317838288500653,10,200,adam,0.15
"[0.9455102040816327,0.9814139451801676]",Rtiri,78,70,50,0.0009425175126498285,0.7,tanh,0.049615414718951076,0.9814139451801676,0.3729267706617315,6,200,adam,0.15
"[0.9413265306122449,0.9734847022117649]",BG9AU,70,58,50,0.0003930356899367321,0.7,tanh,0.06802562303462789,0.9734847022117649,0.3924810626073296,10,200,adam,0.15
"[0.9434693877551021,0.9792498041068018]",rJzU9,50,75,50,0.0021580508242952435,0.7,tanh,0.0649825824124146,0.9792498041068018,0.341609652657344,7,200,adam,0.15
"[0.941938775510204,0.9783299588043667]",lYVfm,33,50,50,0.0037320766048558746,0.7,tanh,0.07700405462539739,0.9783299588043667,0.3170065338121407,6,200,adam,0.15
"[0.9408163265306122,0.9829020295871214]",Xs4XT,91,68,50,0.0016447097475632121,0.7,tanh,0.07074859228484888,0.9829020295871214,0.3824500730398642,9,200,adam,0.15
"[0.9434693877551021,0.9824370609805424]",RhQlQ,66,45,50,0.0025579034564655163,0.7,tanh,0.05311023220987275,0.9824370609805424,0.3304275349417337,7,200,adam,0.15
"[0.9388775510204083,0.9785390785155897]",oMS1g,59,27,50,0.006840268001363414,0.7,tanh,0.0445412719560317,0.9785390785155897,0.3000905778878436,6,200,adam,0.15
"[0.941734693877551,0.9777753762531592]",I6lZE,88,54,50,0.0007552384154559524,0.7,tanh,0.08632056748347705,0.9777753762531592,0.3523903102989866,7,200,adam,0.15
"[0.9422448979591838,0.981063814307016]",IYR0w,83,60,50,0.009275070409166608,0.7,tanh,0.05552865826230825,0.981063814307016,0.32202941291382275,10,200,adam,0.15
"[0.9428571428571428,0.977316351629602]",m4Nww,79,78,50,0.00048173899124917573,0.7,tanh,0.06129473734656091,0.977316351629602,0.36839738371198194,7,200,adam,0.15
"[0.9457142857142857,0.9820368913650629]",ZdcbF,54,43,10,0.01647584547040508,0.7,tanh,0.03865775119102691,0.9820368913650629,0.31523005038976726,6,200,adam,0.15
"[0.9418367346938776,0.9790788413925309]",jWfau,74,36,50,0.0011850190192717364,0.7,tanh,0.024574193676505325,0.9790788413925309,0.3066042277069817,9,200,adam,0.15
