layer_2,dropout,regularization,activation,epochs,layer_1,test_frac,train_frac,preweight,trialJobId,batch_size,reward,optimizer,learning_rate
196,0.19814043360012978,0.005970837767758619,relu,200,155,0.15,0.7,8,QTmTJ,10,0.4817091042169898,SGD,6.47530000571903e-05
116,0.08293780419110695,0.09748717974911664,tanh,200,145,0.15,0.7,8,pVkbX,70,0.5199434716892727,adam,0.01660319141426384
61,0.1289906204346626,0.04806417234470615,relu,200,32,0.15,0.7,9,jd7W7,5,0.5466150206497331,SGD,0.0037647730937797057
148,0.10782300328283122,0.0030608527794843358,elu,200,118,0.15,0.7,8,mt73Q,70,0.49113569444722804,SGD,0.00020733609511919168
30,0.2979571807407361,0.016389745742703844,relu,200,195,0.15,0.7,7,CwTAA,5,0.5998384413258077,adam,0.0024914690411144335
87,0.10304010394777713,0.039414355972585725,tanh,200,131,0.15,0.7,7,zjAeZ,5,0.5821320033866388,adam,1.169024752630114e-05
104,0.34123118751251774,0.05685079472014906,elu,200,77,0.15,0.7,9,F1sdq,50,0.5840224162431595,adam,5.5752316346950166e-05
53,0.256203905669489,0.05213839923856889,relu,200,32,0.15,0.7,10,aCAb6,100,0.45830643207523786,SGD,0.007710743658870563
181,0.11853188392527897,0.01649137030158492,tanh,200,71,0.15,0.7,4,hiw0A,70,0.5074105328328398,adam,8.85927923853852e-05
170,0.20065310823586635,0.06053092167670054,relu,200,113,0.15,0.7,8,j47I1,10,0.4946778943569347,SGD,0.0007605401740546163
174,0.1869183102616169,0.04207275857320656,relu,200,13,0.15,0.7,6,ZIoLt,50,0.5204089745200926,SGD,0.48686807170656754
100,0.25797240444228786,0.04032876933381249,elu,200,130,0.15,0.7,2,nAzOb,50,0.5895505119000098,adam,0.00020752235554228192
163,0.3446534408630846,0.07369219359387667,tanh,200,127,0.15,0.7,9,GN7DW,30,0.5089041504425821,adam,0.40896044347223687
195,0.3767245580528489,0.07046962329786347,elu,200,44,0.15,0.7,7,sg8Dq,100,0.4835076887592128,SGD,5.80013050772826e-06
154,0.15112744583165685,0.06969217195444337,tanh,200,60,0.15,0.7,9,syxkl,100,0.5661951153249232,adam,0.004446751175877536
13,0.38815994050204533,0.04362191184474526,tanh,200,150,0.15,0.7,3,vZaCR,70,0.5173779341598023,SGD,0.2767063066433753
127,0.24746704924018195,0.04846488309145,relu,200,89,0.15,0.7,7,lQSMp,100,0.5051458530170126,adam,0.42160354434568315
39,0.14029247374961518,0.09798321385399938,elu,200,103,0.15,0.7,4,HGtmK,70,0.5484101917670837,adam,0.0005862573901502828
195,0.14681644812136044,0.01603432848176516,relu,200,157,0.15,0.7,3,dYdix,70,0.45905262923594903,SGD,7.850648079026492e-06
137,0.39691044670017706,0.005066575281252739,tanh,200,161,0.15,0.7,6,bQi3g,70,0.5167749650293677,SGD,0.014679689056541
13,0.2877885234773726,0.02942837701757406,elu,200,199,0.15,0.7,5,sxXYI,50,0.5287856018204268,adam,0.0488549934497658
77,0.30323883743170454,0.029392738539251593,elu,200,198,0.15,0.7,2,qt7Hd,5,0.47041615808362397,adam,1.2240002178007357e-06
35,0.02667298697991452,0.02907889820379695,elu,200,179,0.15,0.7,5,ZELUK,30,0.5642600841576254,adam,0.001249214099050947
86,0.2546518047456222,0.017989801317771788,relu,200,185,0.15,0.7,5,mZpx8,50,0.5495781372409116,adam,0.0454462582388249
27,0.309682309353824,0.021667074021920037,elu,200,172,0.15,0.7,6,kURD2,5,0.5621046932642833,adam,0.0012165120765597769
65,0.22259806536825932,0.0854720379678317,elu,200,97,0.15,0.7,2,phveb,5,0.5112838174736931,adam,0.0001742769680799303
96,0.35662057778503403,0.036403907288512075,relu,200,139,0.15,0.7,4,WgErF,50,0.49335116258861633,adam,1.9317233447614882e-05
116,0.2926026089049175,0.010473768579008062,elu,200,193,0.15,0.7,7,xhkzU,10,0.49084062990838423,adam,1.411764917025383e-06
50,0.18632450263311517,0.025149969224302224,relu,200,166,0.15,0.7,3,ajahk,30,0.5189543180306585,adam,0.00035802147930984424
23,0.2249874109873437,0.0009821342756088716,relu,200,85,0.15,0.7,10,ZvSAx,50,0.4933972923128205,adam,4.4139339361424974e-05
120,0.04704458810728182,0.06245359350975477,elu,200,138,0.15,0.7,5,OoGN4,5,0.5701858867358628,adam,0.002317838714062276
79,0.3240898054562145,0.03667538666415805,relu,200,182,0.15,0.7,8,dhjzE,10,0.5274081653835448,adam,0.06900692220750047
68,0.2741507139096814,0.011533393730466718,relu,200,151,0.15,0.7,7,yygjf,5,0.5609705123379138,adam,0.0001895748837844677
103,0.2263757475812409,0.08269551787614418,elu,200,110,0.15,0.7,6,uxGLD,50,0.5738441467285187,adam,0.018365637129060957
51,0.3192652512730814,0.033330999181685445,elu,200,52,0.15,0.7,8,HXrJ9,5,0.5803627425536465,adam,2.6269228773865268e-05
95,0.16871061668056014,0.05261820743824623,relu,200,132,0.15,0.7,8,CqFSw,50,0.5500919350584964,adam,0.00010219180665230761
138,0.0731048107233058,0.010187671950739701,elu,200,123,0.15,0.7,4,WQnTi,5,0.5150487214414771,adam,0.11988846627593365
38,0.3605016493870733,0.0455412902249122,tanh,200,14,0.15,0.7,10,jSwOa,10,0.5265900657692386,adam,4.308581259849302e-06
115,0.27621658899455337,3.845095956564459e-06,relu,200,172,0.15,0.7,9,XMljY,30,0.5257406250678778,SGD,0.003456197793298021
74,0.20426102416332878,0.024023650542803924,relu,200,69,0.15,0.7,7,dyFMe,50,0.5836196145105659,adam,0.008432892008296108
57,0.24147072266983752,0.06028757982044007,elu,200,190,0.15,0.7,2,Y9Buf,5,0.4772795188644922,SGD,0.00042220810862407006
150,0.336684947390638,0.05466745985152818,tanh,200,143,0.15,0.7,6,qpv7J,50,0.4945601445816282,adam,2.790869690596522e-06
186,0.27128371202118445,0.03905174423343238,relu,200,119,0.15,0.7,5,U0BVe,100,0.5785201212303657,adam,0.0018546227086723055
22,0.09889117575993522,0.02078879501421547,elu,200,29,0.15,0.7,9,QzkRv,10,0.44511199053102646,SGD,5.8859175168538285e-05
161,0.16957373211528537,0.08655613427076332,tanh,200,96,0.15,0.7,3,z310j,30,0.5492723454798331,adam,0.005971824621439746
137,0.37441536613833526,0.013722351773066483,relu,200,80,0.15,0.7,8,aNZQf,100,0.5727128786864636,adam,0.020271608247457946
46,0.20907621621967065,0.06417802838953232,elu,200,131,0.15,0.7,4,dp3RL,5,0.4429514157713398,SGD,0.00010481748104799495
107,0.23882806613610352,0.04485701119060345,tanh,200,108,0.15,0.7,7,q7Kue,50,0.5561575127595468,adam,0.0003023427320476485
130,0.33037983396445597,0.008026146472479213,relu,200,39,0.15,0.7,9,HJjHp,70,0.4856305932628285,SGD,0.0006469849094869154
11,0.1250040872616912,0.004508893027413682,elu,200,66,0.15,0.7,6,n8fOv,100,0.5162425111894081,adam,0.17958754433221555
87,0.34976442338924363,0.07687291598318127,relu,200,164,0.15,0.7,10,pGDOT,5,0.47180711859510127,adam,1.3971776004638418e-05
29,0.26153620046582887,0.0675889666287906,tanh,200,154,0.15,0.7,8,lVw16,50,0.6476987642593628,adam,0.00104218382374822
18,0.29923437114754825,0.06821849952455741,tanh,200,175,0.15,0.7,8,pLiME,70,0.4390974062225488,SGD,0.0010366008766149065
32,0.3723901997364567,0.09326415962820735,tanh,200,153,0.15,0.7,8,hhpAe,50,0.5947938184075998,adam,0.010294477659005184
62,0.39945786507279935,0.07821374620754692,tanh,200,192,0.15,0.7,9,WZDEf,30,0.6177941605888098,adam,0.0027469677584713325
45,0.3988008212134723,0.09424880186377739,tanh,200,158,0.15,0.7,9,TtqCZ,30,0.5713934694439103,adam,0.0039133923105324365
60,0.07211294265993312,0.07918896007717761,tanh,200,147,0.15,0.7,10,J7Tqm,30,0.548040640979256,adam,0.024732752802565115
67,0.3869181111681665,0.09005509544192625,tanh,200,188,0.15,0.7,9,P9ika,30,0.4892445902925876,SGD,0.001729694757811838
43,0.013477057622435396,0.07493500149570156,tanh,200,167,0.15,0.7,10,QoPjp,30,0.5057824191571884,adam,0.029949364608262384
83,0.31368277456805643,0.06610115367647511,tanh,200,177,0.15,0.7,10,E41cv,30,0.549735605448722,adam,3.4972341759521795e-05
28,0.15775383077710575,0.09945500172326963,tanh,200,194,0.15,0.7,7,vcjTq,30,0.595708621737041,adam,0.0008560857578728781
54,0.13541311820966057,0.0580418185189337,tanh,200,199,0.15,0.7,9,UtxKY,10,0.5555090308994601,SGD,0.1000893027126654
16,0.08975026863707675,0.08086102073993155,tanh,200,115,0.15,0.7,8,xclUH,50,0.5548949958372627,adam,0.012864613748755388
95,0.1147034955911668,0.07034168985179001,tanh,200,101,0.15,0.7,9,wKtfv,70,0.6248052726984494,adam,0.006108449599640192
174,0.05210659851696969,0.05070856025107441,tanh,200,98,0.15,0.7,8,yw85U,70,0.5859251135364902,adam,0.005241079976073867
92,0.11414876049310133,0.06914459563203086,tanh,200,105,0.15,0.7,9,bJd5k,70,0.5755011433729706,adam,0.0005567994065580667
60,0.04563097216118926,0.07229625551313368,tanh,200,90,0.15,0.7,10,pOViH,70,0.5533421471781478,adam,0.035509891552465825
73,0.001432130860544334,0.08635816645639664,tanh,200,77,0.15,0.7,9,NUKCD,70,0.6110570750384142,adam,0.0025987540090249917
107,0.19247296421427096,0.07742826711097195,tanh,200,59,0.15,0.7,10,OIX8U,70,0.5559022053015161,adam,0.0002606148240471084
71,0.17166857891943382,0.0826255435115425,tanh,200,124,0.15,0.7,7,YO2qm,70,0.556219455913689,adam,0.00014491692368780347
82,0.10844775425105271,0.05716941170471732,tanh,200,137,0.15,0.7,10,fITL4,30,0.6188647355185991,adam,0.0030879056387719977
81,0.029988709742897968,0.05609614648375487,tanh,200,137,0.15,0.7,10,naWNv,100,0.5434118882159391,adam,0.0067995789712441065
112,0.10727969316593937,0.0483579487466157,tanh,200,119,0.15,0.7,9,T0sFM,50,0.6473814288844387,adam,0.0015243321269400908
143,0.06820449458138286,0.04674120877030288,tanh,200,86,0.15,0.7,8,Y60X5,50,0.6075527456945161,adam,0.001325512601224556
123,0.1817406866482345,0.049481629693926076,tanh,200,116,0.15,0.7,8,hlyLH,50,0.60684182878604,adam,0.00043363643822818876
110,0.09132775720461254,0.04160837950960353,tanh,200,123,0.15,0.7,9,kLFA5,50,0.5570374715358215,adam,0.011435780936728429
164,0.14375657624858246,0.06063640256915421,tanh,200,143,0.15,0.7,7,fr93U,50,0.5651450252866564,adam,8.022809006089542e-05
132,0.21259390900322317,0.052871422109673515,tanh,200,129,0.15,0.7,8,ixbzm,50,0.48485621739080537,adam,0.055776823135365555
183,0.1250909482053777,0.033469357850800754,tanh,200,99,0.15,0.7,9,JA7qF,50,0.4836767203443353,SGD,0.00012900022652270515
99,0.1508335964881412,0.06672373767287727,tanh,200,92,0.15,0.7,7,aeTcG,10,0.5911096341348789,adam,0.0016811839899139578
117,0.05603826184710422,0.07334101265500174,tanh,200,112,0.15,0.7,6,lGGIY,50,0.5462834345751345,adam,0.00024135659286295073
156,0.2676652857652955,0.0640298603835466,tanh,200,106,0.15,0.7,10,PF0sd,70,0.6240628137149509,adam,0.004501058216306723
126,0.28345957681528766,0.0714668152685277,tanh,200,76,0.15,0.7,9,glwld,50,0.5829795806338873,adam,0.0008985079309962153
145,0.2591557165784458,0.06033947831958376,tanh,200,149,0.15,0.7,8,iVkb6,100,0.5411452454893599,SGD,0.2531538829471781
89,0.2318907654980895,0.04321014337419226,tanh,200,83,0.15,0.7,8,JgQHq,50,0.5505176740678659,adam,0.008588125325865167
99,0.03544172575196686,0.05469693343573857,tanh,200,119,0.15,0.7,7,Z6jPI,70,0.5271773862534397,adam,0.016151320402640827
193,0.0609676559373104,0.08941607567484355,tanh,200,19,0.15,0.7,9,wRiTh,50,0.5419386949142665,adam,0.0004107318867935339
112,0.21617569657090213,0.038079794966844244,tanh,200,51,0.15,0.7,10,pR7AW,10,0.528195508460505,SGD,0.0022100787058344593
134,0.08257376589910492,0.0481382713123287,elu,200,102,0.15,0.7,6,bdfCg,70,0.526498554108815,adam,0.08377968765979109
152,0.16247476802253402,0.03355083173280287,tanh,200,73,0.15,0.7,9,RZE6C,50,0.600355496899806,adam,0.0013541825875547366
141,0.19686809999792645,0.0750461884933115,tanh,200,134,0.15,0.7,5,m7RVX,100,0.5428703702834528,adam,0.022603017854205265
104,0.13356714857011873,0.026839938121120652,relu,200,161,0.15,0.7,7,yeGAk,50,0.5119632572034696,adam,0.1576270610754274
119,0.17881956627611523,0.06287410329329124,tanh,200,171,0.15,0.7,8,b0EN0,10,0.480869420440685,SGD,0.0005605455797029286
40,0.1035180791488862,0.08389907760602201,elu,200,183,0.15,0.7,9,lIo6V,70,0.560038557765565,adam,0.03792590889810183
94,6.217871357191984e-05,0.07022241875273501,tanh,200,126,0.15,0.7,10,QhpQB,5,0.5445093115552199,adam,4.906485594480772e-05
123,0.24795077906860774,0.096745617790913,relu,200,155,0.15,0.7,8,ytxev,50,0.4895935641683963,adam,2.3054829506413685e-05
174,0.08032820947789474,0.05861092032532321,tanh,200,64,0.15,0.7,7,aQugf,70,0.4658552608454668,SGD,1.8400365827905071e-06
158,0.11622717352459147,0.06672817564577718,tanh,200,143,0.15,0.7,10,jqqh8,100,0.5821823378544707,adam,0.0006990806431619438
77,0.20328146504506495,0.088574194771152,elu,200,93,0.15,0.7,9,jIaTy,50,0.46265426061719533,adam,7.811981665758708e-06
167,0.15700346113290975,0.09217370978546485,tanh,200,56,0.15,0.7,6,EiSam,10,0.5251044223302902,adam,0.0049189295271415325
33,0.012270576936487976,0.05180155450971408,relu,200,109,0.15,0.7,8,pnc34,5,0.5267603305711738,adam,0.0036441019209528967
55,0.099316281002975,0.07551488070750297,tanh,200,40,0.15,0.7,10,cnx2d,70,0.46700626219343144,SGD,7.365439219590444e-05
90,0.30572950834748,0.031651118807498976,tanh,200,119,0.15,0.7,8,LOnPx,50,0.5928948484175528,adam,0.00018486982519912607
22,0.01901525582930505,0.08044331513368401,elu,200,134,0.15,0.7,9,SwPZg,50,0.5370387241535817,adam,3.767210600713531e-05
50,0.09122207192226928,0.040322057179375904,tanh,200,101,0.15,0.7,5,XyLpu,70,0.5835814917985966,adam,0.0010709493637776357
64,0.289489427296501,0.05416374700312808,tanh,200,140,0.15,0.7,4,TpLjj,100,0.5478422538931248,adam,0.00029958803977081413
85,0.042695731515850266,0.04537416066207274,relu,200,168,0.15,0.7,9,JEQF0,50,0.539621194818454,adam,0.006467480857101579
68,0.12627558227368912,0.03708987985307591,tanh,200,160,0.15,0.7,10,NvT8g,5,0.45499799372183036,SGD,1.6343436471177786e-05
127,0.14003964314714096,0.018591634066029684,tanh,200,147,0.15,0.7,3,XG8qu,70,0.5170194918595635,adam,0.0585039933986112
112,0.2644246718032945,0.06452849530202172,elu,200,87,0.15,0.7,7,LB00Q,10,0.5433626091370474,adam,0.010312327266048544
147,0.2324958606949637,0.06832544445728851,tanh,200,112,0.15,0.7,8,wx5fl,50,0.6167305644056464,adam,0.00010376710223352374
77,0.1931202856581965,0.05001163549051578,tanh,200,81,0.15,0.7,9,zjZG4,50,0.6212881212144836,adam,0.0019057568306491838
101,0.28100023021651066,0.062187096208445425,relu,200,152,0.15,0.7,10,BVOTv,70,0.44865207100466026,SGD,0.029095682909313633
17,0.06430064395461431,0.05897693368007371,tanh,200,94,0.15,0.7,7,jnx7d,100,0.5490547569142705,adam,0.016541632513551507
191,0.219967669846241,0.0430928130269181,tanh,200,129,0.15,0.7,6,nATnP,50,0.5661545916100355,adam,0.00014319751136089944
179,0.32984411605475206,0.09551845917607375,tanh,200,32,0.15,0.7,10,wzZxP,30,0.5235445231209318,adam,0.008375988764260872
26,0.11174946749480211,0.05646434357422943,elu,200,187,0.15,0.7,9,UZG8c,5,0.4896100948953309,adam,0.3550357057104308
11,0.1656873041204719,0.0993562787653994,tanh,200,26,0.15,0.7,8,w5KYx,70,0.45678202361418396,SGD,0.0013832897341258337
138,0.2461664789765359,0.03490604978037862,relu,200,180,0.15,0.7,8,pYPbQ,50,0.5654634002532551,adam,0.0029351858494106675
110,0.18710868426732835,0.07225921197433408,tanh,200,66,0.15,0.7,7,HoQAX,10,0.4923537447385451,adam,1.0445695382003718e-05
97,0.15089931976764204,0.030642861284242578,tanh,200,164,0.15,0.7,5,lgyal,50,0.5523726272349714,adam,0.0007975239953266503
48,0.07547566260848154,0.0473071824773702,tanh,200,122,0.15,0.7,9,WuAjG,70,0.6016151854514554,adam,0.000559285468197725
42,0.17729798246966144,0.08286146719610366,elu,200,175,0.15,0.7,10,h8dLn,30,0.5257768998235293,SGD,0.079570712669017
70,0.2962884740723269,0.08491275908761588,tanh,200,106,0.15,0.7,6,Z4ee1,50,0.5639850932255694,adam,0.00035212741749833374
37,0.11928601066879424,0.08723129713655903,relu,200,72,0.15,0.7,8,vPTaA,100,0.5264499239464341,adam,0.00022309661471426806
106,0.34915764303122254,0.021892449899616924,tanh,200,49,0.15,0.7,9,GoWzA,5,0.5879308516227357,adam,5.8330701576124106e-05
121,0.31592599825495876,0.07998768882867423,tanh,200,156,0.15,0.7,10,FfMci,70,0.5177576853637341,adam,0.04109689950374176
58,0.13439812553000832,0.09194024842300262,tanh,200,113,0.15,0.7,7,zgoyg,50,0.4804122154309877,SGD,0.004019791503990556
134,0.2545291361555671,0.07784313006020355,elu,200,132,0.15,0.7,7,rcvIe,10,0.5599524228274997,adam,0.142234232467273
93,0.36249639230321923,0.06548536105194896,tanh,200,89,0.15,0.7,8,HXTuV,50,0.5440737308019834,adam,0.2117881613039935
128,0.03729472751019697,0.06985348708073216,tanh,200,139,0.15,0.7,9,jlzCq,70,0.641691254222254,adam,0.002482869191805158
130,0.03666499981305032,0.02561690817691371,relu,200,147,0.15,0.7,9,YTqzL,30,0.531230729506994,adam,2.7797862334657957e-05
153,0.05422969011133191,0.028014651990770547,tanh,200,195,0.15,0.7,10,Dk4dh,50,0.4924952960878084,SGD,3.4434855847235283e-06
161,0.02240336897742201,0.05111097498722418,tanh,200,150,0.15,0.7,8,Zzh2l,100,0.6063781244672473,adam,0.012369269168512357
148,0.0025490262485133516,0.05437774203091403,elu,200,140,0.15,0.7,9,k1rNy,70,0.5976562954284662,adam,0.00047952047643582335
169,0.01200334573725971,0.061634661327436495,tanh,200,170,0.15,0.7,6,KNuwW,5,0.5484180940945784,adam,0.0023168270706469874
128,0.02702546875049114,0.07419649066430899,tanh,200,164,0.15,0.7,10,JtcIw,50,0.5972058427754716,adam,0.0009867824607928215
114,0.09177142132111601,0.06685875745315875,relu,200,125,0.15,0.7,8,lfFkA,10,0.48099756270088634,SGD,0.00032307729812181056
117,0.2081995531136554,0.03961627222473868,tanh,200,135,0.15,0.7,7,dlg4h,70,0.6155809920188463,adam,0.005217528429325596
124,0.3826786347805382,0.07653401386457992,tanh,200,119,0.15,0.7,10,mFqul,50,0.6091555280774571,adam,0.0015899372579145413
139,0.0465866534594494,0.059066338620388036,elu,200,144,0.15,0.7,2,aooaB,30,0.5505703624930262,adam,0.00016257702553425116
188,0.034361414102572596,0.04151896987481901,tanh,200,158,0.15,0.7,9,E3PXk,50,0.6041508243909723,adam,0.0007418704843118938
198,0.06491936988173211,0.06970783743852377,tanh,200,175,0.15,0.7,9,IrPmQ,70,0.5069881593315055,adam,0.020363552132582896
157,0.3389929083545331,0.04439544981102107,relu,200,185,0.15,0.7,8,X6Jy4,100,0.4697858804252496,SGD,8.599974385172756e-05
103,0.104882823281361,0.048637194331405925,tanh,200,153,0.15,0.7,7,iTteh,5,0.5402836718748254,adam,0.0002512497377424239
87,0.0790842298629153,0.07092051735126365,tanh,200,116,0.15,0.7,9,RUhbs,70,0.585940154989361,adam,0.007322520922548772
143,0.15771112720425434,0.08107119321171585,tanh,200,98,0.15,0.7,10,dRg2l,70,0.5966312730041009,adam,0.0030972141336658788
133,0.14606520128059153,0.056395435217127046,tanh,200,110,0.15,0.7,9,lBLYk,70,0.6166898646161905,adam,0.0022031355699255817
108,0.1203605814096125,0.06286129394807848,tanh,200,127,0.15,0.7,10,ViTeX,70,0.5897091776341767,adam,0.0012358967513859947
96,0.10049835984401578,0.06400361193624161,tanh,200,141,0.15,0.7,9,I193n,70,0.5254321483291398,adam,0.027905267175109303
81,0.05525239058936879,0.06797935872017417,tanh,200,78,0.15,0.7,8,SXwdb,70,0.632114177467409,adam,0.008908236376212401
79,0.0561438266321916,0.07266297631301356,tanh,200,57,0.15,0.7,8,rExRq,70,0.464895171461427,adam,0.10856742719709805
73,0.0408349633676682,0.05366446105134385,tanh,200,79,0.15,0.7,8,LtpA4,70,0.651893637146378,adam,0.01073488464950888
64,0.04020854061197639,0.0476283656779873,tanh,200,84,0.15,0.7,8,QNd1t,70,0.5588727054808075,adam,0.013151370191878913
32,0.23929246934058834,0.05329761913642799,tanh,200,105,0.15,0.7,7,eXsu3,70,0.6069612710534814,adam,0.003787750806615849
90,0.01104511566359868,0.04566859526294905,tanh,200,43,0.15,0.7,8,D52q7,50,0.580099039590048,adam,0.0017270899947176375
52,0.002226504459796212,0.03629258939009556,tanh,200,62,0.15,0.7,7,Ucdle,10,0.5293911330846781,adam,0.017211411398978183
119,0.08843303210901811,0.051814205824459655,tanh,200,69,0.15,0.7,6,E3tza,70,0.5681218915405112,adam,0.0047740174219036
73,0.07257443226822585,0.059854291866867346,tanh,200,121,0.15,0.7,9,t9FUO,50,0.5051844233042789,adam,0.4849419013935618
19,0.020960941178679415,0.05019335842234304,tanh,200,137,0.15,0.7,8,SjExr,70,0.5711847015634103,adam,0.00046572483506723535
28,0.22972513214300688,0.056831349353726184,tanh,200,129,0.15,0.7,9,Iqa4y,30,0.5937450852269853,adam,0.0006852396907767208
101,0.02780322259902044,0.05503258632757509,elu,200,10,0.15,0.7,10,Nvopg,50,0.5338256200672175,adam,0.002608396795391734
47,0.044132437958476385,0.014014335681599183,tanh,200,115,0.15,0.7,4,o1Wry,100,0.575463256439395,adam,0.0009755339834001315
84,0.274859902111612,0.042039094601831146,tanh,200,95,0.15,0.7,5,Ue8ey,70,0.5729764267049189,adam,0.04975058003653826
113,0.06625163793288391,0.0644683850307208,relu,200,102,0.15,0.7,8,zS9P5,5,0.5161090221353346,adam,0.006643537526533545
75,0.08627647517672597,0.07885814922230379,tanh,200,90,0.15,0.7,7,lacUy,50,0.5126243231451049,SGD,0.023620888504190533
36,0.32652585759355846,0.06136430100633335,tanh,200,74,0.15,0.7,10,FgBCK,10,0.5749735309210868,adam,0.00012733483716561366
60,0.3050102074011661,0.031832510235600256,elu,200,180,0.15,0.7,9,SKPNs,70,0.5083985021895776,adam,0.06395890571899772
135,0.016352968027599103,0.058136329382590377,tanh,200,132,0.15,0.7,7,xnaAX,50,0.512047546787217,adam,0.011270445109566105
68,0.008913021318542054,0.035177369560942764,tanh,200,146,0.15,0.7,6,C5bhZ,30,0.6113174838863977,adam,0.0014581914042287056
43,0.2654133868588578,0.07422141994666376,relu,200,109,0.15,0.7,8,ss3KI,50,0.4628136372247281,SGD,0.005475827350946449
165,0.12912437469270613,0.038339054097770324,tanh,200,162,0.15,0.7,3,mfawz,70,0.5404945020212549,adam,0.036973252867471766
150,0.0960794949218361,0.06559990974723488,tanh,200,54,0.15,0.7,9,z5wvn,100,0.6339133322590458,adam,0.002026822051759925
24,0.25368931068597567,0.08165522240117641,tanh,200,37,0.15,0.7,9,VxnRo,5,0.5396869635074576,adam,0.00019544274659836797
125,0.17417168741868616,0.06890818005942123,elu,200,156,0.15,0.7,8,A4czh,50,0.5883591104814163,adam,0.0032878609502305957
105,0.1997378663194868,0.05301673560013001,tanh,200,81,0.15,0.7,10,O4SKC,70,0.5222381755238557,adam,0.015300317234924284
12,0.030108543274433557,0.04603539494749695,tanh,200,167,0.15,0.7,10,DqwJn,10,0.49991159289277054,SGD,0.00041464391638783895
175,0.22058938043498616,0.0903082004818868,relu,200,46,0.15,0.7,7,tMUhA,50,0.550717243530847,adam,0.008891044108907346
121,0.28625533027238403,0.049126433319757815,tanh,200,124,0.15,0.7,8,XjmXN,70,0.5998368000670503,adam,0.0009230631169513142
141,0.1841988955503815,0.08446363394516274,tanh,200,150,0.15,0.7,9,CN7uL,30,0.6101294758142185,adam,0.0006094003315043763
54,0.04837967921273679,0.0876784590462069,tanh,200,137,0.15,0.7,8,Xmm6M,50,0.5994336494982788,adam,0.0036628649993889913
129,0.05741973908665554,0.0770904563115837,elu,200,98,0.15,0.7,9,m4gDZ,100,0.4238265908035156,SGD,0.0002981560659644883
110,0.08032044018178322,0.07085270553482415,tanh,200,190,0.15,0.7,10,eQDVN,70,0.46124990545957656,adam,1.036608369723228e-06
117,0.10967097707088372,0.06076955716483709,tanh,200,199,0.15,0.7,7,pK8Ry,5,0.5797787553856278,adam,0.0012506738122975377
145,0.00538786223814202,0.023289305062976388,relu,200,68,0.15,0.7,6,kd5mP,50,0.4890208700009461,adam,4.411083253884507e-05
91,0.06844020586493604,0.04072714998990358,tanh,200,61,0.15,0.7,5,Sh0Nn,70,0.49718670780602425,adam,0.07785502302360453
86,0.14161622008898941,0.04341791870034423,tanh,200,86,0.15,0.7,10,kvFXZ,10,0.5594831576207586,adam,0.0026997475457383236
62,0.03715924020901607,0.06786263104222531,tanh,200,171,0.15,0.7,8,ORiDi,50,0.4184328519506428,SGD,0.00011552361255070384
40,0.06291181624506875,0.019173930504203233,elu,200,141,0.15,0.7,9,iElXD,70,0.5926084039496912,adam,0.006974700153247036
99,0.020031443410001477,0.0557151723072941,tanh,200,117,0.15,0.7,7,H4Stu,30,0.5147907025203279,adam,0.3434968148092393
160,0.16203687622233853,0.06257610057293439,tanh,200,112,0.15,0.7,9,HYKcz,50,0.5943775510310307,adam,0.004617793820293945
57,0.2118045022161584,0.07548539422249102,relu,200,25,0.15,0.7,8,sp1HG,100,0.5420301154211076,adam,0.031905965500058364
131,0.18886449399146754,0.05789480323660235,tanh,200,127,0.15,0.7,8,Fexru,70,0.6290797345357747,adam,0.0008144489468156394
72,0.24431133385228584,0.047115537860802116,tanh,200,160,0.15,0.7,9,WAQyg,5,0.5845225027270343,adam,0.0017487122275847127
115,0.295137505835339,0.050938017531907326,tanh,200,92,0.15,0.7,10,Hbeb8,50,0.5716254655138415,SGD,0.04505275638106199
79,0.31750909892576495,0.06606053901544891,elu,200,105,0.15,0.7,6,QRX7F,70,0.5518839910310455,adam,0.0005050990472413563
15,0.049573410844542504,0.07254082424399177,tanh,200,132,0.15,0.7,10,pNaPb,10,0.5059998862277035,adam,0.12424679907432121
106,0.09764148221897062,0.09445950154928248,tanh,200,177,0.15,0.7,7,DNVyp,50,0.5059787236141639,adam,0.18528434030561658
20,0.12209024239400804,0.05296949452912124,relu,200,153,0.15,0.7,8,Pc4DD,70,0.5764812910116478,adam,0.001116984052862557
139,0.07488914794434784,0.02870073848175863,tanh,200,146,0.15,0.7,7,j7XLA,50,0.5083400980790745,adam,0.020278075931119063
95,0.36934202418013173,0.05952451669052744,tanh,200,121,0.15,0.7,9,wn1ux,30,0.5504607567718554,SGD,0.01127678926584322
154,0.26135847624791725,0.006395139967393666,tanh,200,96,0.15,0.7,9,VVytF,70,0.6109490158337139,adam,0.0023117409059599512
46,0.2766944350811551,0.03346015949366503,elu,200,135,0.15,0.7,8,jvOIp,100,0.5088482630154344,adam,0.00035303036615966867
102,0.10650204762682429,0.07877065012855945,tanh,200,79,0.15,0.7,10,WwNdj,50,0.5924231653565238,adam,6.927554166309685e-05
34,0.03487410403107203,0.08608809423454575,tanh,200,167,0.15,0.7,9,o0fPl,5,0.5691746746350892,adam,0.00019413381857892546
124,0.08516847589207405,0.03969325319233458,relu,200,75,0.15,0.7,4,YZQqg,70,0.5623094798776074,adam,0.006245092967995237
171,0.23786102943372467,0.04474462819475692,tanh,200,103,0.15,0.7,6,LGyHe,10,0.42336787776472623,SGD,2.8622631239570178e-05
29,0.13477905096223614,0.06414560989697497,tanh,200,142,0.15,0.7,10,zQEh2,50,0.5591127609851756,adam,0.014611618034454706
66,0.1499343424537659,0.0549537474611695,tanh,200,110,0.15,0.7,7,MttOW,70,0.6106921387759078,adam,0.0002393467271999982
51,0.02423060244643381,0.07331301568716472,elu,200,149,0.15,0.7,8,kiMsO,30,0.5535200846438383,adam,0.008475331286221497
83,0.2266343889617654,0.049627402420594977,tanh,200,158,0.15,0.7,9,RziUI,50,0.6113547006488733,adam,0.0006106563968484023
148,0.0427771988079921,0.06823146653447215,tanh,200,50,0.15,0.7,8,aFKPs,70,0.6111803002967054,adam,0.0035042886699699224
112,0.19945663628590254,0.0699160468676215,relu,200,126,0.15,0.7,9,eP6kg,100,0.45983601386172407,SGD,9.129494495193099e-05
179,0.16642457968741853,0.037105150030917286,tanh,200,184,0.15,0.7,10,X4WOM,50,0.6048791539352546,adam,0.001408528820045826
135,0.34374616690549453,0.08281994227778479,tanh,200,114,0.15,0.7,8,HTlDP,5,0.5552894062263364,adam,1.8912396850655048e-05
109,0.0004958489735610513,0.001594051208515912,tanh,200,83,0.15,0.7,7,ayX2z,70,0.49071069335417405,adam,0.025603308913964905
90,0.07209081638432105,0.06207692712217801,elu,200,88,0.15,0.7,10,Szq6v,10,0.587697674353044,adam,0.0018857292483755077
98,0.3550850243476183,0.05714946057050105,tanh,200,120,0.15,0.7,6,cjnZd,50,0.5157684493932334,adam,1.2107290757567072e-05
75,0.11536484561148633,0.04763992204722089,tanh,200,71,0.15,0.7,9,f23jS,70,0.44148584354865744,SGD,5.1037830085899774e-06
10,0.016428979463507642,0.0426491938787924,relu,200,64,0.15,0.7,7,A15HQ,30,0.5075867214923544,adam,0.0047916031636241795
122,0.0941246589721661,0.0902998502706602,tanh,200,175,0.15,0.7,5,PmsZ4,50,0.5468991338903997,adam,0.00037798495067490234
118,0.2547696590895332,0.03148232267171152,tanh,200,17,0.15,0.7,8,MNMTP,70,0.6097005833440386,adam,0.010205039758980074
126,0.3346177597311931,0.052707701089268796,tanh,200,108,0.15,0.7,9,Mc6eH,100,0.4873168815146607,adam,0.09706044705272333
143,0.05622276423367281,0.08000095591526628,elu,200,35,0.15,0.7,10,VkwX6,50,0.5511460144271983,adam,0.0010772666788383916
87,0.12943926060611882,0.09853050620745929,tanh,200,163,0.15,0.7,8,VG7cY,5,0.5612700846286457,SGD,0.002892242508697501
94,0.08184571956854728,0.07629217623276678,tanh,200,100,0.15,0.7,9,hs9xJ,70,0.5878629348085559,adam,0.00071604243991854
24,0.30678014578684953,0.05941732988617576,relu,200,131,0.15,0.7,3,Rsr5V,10,0.4971507575541607,adam,0.00014714181736255128
70,0.271165721671745,0.06623870854403582,tanh,200,139,0.15,0.7,10,jWTdl,50,0.5664492427263998,adam,0.01747833308243016
57,0.17955489983923845,0.07123934679747852,tanh,200,144,0.15,0.7,7,wPqWn,70,0.6275228359362633,adam,0.004207712325376563
104,0.029134659184613287,0.06289417577225043,tanh,200,129,0.15,0.7,8,lIE08,50,0.5805008218482974,adam,5.7378468041138634e-05
129,0.2051024111132956,0.02691143065532458,elu,200,93,0.15,0.7,9,vlmJE,30,0.47501573164141025,SGD,0.0022015074213041384
80,0.21721387344149085,0.0925176226913893,tanh,200,124,0.15,0.7,10,NdL2U,70,0.49365431123568104,adam,0.24540110803857235
163,0.10315971838002798,0.03555925101671315,tanh,200,195,0.15,0.7,7,hMYlV,100,0.5806525287936004,adam,0.000287684506595507
138,0.39177857831026786,0.050898432433484984,tanh,200,170,0.15,0.7,9,EcYfA,50,0.48613757651689865,adam,0.04843174478119331
39,0.0011569494408404934,0.038238506277173574,relu,200,117,0.15,0.7,8,Vj7Pz,5,0.6274707387097751,adam,0.000868125829920257
63,0.1566587842813887,0.05550958484775722,tanh,200,156,0.15,0.7,2,xNzBp,70,0.4635620155130941,adam,1.9140224779103613e-06
114,0.06109776972776178,0.09665119808976161,tanh,200,57,0.15,0.7,8,A0FGd,50,0.4935725343263312,SGD,0.03216089759150691
156,0.28583161524709394,0.0451934696820194,elu,200,153,0.15,0.7,10,hlOTe,70,0.621070489295475,adam,0.005668292076598412
76,0.009914238538729622,0.07506606638468072,tanh,200,136,0.15,0.7,7,smp5M,10,0.5148695067238064,adam,0.06381933590572016
30,0.23566565356755895,0.06065562136683961,tanh,200,43,0.15,0.7,6,k6y3V,50,0.6060800648505482,adam,0.0014771603316938065
44,0.24627663423200136,0.06745836054216453,relu,200,106,0.15,0.7,9,i1ixs,30,0.5810037364728174,adam,0.0005289441519872912
200,0.3213685834979816,0.08366176139772907,tanh,200,147,0.15,0.7,9,ddnjb,70,0.5666696119329614,adam,0.013518542639116027
84,0.04887933365954547,0.06462017813005622,tanh,200,181,0.15,0.7,4,Z6BmY,100,0.4363718183540108,SGD,3.479076612535307e-05
50,0.14325724765175119,0.041023248918435,tanh,200,78,0.15,0.7,5,wQIjd,50,0.577591603976983,adam,0.008466301146481347
133,0.0688755053120867,0.05820515916236353,elu,200,113,0.15,0.7,8,MxA3G,5,0.6001117869734165,adam,0.00018762472237013263
107,0.03428958339510473,0.02525921478693388,tanh,200,165,0.15,0.7,10,dSDYm,70,0.6115229588105116,adam,0.0025269840931688714
100,0.1928029813795077,0.04893465089249523,tanh,200,187,0.15,0.7,6,YfplD,10,0.5347064893600777,adam,0.022992689595683555
150,0.022838720455430787,0.054351615771542724,relu,200,96,0.15,0.7,8,W1iva,50,0.6289770287179252,adam,0.0004122333249761132
67,0.11217592438281247,0.07877771212932029,tanh,200,85,0.15,0.7,7,VPE0R,70,0.4716736694988186,SGD,0.0032748476645811614
92,0.08987007914947025,0.07296964254550785,tanh,200,102,0.15,0.7,10,vD9TB,50,0.5649436672242996,adam,0.00010675422829862335
120,0.042037124044271096,0.08133887870853224,tanh,200,173,0.15,0.7,9,IQYIu,30,0.5869617287659353,adam,0.006696058237723863
110,0.07943660605612186,0.08577006429761296,tanh,200,191,0.15,0.7,8,GF9OU,70,0.6321936571564312,adam,0.0011576421174117628
145,0.29514963653480547,0.04707351569029457,elu,200,160,0.15,0.7,9,IQplx,100,0.6050512595755305,adam,0.0017728471844022503
127,0.16910927520171182,0.06968100038270444,tanh,200,123,0.15,0.7,10,DG1Ga,50,0.6095514955624559,adam,0.0007398925087279171
17,0.1234570342293745,0.05226535757798244,relu,200,67,0.15,0.7,7,ZGnPd,5,0.5326125140485626,SGD,0.011016594521603825
184,0.22235545351449848,0.043793415641901784,tanh,200,91,0.15,0.7,8,wbP9R,70,0.5909325875968109,adam,0.00025496896618745844
116,0.31368288590621674,0.0770467226569396,tanh,200,150,0.15,0.7,9,Wta6l,10,0.5447734024912847,adam,0.004451178745224115
149,0.09748387307176606,0.05677942859874112,tanh,200,56,0.15,0.7,9,ZLGHu,100,0.615668545391947,adam,0.0015512227438951403
171,0.060091790469579534,0.06570969053582956,tanh,200,53,0.15,0.7,9,C9k5Z,100,0.5799201448495539,adam,0.0018979621331855646
158,0.13964451420604612,0.061262277789562516,tanh,200,29,0.15,0.7,9,M8r5Y,100,0.5614899351588679,adam,0.0009562025510689845
153,0.07451937601644772,0.06365672265258694,tanh,200,46,0.15,0.7,10,AywyH,100,0.5768586061923147,adam,0.0022538545194062884
163,0.10651755511177614,0.06659844205713056,tanh,200,32,0.15,0.7,10,y5q0D,100,0.5410839039157027,adam,0.0005857994933360872
139,0.050157463447406285,0.060124730136978485,tanh,200,25,0.15,0.7,9,dNVHr,100,0.5477904800078572,adam,0.0031214034409256346
179,0.09396446682255188,0.07171429669079182,tanh,200,64,0.15,0.7,8,q3j96,100,0.6051214878221522,adam,0.0056296055803372715
132,0.08387012015436393,0.0688453477603107,tanh,200,41,0.15,0.7,10,sB6fZ,100,0.5204342075121335,adam,0.018307234316308995
143,0.06692065036067014,0.07489103837480494,tanh,200,20,0.15,0.7,9,ccn4L,100,0.575107066701381,adam,0.007462917764714939
136,0.13223174867498855,0.05410559107394594,tanh,200,53,0.15,0.7,9,ujWRx,100,0.5862135806734561,adam,0.0011998688251582655
151,0.01666138143095916,0.06467487759727486,tanh,200,59,0.15,0.7,8,c4jNJ,100,0.5437791941566682,adam,0.00045549260296564155
169,0.11511774745811322,0.057109429463378505,tanh,200,74,0.15,0.7,10,OXcPT,100,0.6297890146759684,adam,0.0029439396477242215
190,0.053278131455179636,0.062438972940493484,tanh,200,12,0.15,0.7,8,Uf7dG,100,0.5963200576479677,adam,0.004197623279891945
122,0.03817372066256332,0.07104057747621369,tanh,200,37,0.15,0.7,9,DOycD,100,0.5682210193679527,adam,0.013804156900966464
167,0.15083373081945875,0.04977974049938481,tanh,200,70,0.15,0.7,8,eomC3,50,0.6117431466367189,adam,0.0007097731231187003
195,0.006659353754574077,0.07374947705614966,tanh,200,60,0.15,0.7,9,LglGt,70,0.6045875699061091,adam,0.0009025739247210187
176,0.02832878292023526,0.05911602772674567,tanh,200,47,0.15,0.7,10,r73d4,100,0.538875008609612,adam,0.04037398416105382
130,0.10325714998024126,0.07780027145590998,tanh,200,82,0.15,0.7,9,IripC,50,0.6187482974200834,adam,0.002177758196778569
146,0.12308866958320103,0.0889690185850957,tanh,200,53,0.15,0.7,8,UbhkW,70,0.5211207600749596,adam,0.0003019867312696565
126,0.17565080017953938,0.05161407707477392,tanh,200,134,0.15,0.7,10,FeYmV,30,0.5245149997320765,adam,0.009188020077333579
154,0.08665327580879603,0.06592737297910281,tanh,200,76,0.15,0.7,9,zGss2,50,0.6271267155148066,adam,0.0015754927636554927
115,0.09639507551469506,0.06830970471790496,elu,200,142,0.15,0.7,10,z8hGZ,5,0.5462665108463634,adam,0.026495384664084947
159,0.074516795736018,0.05536309050098151,tanh,200,129,0.15,0.7,8,YYSUG,70,0.5694690447551483,adam,0.003839581005284587
141,0.15664927046319344,0.046466364964817874,tanh,200,21,0.15,0.7,9,RewYG,100,0.6022186095575902,adam,0.005898872125982653
96,0.04372177335556266,0.06164579852601955,tanh,200,88,0.15,0.7,8,EMsLL,50,0.5628374175722105,adam,0.00017463107354113495
103,0.06401971467318976,0.0815022697556574,relu,200,71,0.15,0.7,7,DxFGU,10,0.5386295550175497,adam,0.0012262183294387624
135,0.012672098907215445,0.06962549123988257,tanh,200,139,0.15,0.7,9,pQKI1,70,0.4410216014447094,SGD,0.00039445358084826034
120,0.2105885402048009,0.041702092423398944,tanh,200,119,0.15,0.7,10,Pkrdm,50,0.6065345371215959,adam,0.002618913039163104
111,0.11189544301718551,0.05840033842738763,tanh,200,154,0.15,0.7,7,l5TXk,30,0.5920684879617417,adam,0.0005815109086105054
107,0.0259779606607652,0.07596962765684333,elu,200,64,0.15,0.7,8,aONSE,70,0.561549119387178,adam,0.010645382983682788
124,0.27839153252059357,0.05329583882799736,tanh,200,97,0.15,0.7,10,lYVis,100,0.5734784764144576,adam,0.00013025113200003418
148,0.13652730513573608,0.04420145266196957,tanh,200,80,0.15,0.7,9,JgTee,50,0.5780589624316482,adam,0.019842658595456836
161,0.2658690221832489,0.07258288157048279,relu,200,146,0.15,0.7,8,a3lCq,5,0.5747613783971917,adam,0.0019139982214373078
89,0.18755241639540482,0.04883417029831486,tanh,200,110,0.15,0.7,9,EHDoq,70,0.4938093770289928,SGD,0.007452356019340603
186,0.059274134433354934,0.06400401500162065,tanh,200,49,0.15,0.7,10,XsYan,50,0.4960339858144128,adam,7.269719437326015e-05
54,0.03764763780322186,0.056177917556620084,tanh,200,116,0.15,0.7,8,LE0gb,10,0.5888181730191981,adam,0.0008541282256313588
130,0.07840137100034543,0.03921942733167279,tanh,200,133,0.15,0.7,9,rKgq7,70,0.613852405206571,adam,0.004809450514784379
99,0.11938339402891801,0.033718837786294746,elu,200,104,0.15,0.7,8,BfaYV,100,0.5728823341833246,adam,0.0013404796977027934
72,0.1286559481362114,0.07996677355290122,tanh,200,100,0.15,0.7,7,LOj4y,50,0.5510363331801835,adam,0.013007190176549258
166,0.2300909775443309,0.0666143469783097,tanh,200,43,0.15,0.7,10,NuEhT,30,0.4420586177702027,SGD,0.0003589679209345594
138,0.25471405750766507,0.08435012135910203,relu,200,125,0.15,0.7,9,zpPtc,70,0.5403253058805767,adam,0.0029355326898561507
37,0.002516061733044056,0.03032420105780893,tanh,200,39,0.15,0.7,10,ulsFA,100,0.506628990505937,adam,0.09490420911499464
142,0.07131014511656034,0.05219720016768567,tanh,200,68,0.15,0.7,9,qXwCZ,50,0.5037885752630957,adam,0.033265438968482566
118,0.14714271939056406,0.08697134652025061,tanh,200,92,0.15,0.7,8,YsUHy,5,0.5773125674758794,adam,0.0006408982364078957
152,0.04989561003313874,0.06071431035984104,tanh,200,85,0.15,0.7,7,cAtDE,70,0.5766695997651974,adam,0.00023640098377836666
25,0.08868222302422799,0.07388662888921238,elu,200,158,0.15,0.7,8,by5lh,50,0.5852089186480371,adam,0.003985517442453076
61,0.03373795144671308,0.07036625714992087,tanh,200,168,0.15,0.7,9,bwbhY,10,0.5450093451833824,SGD,0.06064771810024123
47,0.2990591262273192,0.05066241490107901,tanh,200,137,0.15,0.7,6,y8g3y,70,0.49228692407660757,adam,0.15320797023624347
79,0.09878817302048695,0.016160572000912192,relu,200,150,0.15,0.7,10,mVW5S,100,0.6131256302678103,adam,0.01636483401538484
103,0.01934278521635594,0.0630640714234164,tanh,200,30,0.15,0.7,8,QG991,50,0.5964997332691409,adam,0.0004740336218474116
173,0.10551460710496957,0.04563927131169383,tanh,200,107,0.15,0.7,9,P402J,30,0.6151439574247479,adam,0.000954843187403188
182,0.052416888483354,0.058097508503679805,tanh,200,178,0.15,0.7,7,qnEcd,70,0.6507933145723382,adam,0.0019174860660988722
34,0.006294482889722834,0.04738527333456585,tanh,200,199,0.15,0.7,7,S0U4f,70,0.6045084564396233,adam,0.0057904887561234
198,0.022759751749888767,0.04243706851109953,elu,200,184,0.15,0.7,6,wtdNE,70,0.6366334627950517,adam,0.00819470585227855
86,0.056140320424620374,0.037393042302709775,tanh,200,178,0.15,0.7,7,BCPPn,70,0.47297471479909203,SGD,0.00334986676669933
41,0.042376293597270374,0.059590794267113445,tanh,200,163,0.15,0.7,6,z2X8h,70,0.47222713250683607,adam,7.635859754114636e-06
183,0.014904917193573303,0.05444231486409536,relu,200,174,0.15,0.7,7,j1MKA,70,0.5526875342599527,adam,0.0011213184053851977
65,0.02935198849006398,0.057535746075944416,tanh,200,196,0.15,0.7,7,WIHVj,70,0.6185353660259658,adam,0.0016636548285956026
193,0.052054748339042084,0.03534096158706328,tanh,200,180,0.15,0.7,6,IK5FE,70,0.563826380783503,adam,0.0024157476259041607
70,0.24532155185614501,0.0489283602967214,tanh,200,169,0.15,0.7,7,yxSAB,70,0.5447882979744527,adam,0.00021987970547435369
81,0.001316651674785313,0.04355426437114712,tanh,200,191,0.15,0.7,7,GRZzp,70,0.5874317278558477,adam,0.00030206200882206544
58,0.06581026090355235,0.03976129885614795,elu,200,160,0.15,0.7,7,SHkp3,70,0.46853621175119525,SGD,5.094622561180851e-05
93,0.0005183327916279054,0.05347943361750601,tanh,200,155,0.15,0.7,8,zyrEw,70,0.5648638467774957,adam,9.261618959985354e-05
188,0.04684760176882344,0.05085583320709024,tanh,200,173,0.15,0.7,6,dsjVz,70,0.5400619020188049,adam,0.02640645883782249
76,0.28708966256363155,0.06703826408075178,relu,200,145,0.15,0.7,5,fK4cS,70,0.5180956315579104,adam,0.00016560362296929245
52,0.08463044209850637,0.055982927288839635,tanh,200,163,0.15,0.7,7,ANofI,70,0.5762146914088457,adam,0.0007660821746548476
19,0.03615787264813987,0.05859124172670422,tanh,200,128,0.15,0.7,8,E0PHu,70,0.553037794422558,adam,0.010441041500255594
12,0.010447182512032818,0.021424163015950223,tanh,200,177,0.15,0.7,7,cUhph,70,0.6099791599526216,adam,0.005096328787463734
29,0.198383314203002,0.03199486968756554,tanh,200,185,0.15,0.7,8,haUyT,50,0.4453376271961715,SGD,0.001433182031314989
180,0.06256167899367995,0.06130892044982807,elu,200,149,0.15,0.7,6,hhNSM,5,0.5232802374396923,adam,0.0005185893794507209
96,0.33145172269252376,0.06453333260188307,tanh,200,141,0.15,0.7,7,q1ORw,70,0.5958623137676834,adam,0.006664278130218228
86,0.36242300136805816,0.07735125124288872,tanh,200,188,0.15,0.7,8,A4ti3,50,0.49439119254582053,adam,0.04586248221137496
14,0.07719348941338111,0.012533584953691675,tanh,200,121,0.15,0.7,8,i0Hy6,10,0.617872910672702,adam,0.0018653099836529782
90,0.023670033804903377,0.04557281115111742,relu,200,167,0.15,0.7,7,T6oQP,70,0.5016508062868497,adam,0.07539803630219462
114,0.30640911518622177,0.04788345819974366,tanh,200,193,0.15,0.7,8,jJASc,50,0.5776317631840457,adam,0.004019216575089264
176,0.04172406610551567,0.06785728574579422,tanh,200,153,0.15,0.7,7,ioeXW,70,0.5344139658448922,SGD,0.013043709628054567
107,0.2586672862730174,0.07064062630762137,tanh,200,131,0.15,0.7,8,jdIYx,30,0.5811640139751553,adam,0.00034819001634721466
22,0.07178724456481186,0.04051861300985437,elu,200,114,0.15,0.7,6,uVw9k,50,0.5966411700357879,adam,0.00253746638975673
43,0.21769059402558077,0.05607095010808611,tanh,200,139,0.15,0.7,8,zUQJz,70,0.6266726764172532,adam,0.0010790154547328126
73,0.27108335328227506,0.0532451897852397,tanh,200,157,0.15,0.7,7,V6tDI,5,0.5175033495168053,adam,0.020859454796466247
56,0.05241734397433817,0.028036952237306442,tanh,200,199,0.15,0.7,8,Dspmh,70,0.5894949197871616,adam,0.00958200488170387
49,0.23474626877816623,0.050485200783587904,relu,200,145,0.15,0.7,5,IXmAH,50,0.5201049187671971,adam,0.01662186946417432
200,0.3518157130134337,0.08236374694685925,tanh,200,135,0.15,0.7,7,VZJHm,10,0.4552771155411322,SGD,0.0007205445807552347
67,0.03153053455200597,0.06369858206070879,tanh,200,181,0.15,0.7,6,MEaun,70,0.6443905332361746,adam,0.003433761245752065
66,0.031689627539574494,0.06213487855347176,tanh,200,178,0.15,0.7,5,pCnlN,50,0.5349640684148158,adam,0.03729767549494625
61,0.012560220874173706,0.03776927963840292,tanh,200,182,0.15,0.7,5,eiO6c,70,0.6405263613242921,adam,0.003457939437293304
40,0.20590153910991865,0.05851090437436897,elu,200,189,0.15,0.7,6,S0eFL,30,0.5362239284282319,adam,0.006949947379976529
35,0.020609033046284406,0.0440427712385811,tanh,200,196,0.15,0.7,6,LX3MZ,70,0.5745475889035514,adam,0.00012644981519539754
30,0.16401538380296168,0.04654914847101016,tanh,200,192,0.15,0.7,5,Opvpx,50,0.48538926840769214,adam,0.31070276143514086
46,0.08941991918897559,0.06447544035546376,relu,200,182,0.15,0.7,6,r8BZS,5,0.5230989280952418,adam,0.0014245903194375197
69,0.18339928556882557,0.0523804345282215,tanh,200,188,0.15,0.7,6,AagaO,70,0.5140491737473691,SGD,0.11870122850591426
54,0.32277462148786296,0.06007442216699071,tanh,200,170,0.15,0.7,4,EaklZ,50,0.6376058089680703,adam,0.004558591497606038
76,0.05880578815430039,0.05557409533112805,tanh,200,175,0.15,0.7,5,B3wu9,10,0.5795088198771479,adam,0.002155111696552388
10,0.0014524206018387657,0.041951159445020494,tanh,200,184,0.15,0.7,6,t3u7w,70,0.5678452994485894,adam,0.0005486702806164305
60,0.3782030209162373,0.07253081376067576,elu,200,164,0.15,0.7,6,FQuTG,50,0.5566029511256653,adam,0.02590123192020828
64,0.11336576235121604,0.0486641812495075,tanh,200,172,0.15,0.7,5,OMlUa,70,0.578033556335517,adam,0.003151375694313596
83,0.2810856318190953,0.06288653080284942,tanh,200,198,0.15,0.7,6,OtF2T,30,0.5724612361555368,adam,0.005724311782108074
27,0.029742149374049065,0.036176703724211196,relu,200,165,0.15,0.7,5,cD2DC,70,0.48444698658350954,SGD,0.4429599214885891
50,0.17296562248520747,0.057458611402188255,tanh,200,178,0.15,0.7,6,WAiAk,50,0.6355050049310874,adam,0.0008816767061863545
36,0.0697585225820904,0.03400152249706578,tanh,200,161,0.15,0.7,7,UM0FF,5,0.5749428409106395,adam,0.00043575683050342485
44,0.042573729802758795,0.04993002759427117,tanh,200,194,0.15,0.7,7,yH2ER,70,0.5975883835911384,adam,0.00839158327949667
33,0.22531366639326142,0.06854056823018753,tanh,200,200,0.15,0.7,4,UjQC4,50,0.566769968275253,adam,0.014501744744776864
58,0.08147896140035564,0.0751805285809066,elu,200,187,0.15,0.7,6,N4WiN,10,0.6026511691827245,adam,4.0405794300655357e-05
79,0.2518178345850006,0.024241769018691794,tanh,200,172,0.15,0.7,7,pZuya,70,0.48683542311754174,adam,2.1823269020312098e-05
17,0.0002740223197643804,0.06559586831087462,tanh,200,182,0.15,0.7,5,buXqC,50,0.45940938126744707,SGD,0.001158968266395642
67,0.09489637527708478,0.07946554303958675,relu,200,167,0.15,0.7,7,xymvC,70,0.43598291005483514,adam,0.0002205630480434307
72,0.1046176265659224,0.05398386792479207,tanh,200,157,0.15,0.7,6,xXTfk,30,0.529439796585969,adam,0.0549411483470611
22,0.13941755311728404,0.06124621866812952,tanh,200,200,0.15,0.7,7,Rp0Ev,70,0.6178378599488572,adam,0.001698078085925945
40,0.291536853227467,0.009165541553506969,tanh,200,95,0.15,0.7,6,e8qjk,50,0.5703490728358098,adam,0.020233497248015583
63,0.1231909454641837,0.039241174603989876,tanh,200,153,0.15,0.7,2,fqO2J,5,0.547334186411744,adam,0.00026395106302142153
83,0.009443466564308896,0.05190313619069152,elu,200,176,0.15,0.7,6,m31zQ,70,0.5523000752247674,adam,0.03366202589373975
53,0.34499947836668177,0.04692123687347212,tanh,200,191,0.15,0.7,7,HcgDK,50,0.517397380058022,SGD,0.01237346798457676
26,0.39999186193762015,0.07165829861448939,tanh,200,82,0.15,0.7,3,EKA6L,10,0.5388407360889038,adam,0.0024902626833169924
49,0.04862881789753525,0.04429434852640941,relu,200,90,0.15,0.7,7,bsCza,70,0.5486747093555242,adam,0.005078084684298957
75,0.06024960720833169,0.05752956041985554,tanh,200,160,0.15,0.7,5,dMoql,50,0.5200071585072987,adam,7.151622273863488e-05
88,0.020184542032356614,0.06712265254926932,tanh,200,170,0.15,0.7,7,xQr3w,70,0.6015022541943863,adam,0.0036708685973258514
46,0.1291130030542884,0.06001536267748607,tanh,200,180,0.15,0.7,6,g3b1r,70,0.5915951788990534,adam,0.0006718628039594061
70,0.2632576720136147,0.054434301604186254,tanh,200,73,0.15,0.7,4,RA3Yy,30,0.4672838831151478,adam,0.19006757636636926
58,0.07876863290948305,0.0641570058564988,tanh,200,102,0.15,0.7,7,l3RxS,50,0.5340656449608098,SGD,0.01003403247035929
32,0.03518255835212343,0.041820595234892136,elu,200,149,0.15,0.7,8,RbMeu,70,0.5724150111411114,adam,0.007546358266795639
92,0.15270632122623098,0.06873492284587515,tanh,200,184,0.15,0.7,6,hMuLU,5,0.5479626934714098,adam,0.0013736247922003862
55,0.21417238514734852,0.030599071346172246,relu,200,76,0.15,0.7,8,rA3nI,50,0.5439435758691181,adam,0.00213375476752
98,0.06916472477587346,0.07660123672208065,tanh,200,87,0.15,0.7,7,dEJ9N,10,0.5861931049728983,adam,0.00034787026401984344
38,0.09151219306439634,0.04918488572895798,tanh,200,119,0.15,0.7,8,f69Pi,70,0.5844393834138627,adam,0.00015214642244525722
80,0.19753765412373447,0.07455989252979611,tanh,200,99,0.15,0.7,6,xlaLV,50,0.5815438504258232,adam,0.0008914558247182713
13,0.027811620933151877,0.06262735981111953,tanh,200,109,0.15,0.7,5,NumuL,70,0.46431385587851653,SGD,0.0004394869352433159
65,0.05738466741853711,0.051493402827629466,elu,200,193,0.15,0.7,8,iZGNC,30,0.6187878235220005,adam,9.989671765137578e-05
21,0.013481990403876015,0.0553955680965474,tanh,200,187,0.15,0.7,4,FHN3y,70,0.6044137905949885,adam,0.0027670985480923063
52,0.04329239292309336,0.09147580754503218,tanh,200,196,0.15,0.7,7,hJfms,50,0.6105355282579529,adam,0.0017477864625391759
44,0.24050242315837977,0.05787234263104936,tanh,200,167,0.15,0.7,7,PaNxR,70,0.4884946475655777,adam,0.08293294071807558
61,0.11082801362198948,0.04516711798832629,relu,200,78,0.15,0.7,8,Vcorr,5,0.5061710558404632,adam,0.0005905030301034647
78,0.16200069203658762,0.06597653398463339,tanh,200,174,0.15,0.7,6,XdR3C,50,0.574141481955101,adam,0.005703887663518496
73,0.30118652602277907,0.06995290650951713,tanh,200,144,0.15,0.7,5,MKvOh,10,0.5394265257858176,SGD,0.016436290995919513
84,0.2726420598328565,0.059799380512019586,tanh,200,124,0.15,0.7,8,qVP8W,70,0.6042328180518014,adam,0.004390272500668965
94,0.0470892238520368,0.07842464653477643,elu,200,163,0.15,0.7,7,E962m,50,0.6437763792888689,adam,0.0010341409566400875
25,0.14437808821403844,0.03692488962079966,tanh,200,62,0.15,0.7,3,SmoIM,70,0.5756999660992121,adam,0.006973503562428797
102,0.09956709373056791,0.08539293446123096,tanh,200,152,0.15,0.7,8,Eo8Lz,30,0.6059725094879118,adam,0.000188681963872303
37,0.11984879657886721,0.032796331769432134,tanh,200,180,0.15,0.7,6,MDGg4,70,0.591352518349401,adam,0.022389390678921674
17,0.31196489109169484,0.07317124619335487,tanh,200,113,0.15,0.7,7,OyimJ,50,0.6230922403271769,adam,0.00309155758467138
69,0.19102105443480247,0.03971101873280282,relu,200,200,0.15,0.7,8,BmUa0,70,0.5695734068880304,SGD,0.047383753667723065
42,0.06619700181953425,0.04725302182777307,tanh,200,95,0.15,0.7,7,uKvBU,5,0.5065601063078795,adam,0.011900677351188148
193,0.08523370593147564,0.052743898557472926,tanh,200,67,0.15,0.7,6,ieH0G,50,0.6422544657148139,adam,0.0015259297457898685
32,0.01735645882209791,0.026550966147278147,elu,200,160,0.15,0.7,8,e6X5D,70,0.5521181318681319,adam,0.0003044616422964022
88,0.05433160785054232,0.06439128388345622,tanh,200,155,0.15,0.7,8,ed1Nn,10,0.594951284329728,adam,0.0007853062399496818
95,0.030489605689910868,0.08355923200787084,elu,200,164,0.15,0.7,7,LjsAe,50,0.5583159885552156,adam,0.0021182107050686082
93,0.047439131416040115,0.08210979509244627,elu,200,173,0.15,0.7,7,uSezP,50,0.6234075017888594,adam,0.0011046598886993776
83,0.006237778477649329,0.07055882431856811,elu,200,169,0.15,0.7,7,Wik0X,50,0.6020657110351607,adam,0.0009944334955882936
102,0.0003079729588893118,0.08867547778438747,elu,200,162,0.15,0.7,6,Uaw0t,50,0.5800479898375153,adam,0.0004827716779645949
97,0.07162017255792273,0.07782108658784481,elu,200,177,0.15,0.7,7,EgTXU,50,0.5242412201041045,adam,0.0006857701866400334
89,0.0348879030150627,0.07895793662293178,elu,200,187,0.15,0.7,7,vCkvc,50,0.6219505080362852,adam,0.0018048719541508644
75,0.025087336301824633,0.08671621566453105,elu,200,157,0.15,0.7,7,jJqCq,50,0.5548337316225357,adam,0.0037384477437158205
108,0.060641323055946175,0.07441444234765035,elu,200,151,0.15,0.7,6,ULWnr,50,0.5877300576086002,adam,0.001302278372040402
111,0.04519890960324495,0.06810396439787578,elu,200,171,0.15,0.7,7,Y70WT,50,0.5872547382739919,adam,0.003035338531502675
78,0.03969439212846358,0.09433788758849888,elu,200,190,0.15,0.7,6,D9nba,50,0.5492799452876862,adam,0.0003850082814704625
99,0.01910208968302151,0.07964483665059514,elu,200,165,0.15,0.7,8,QYvrv,50,0.5773447906588821,adam,0.0009043181665902455
86,0.05189860995514637,0.07218291039747249,elu,200,142,0.15,0.7,8,N1PaU,50,0.554460812132779,adam,0.0002699762607367598
105,0.08136822323819284,0.08085485735386486,elu,200,180,0.15,0.7,7,jOLa4,50,0.5848653929229706,adam,0.0022864023852955597
68,0.06572125365180682,0.06160520491474436,elu,200,176,0.15,0.7,6,TEn89,50,0.6340101011694925,adam,0.004886672645509622
92,0.01040646245715789,0.09605017344915506,elu,200,148,0.15,0.7,7,MeBrX,50,0.5739864889489866,adam,0.0012461416648718042
82,0.07901888793434735,0.06632334916195598,elu,200,184,0.15,0.7,8,hc5hq,50,0.5581840622663838,adam,0.0005375980227994041
63,0.02977422440296171,0.07609851299214229,elu,200,137,0.15,0.7,7,cukvd,50,0.5665767994098287,adam,0.008346823248170172
72,3.49505656765739e-05,0.06328917949159538,elu,200,159,0.15,0.7,8,DZmNf,50,0.5567534651017352,adam,0.0015598871171624937
60,0.09018887425783578,0.0592593597293941,elu,200,196,0.15,0.7,6,vqitB,50,0.5658288388141803,adam,0.0006364923455047905
100,0.07311765040131639,0.056691256373696014,elu,200,155,0.15,0.7,8,OWFQ9,50,0.5858194230012412,adam,0.0034344045579688494
77,0.051599682926535696,0.09142783232716487,elu,200,168,0.15,0.7,7,ZuN9y,70,0.6053421540689549,adam,0.006054295959644342
55,0.038182582560206894,0.06928826595368731,elu,200,132,0.15,0.7,6,DCbNm,50,0.5715464950100859,adam,0.0026360241718604233
87,0.09863285552649237,0.05452535098424134,elu,200,146,0.15,0.7,7,A59J0,30,0.5300545245180843,adam,0.0019252776075716713
81,0.06253411745328817,0.08486500799145082,elu,200,173,0.15,0.7,8,f79I0,70,0.5742151392036423,adam,0.0009608616595386721
91,0.01376962858626967,0.06153687728063728,elu,200,164,0.15,0.7,5,C0W9K,50,0.5899474938790228,adam,0.010448483305819458
117,0.02269810864869804,0.05009735756780872,elu,200,128,0.15,0.7,7,M6YI8,70,0.5745113824332166,adam,0.00039032705081968406
66,0.10332297420828102,0.07369198130712076,tanh,200,183,0.15,0.7,9,ixjV0,5,0.5288606904808439,adam,0.00014138944390670643
95,0.04314385628933524,0.06745897393753898,tanh,200,189,0.15,0.7,8,D6LeV,50,0.6051314144514126,adam,0.0012019706981504172
104,0.006957909040373678,0.07163280449425738,relu,200,180,0.15,0.7,7,CkVkg,70,0.5228790688672693,adam,0.0007609064321346634
72,0.11077443328943162,0.09982975745734435,tanh,200,152,0.15,0.7,8,NnjNZ,10,0.5655180821417031,adam,0.004380584954136486
113,0.13208110361737677,0.07748342069232642,tanh,200,193,0.15,0.7,5,kBUXB,70,0.5722191150966008,adam,0.00019358936731491284
48,0.05769705976313552,0.06521178395772476,elu,200,142,0.15,0.7,6,bhHk1,50,0.5742971804123402,adam,0.02874771014800561
57,0.07564342227836693,0.057276623819480996,tanh,200,168,0.15,0.7,9,IIwBj,30,0.5249030691896703,SGD,0.007562835778260279
84,0.03585210352853253,0.05929196642199076,tanh,200,174,0.15,0.7,7,vF6AQ,70,0.6414641949025102,adam,0.003945512752496816
75,0.08533849728001688,0.043220211975538735,tanh,200,160,0.15,0.7,8,LjZDL,50,0.5965594030245633,adam,0.000505215353880833
64,0.02451515874140168,0.051394504181071866,elu,200,105,0.15,0.7,6,j1XwA,70,0.5420438018176859,adam,0.0022818763405680616
110,0.05419361450043561,0.08873408990798712,tanh,200,186,0.15,0.7,7,vFjiA,5,0.5613492205523609,adam,0.00024125476057544672
68,0.09374869499270269,0.05523526990749874,relu,200,177,0.15,0.7,9,uQURh,50,0.5644080966793418,adam,0.005490789177628821
122,0.04716342690751873,0.08314799615873505,tanh,200,136,0.15,0.7,8,t65Ho,70,0.5477733645198506,adam,0.016189901929396417
52,0.33891662870084494,0.06340399685040805,tanh,200,149,0.15,0.7,8,VFKER,10,0.544920627466525,SGD,0.0017946419458923055
79,0.06418274137586355,0.048529146601318456,tanh,200,117,0.15,0.7,7,lBDqv,50,0.5809949111516833,adam,0.0029839030028340503
97,0.01807625914995542,0.07521625676509677,elu,200,156,0.15,0.7,6,HtEsM,70,0.5902155905871418,adam,0.00117217424977787
89,0.3706334619973879,0.052913461628518066,tanh,200,84,0.15,0.7,9,OPV09,50,0.5921921418723924,adam,0.0003317964389322911
94,0.02882721021566899,0.04549821185856188,tanh,200,170,0.15,0.7,7,n3VjK,70,0.5498110898074551,adam,0.009549776609830174
107,1.6338509274800572e-05,0.06935815190207952,tanh,200,163,0.15,0.7,8,uUcDk,30,0.614595925798285,adam,0.0007147967944776437
102,0.07470319346249793,0.06120448173022105,relu,200,121,0.15,0.7,9,KpQEl,50,0.5822024160119812,adam,0.013134116527727967
69,0.2464151849259941,0.08050704865459893,elu,200,197,0.15,0.7,6,nXa7h,70,0.5476250437999532,adam,0.0016386782281348166
49,0.11701615876505736,0.06688756497579482,tanh,200,125,0.15,0.7,7,V22GK,5,0.5790628915266257,SGD,0.006425895465418171
59,0.04149440967003004,0.0708707459547207,tanh,200,191,0.15,0.7,8,MbqIU,50,0.6302148081774679,adam,0.00440745118875678
87,0.010522619302475562,0.056889493590585656,tanh,200,91,0.15,0.7,7,i5zn3,70,0.5652568712019144,adam,0.000884724884840514
42,0.17199467077881206,0.07821350042317955,elu,200,80,0.15,0.7,8,lxIzG,10,0.5292526329071078,adam,0.00012326022011741896
82,0.22770616239701646,0.09770460539857062,tanh,200,71,0.15,0.7,6,C2s8T,50,0.5348587749540072,adam,8.527509274808609e-05
29,0.08449734120097863,0.06471681228013544,tanh,200,57,0.15,0.7,5,mXALP,70,0.6186884400452622,adam,0.002776033833806604
74,0.06839131850832883,0.07283650257288175,tanh,200,110,0.15,0.7,7,g2U0F,50,0.6025557469186754,adam,0.001355955427190095
115,0.20767758817907875,0.054112307822620914,relu,200,166,0.15,0.7,9,cQqtY,30,0.5103096153740303,adam,0.0005796802003727774
126,0.10606104920189326,0.09351565620705468,elu,200,139,0.15,0.7,7,pGYoT,70,0.5644725277459035,adam,0.02052872291424643
188,0.03480317148788424,0.05976556211527896,tanh,200,200,0.15,0.7,6,QBoIv,50,0.47517340663867297,SGD,6.033476579778079e-05
196,0.04999497710568372,0.04134591857153701,tanh,200,145,0.15,0.7,8,FeoXI,70,0.550969648657471,adam,3.2378650907503767e-05
63,0.2806025293478421,0.05007724577154602,tanh,200,131,0.15,0.7,9,MpBCF,5,0.5999374608090406,adam,0.0004039552907280288
78,0.05772379070094687,0.07566480998390686,elu,200,180,0.15,0.7,8,B5Y0k,50,0.588803277884,adam,0.0037129014045907517
91,0.1271118870243751,0.04754124329775188,tanh,200,185,0.15,0.7,7,iCU2Q,70,0.6215439968134657,adam,0.0023295526653990283
56,0.2353298572940362,0.06814459062060177,tanh,200,157,0.15,0.7,5,oCSEX,10,0.6072654326637507,adam,0.0010502990937933908
46,0.016058096242576564,0.06526672239105948,tanh,200,161,0.15,0.7,6,ox1lU,50,0.5236732884662144,adam,0.03566824030473791
11,0.026235806141200475,0.06290050500764809,relu,200,100,0.15,0.7,8,D4WKq,70,0.531655759444454,SGD,0.007954360212569081
98,0.0941419830114445,0.08186893973180757,elu,200,176,0.15,0.7,9,O5J3p,50,0.5543576125287919,adam,0.00016039895812430853
183,0.151463858564834,0.057258433186539566,tanh,200,88,0.15,0.7,8,yv9KR,30,0.576263846989528,adam,0.00024321516140710656
37,0.0011047076807956663,0.058534737669065924,tanh,200,151,0.15,0.7,7,CtNJM,70,0.5771276741327055,adam,0.01198779345078701
106,0.13988198199804017,0.08632871037883291,tanh,200,171,0.15,0.7,7,tpHtF,100,0.6023131322709023,adam,0.004954944845873782
121,0.2667514965274213,0.051667092654199866,elu,200,134,0.15,0.7,9,KaJFJ,50,0.583730168331485,adam,0.0018298650635772587
85,0.06319286603387766,0.04288213342938592,tanh,200,147,0.15,0.7,6,Q1X45,70,0.5982404196889901,adam,0.000761923853195508
72,0.07721705935632998,0.045952126004214354,tanh,200,194,0.15,0.7,8,Ygset,50,0.6211633147276074,adam,0.0004555721932732462
111,0.2897867115777451,0.09040825747700047,tanh,200,189,0.15,0.7,6,QnbKk,5,0.5592272467600699,adam,0.0015121590772012073
170,0.03920556384596573,0.061220792330772614,relu,200,183,0.15,0.7,8,f2UkM,70,0.4842203954605182,SGD,0.0024226263795670395
52,0.007217322646853094,0.05565148981922427,elu,200,154,0.15,0.7,7,v2SdK,10,0.5100398185208864,adam,0.003461002370679172
61,0.046957709862006064,0.07245455214777119,tanh,200,115,0.15,0.7,9,CNTey,50,0.45807965158249314,adam,1.4399393719902658e-06
23,0.0873417073492826,0.048823223474559266,tanh,200,142,0.15,0.7,7,Dxe1q,70,0.5649693557379794,adam,0.015951885168257737
101,0.18043273562990075,0.0039778512816456,tanh,200,173,0.15,0.7,5,IXZH5,50,0.5766969030632688,adam,0.00580635779803065
68,0.3284781478952843,0.03865157789206075,elu,200,166,0.15,0.7,8,hlfoM,30,0.5913491965131936,adam,0.009055609680329238
92,0.03243083683984385,0.05343430105536499,tanh,200,107,0.15,0.7,6,GBazz,70,0.5455474580887376,adam,0.00030392621216217877
81,0.10005438586189355,0.07620436293469232,tanh,200,76,0.15,0.7,7,aXzwF,100,0.44632029057377887,SGD,0.0005984777621190069
133,0.11819190360204677,0.06643973806325588,tanh,200,95,0.15,0.7,8,Xy0GK,50,0.6042917703442611,adam,0.0009984908949866797
65,0.02044017733604831,0.03474906783933281,elu,200,128,0.15,0.7,9,bgVJn,70,0.5472308678317764,adam,0.025385547277375433
19,0.25444351396654363,0.06988149476588186,relu,200,60,0.15,0.7,9,v0pGQ,50,0.537526527029379,adam,0.0013840751851303466
95,0.07182800498588375,0.06278610298327991,tanh,200,179,0.15,0.7,7,jr50s,5,0.5020662752935732,adam,0.0069504358170234554
118,0.22099312023262857,0.07379485038044424,tanh,200,162,0.15,0.7,6,YR4IV,70,0.5304960650717444,adam,0.00010441152112151862
165,0.058732949430599486,0.08391913223901745,tanh,200,66,0.15,0.7,8,OMdAY,10,0.4690514560563538,adam,0.062168812943728946
76,0.052835146019698256,0.05917394016806275,elu,200,168,0.15,0.7,8,epTpd,50,0.5994844325583373,adam,0.00018918182743093908
39,0.16058883303582253,0.07905666076570243,tanh,200,140,0.15,0.7,7,gny9A,70,0.6118757987641011,adam,0.002981592301400304
86,0.10716780728047763,0.044492014480251044,tanh,200,159,0.15,0.7,5,mFx0J,50,0.513543086868695,SGD,0.0018421982858810963
58,0.3186494813807764,0.0511485448090693,tanh,200,121,0.15,0.7,6,CJ2LA,30,0.6042185566539685,adam,0.004213476535766184
158,0.0006837417966951004,0.07103103744924666,relu,200,187,0.15,0.7,8,q1eyf,70,0.5481412270977838,adam,0.0007580016407433059
34,0.13421273318235716,0.06822858435559823,elu,200,84,0.15,0.7,7,OP4D4,100,0.5658466747091607,adam,0.04341503634820354
46,0.029903714037214466,0.05578631057445424,tanh,200,199,0.15,0.7,9,QOdyP,50,0.5334658480418581,adam,1.4987099778654628e-05
71,0.08140003071666534,0.06094281428296382,tanh,200,148,0.15,0.7,10,c4bWJ,70,0.5589247326238433,adam,0.011203326741643187
104,0.04320607670082435,0.06365740690842027,tanh,200,176,0.15,0.7,7,SNYMl,50,0.586811918075864,adam,0.0004714319376606866
55,0.06744795434524567,0.08768292563697401,elu,200,51,0.15,0.7,8,OzoOX,5,0.5395164425629335,adam,0.0003119909067464743
82,0.018011372427432025,0.04745783931892512,tanh,200,194,0.15,0.7,6,nVs4K,70,0.47215615741527195,SGD,0.0011697459003154474
28,0.09144983082106484,0.06634913881121798,tanh,200,152,0.15,0.7,8,wC5Wc,10,0.5132221013423961,adam,0.017918342706784
109,0.2031004603071293,0.04098314519669079,tanh,200,104,0.15,0.7,4,W7s6s,50,0.5768206541571619,adam,0.002411932534439683
177,0.29844256205402503,0.05349185432785816,elu,200,181,0.15,0.7,5,tbWhR,70,0.5698928179270053,adam,0.005152782804436936
10,0.03588984876753197,0.05013031257048634,relu,200,98,0.15,0.7,9,a0kDM,50,0.4828004663886463,adam,0.133170698538043
124,0.009257679196710122,0.08084312177547384,tanh,200,171,0.15,0.7,7,zxQFF,30,0.603599900131089,adam,0.0033946781791583574
16,0.3923659099423223,0.07773530168190342,tanh,200,157,0.15,0.7,6,DsiXZ,70,0.6091007250554287,adam,0.0010401716231391302
89,0.3583742987319815,0.057966732373340255,tanh,200,136,0.15,0.7,8,B4R7X,100,0.5993516555320257,adam,0.0019462427724598638
49,0.024004196700864386,0.06522026797405285,elu,200,127,0.15,0.7,7,pjuOB,50,0.5398598488504851,SGD,0.00906339318849507
114,0.00019537918182090108,0.0689784806297503,tanh,200,91,0.15,0.7,8,mrkUr,70,0.5133710660959876,adam,0.02935893373877293
99,0.05002702136523872,0.054748722152263236,tanh,200,113,0.15,0.7,9,cLH86,50,0.614426586177852,adam,0.000577184834595335
74,0.11509928138072505,0.0746540668458254,tanh,200,165,0.15,0.7,7,z0SC7,5,0.549935806002255,adam,0.01344914851228243
61,0.24182602061885766,0.06073864381174679,elu,200,191,0.15,0.7,6,ioQif,70,0.5691614406932178,adam,0.006238492711463326
129,0.09944074157361782,0.03637673272923779,relu,200,72,0.15,0.7,8,NCAcH,50,0.5867719816673975,adam,0.0014044943798658823
78,0.16709499743211687,0.029341803666207575,tanh,200,132,0.15,0.7,10,ZHvMr,10,0.6045136496680759,adam,0.0004057941876022395
67,0.07898558737131112,0.06278047460859831,tanh,200,162,0.15,0.7,9,TEuAf,70,0.580769283123552,adam,0.0008650982935939928
41,0.19227456548955973,0.043322146156513024,tanh,200,144,0.15,0.7,7,GIgE6,50,0.46972285941008557,SGD,0.0028460983588866075
199,0.06269389971733136,0.07173879946402276,elu,200,184,0.15,0.7,7,allRB,70,0.5780670237390277,adam,0.004641521702884626
91,0.07105066725199241,0.046201424055166855,tanh,200,175,0.15,0.7,8,NIpZW,30,0.5905332878285005,adam,0.00215417461027543
95,0.30837772129368934,0.05270249350985488,tanh,200,170,0.15,0.7,6,ewwEn,100,0.6002675143818083,adam,0.0006011890107272651
52,0.12803999941979483,0.05692874367799115,tanh,200,179,0.15,0.7,5,Ob5ag,50,0.5581330572795247,adam,0.02276484155266946
105,0.2629306229838456,0.0769732427775202,elu,200,153,0.15,0.7,9,aKkGp,70,0.5766223752999207,adam,0.00015788201150047319
119,0.27532469576739194,0.08562484455763943,relu,200,124,0.15,0.7,2,q1Ri1,50,0.5164549460227602,adam,0.007849768987797955
86,0.05581912368028312,0.05889930070121844,tanh,200,47,0.15,0.7,7,TOFQ2,5,0.5301797284240514,adam,0.00023776956123347336
71,0.042033105388603886,0.04885439104555039,tanh,200,80,0.15,0.7,8,vGcZD,70,0.4827913803874992,SGD,0.0015368680913803068
145,0.015183583420954432,0.06690478754427825,tanh,200,200,0.15,0.7,10,SMzwu,50,0.6183991399043508,adam,0.0007786088729877384
30,0.08789695402058925,0.040315957959941265,elu,200,119,0.15,0.7,6,OUHsX,10,0.5394645264943292,adam,0.0036356295024523853
101,0.18378610410406487,0.019734233153272787,tanh,200,111,0.15,0.7,9,ffgsB,70,0.6028823469702755,adam,0.00030262363216027917
136,0.02705344222998702,0.07352004137170494,tanh,200,149,0.15,0.7,7,Js3qo,50,0.6212492127126649,adam,0.0010910636233504827
45,0.14424126846394544,0.03844681095356435,tanh,200,187,0.15,0.7,8,rXpjv,70,0.4900683426618043,adam,2.3033599419604165e-06
112,0.12208858734173347,0.08279739140170808,elu,200,138,0.15,0.7,7,Mc6XB,30,0.5342253889287466,adam,4.574709098996267e-05
64,0.10951868182431483,0.05202666657524825,relu,200,64,0.15,0.7,6,BAZ8i,100,0.5327453616107976,adam,0.01546734455498174
173,0.00798176314864394,0.07036697132556544,tanh,200,102,0.15,0.7,9,izN37,50,0.5253532965226684,SGD,0.010231048874092787
155,0.21183130745857265,0.06409050962575193,tanh,200,157,0.15,0.7,8,zti2Z,70,0.6389136617561533,adam,0.0026557101413630514
58,0.033351803702381166,0.05570196556424489,tanh,200,88,0.15,0.7,10,VIxHP,50,0.4560054373301249,adam,4.091323795623442e-06
162,0.04467078843854748,0.07965066229612083,elu,200,196,0.15,0.7,5,kvam6,5,0.5845956873404387,adam,0.0055216992059647215
80,0.06691684208019354,0.0893796331884206,tanh,200,143,0.15,0.7,7,EkV1r,70,0.4874937635218207,adam,0.2361948476068174
108,0.0928044135532916,0.0603210108475119,tanh,200,34,0.15,0.7,6,W1Ldi,50,0.4703149479492943,adam,0.08526826682628057
14,0.05572637345317086,0.044761141000792586,tanh,200,173,0.15,0.7,8,UTLkc,10,0.6518008789354026,adam,0.0004963316420749717
22,0.08145266856108613,0.03327545176820034,tanh,200,191,0.15,0.7,9,jUscd,10,0.6091991981647166,adam,0.00012740010149260732
14,0.07177762653156088,0.035269601999150545,tanh,200,186,0.15,0.7,9,ufMVz,10,0.4791616346554549,SGD,0.00023981413970693065
25,0.10787368480819652,0.037484954556924015,tanh,200,177,0.15,0.7,9,vuTsn,10,0.5901380528828561,adam,8.727881049721611e-05
10,0.1563829578813662,0.03017969124255282,tanh,200,171,0.15,0.7,8,CDeTI,10,0.5942490757948623,adam,0.00037021601911351246
32,0.05794549149479192,0.04192577938922011,tanh,200,183,0.15,0.7,10,wtj9b,10,0.5884980215605753,adam,7.758232497602714e-05
18,0.2873443650119656,0.044143418411744566,tanh,200,167,0.15,0.7,9,J5Tid,10,0.5953456634513214,adam,0.0019186898919564897
25,0.23077101359496655,0.03155508531437229,tanh,200,75,0.15,0.7,9,FWM3q,10,0.5882446418143339,adam,0.00016894208770632557
21,0.00031292957638556773,0.04735310104311015,tanh,200,192,0.15,0.7,8,uGMMT,10,0.5670590734574248,adam,0.0004881900770139588
36,0.023072603730560685,0.026923096847796455,tanh,200,197,0.15,0.7,3,a7rXX,10,0.5759871119352196,adam,2.6085543244764052e-05
15,0.13488098176125707,0.045016397850502696,tanh,200,69,0.15,0.7,8,U3sQl,10,0.4576745427616406,SGD,0.00010541141887951579
31,0.1017675661405819,0.03835694377667816,tanh,200,93,0.15,0.7,8,qQcKK,10,0.582550110817506,adam,0.00021455497892118296
26,0.03731671174051478,0.023937753297098303,tanh,200,175,0.15,0.7,10,xjEsh,10,0.6079189403030474,adam,0.0006778094672837474
13,0.0779245014207934,0.014241124102356152,tanh,200,189,0.15,0.7,9,gksqs,10,0.47837822379676515,adam,0.05594447178700645
10,0.05181438859329168,0.04069015286331377,tanh,200,57,0.15,0.7,9,TTuxZ,10,0.573441009565604,adam,0.000373524648693047
20,0.11843766381056463,0.048201668120036595,tanh,200,181,0.15,0.7,10,yJ1us,10,0.6020781689387263,adam,0.0008322649982243672
35,0.06229907174101039,0.05014118148622189,tanh,200,173,0.15,0.7,8,pGQeR,10,0.5041658487076272,adam,6.697156102358855e-06
41,0.25685179416905424,0.04365101801472225,tanh,200,106,0.15,0.7,8,y9enf,10,0.581176955521632,adam,6.46604689299838e-05
10,0.17469246031927743,0.04608787855244371,tanh,200,166,0.15,0.7,9,woHJc,10,0.47658292076653674,adam,0.03793973054760487
15,0.08973469940939013,0.05119982001441252,tanh,200,160,0.15,0.7,8,mEdkw,10,0.4588720588699847,SGD,9.468585734912863e-06
27,0.013802117898497973,0.03487190490823218,tanh,200,85,0.15,0.7,8,Kr7pW,10,0.6181866505223991,adam,0.0014007693342335517
43,0.02959846293029056,0.03321522007601138,tanh,200,195,0.15,0.7,9,ELOR3,10,0.5861868667860238,adam,0.000505476404700149
34,0.22169730754851263,0.053473795588107643,tanh,200,97,0.15,0.7,8,EPGGA,10,0.5074897145842379,adam,0.019638390296168446
21,0.14889542550802884,0.0366686720859499,tanh,200,178,0.15,0.7,9,Y1FlD,10,0.5435038550393301,adam,0.007467102449999739
39,0.03886219617049115,0.02247838706629423,tanh,200,154,0.15,0.7,8,LGssd,70,0.5645128184197743,adam,5.211637415684731e-05
17,0.19733634486445886,0.04239644931850642,tanh,200,199,0.15,0.7,10,YenAi,10,0.6040463940957368,adam,0.0002856069671675489
24,0.05391797187142669,0.017913837585022404,tanh,200,182,0.15,0.7,9,R0PWr,70,0.44757201178802736,SGD,0.003765028473047948
30,0.07440026766475226,0.04880022211749652,tanh,200,130,0.15,0.7,8,rEUMc,30,0.5711843047916343,adam,0.002770086111618758
191,0.10080250509723444,0.03943432462240077,tanh,200,117,0.15,0.7,9,AiD7R,100,0.5525860098303605,adam,0.0001320847018359401
49,0.34570059926116464,0.056442421864399774,tanh,200,81,0.15,0.7,8,GmaBD,70,0.6133693804860197,adam,0.012311575358242456
182,0.25061320266758075,0.045044795803451484,tanh,200,163,0.15,0.7,10,vG83A,5,0.5696201290063507,adam,0.0015670954958006853
11,0.021626796606892984,0.05451966603747203,tanh,200,200,0.15,0.7,8,tvUWT,70,0.5000298721023568,adam,0.028126081348718586
38,0.007153508725215509,0.051418414158228565,relu,200,169,0.15,0.7,9,X1PBk,10,0.536124081024339,adam,0.004238731195370282
44,0.33439882407907096,0.04651203200305092,tanh,200,146,0.15,0.7,8,ZakOK,70,0.6106008848234854,adam,0.002034381864698513
29,0.0810748205911287,0.057277201915659146,tanh,200,189,0.15,0.7,10,aNnmy,70,0.46501522076609214,SGD,1.9082896122649828e-05
20,0.06456285800401526,0.042046973884061305,tanh,200,134,0.15,0.7,8,wh5yj,30,0.6241069681259124,adam,0.0012048646049119668
50,1.2713891833132651e-05,0.05881610820244852,tanh,200,185,0.15,0.7,7,igLQ3,10,0.5932870966913268,adam,0.0006261512731377324
54,0.3156344316068903,0.04962411586174363,tanh,200,109,0.15,0.7,9,BFQUO,100,0.5687785037486648,adam,0.0061420388347471185
169,0.2708801819465853,0.053190819587165795,tanh,200,158,0.15,0.7,7,v21ym,70,0.5977947431304921,adam,0.00042141757341934504
32,0.045818458947221925,0.02882365914561426,tanh,200,175,0.15,0.7,8,CnGi9,5,0.5716006608740294,adam,0.0007898486744112356
37,0.08583159749585352,0.061154313499672604,relu,200,150,0.15,0.7,10,M1pJA,70,0.5537834639999024,adam,0.00019296160831404325
