optimizer,layer_1,train_frac,epochs,layer_2,intermediate,reward,batch_size,learning_rate,preweight,trialJobId,activation,regularization,dropout,test_frac
SGD,144,0.7,200,137,"[0.9370408163265307,0.9707059420522267]",0.9707059420522267,70,0.03442248474317049,9,RytW5,relu,0.022955535740713587,0.2713280948595737,0.15
SGD,165,0.7,200,127,"[0.9409183673469388,0.9713470190953768]",0.9713470190953768,50,0.03253687885728297,5,m2L0R,elu,0.038167122263011555,0.39162377857515973,0.15
adam,129,0.7,200,61,"[0.9575510204081633,0.9821961753893038]",0.9821961753893038,5,0.0002665017077756292,6,SrT7t,tanh,0.016241184428967548,0.3701964095257276,0.15
adam,123,0.7,200,15,"[0.9483673469387754,0.9617684493284573]",0.9617684493284573,100,0.00022229858632236577,8,LtXLI,elu,0.07242281564134857,0.2635815749737051,0.15
adam,40,0.7,200,85,"[0.9155102040816328,0.9758272030743157]",0.9758272030743157,5,0.01861586218612777,9,xUlIY,relu,0.07145870141196956,0.05804225423181904,0.15
SGD,152,0.7,200,15,"[0.9439795918367349,0.9784290925314577]",0.9784290925314577,30,0.018145987648307174,3,GPujX,elu,0.033647621177270784,0.30292938626966326,0.15
adam,84,0.7,200,179,"[0.9545918367346939,0.9830877314162361]",0.9830877314162361,50,0.0012433809877890596,3,g9jRr,tanh,0.026165694148102537,0.18290936790517,0.15
adam,137,0.7,200,11,"[0.5560204081632654,0.9491826345686125]",0.9491826345686125,100,0.029780373357478566,7,miDWz,elu,0.006547649547179857,0.05863858523922083,0.15
adam,26,0.7,200,151,"[0.9567346938775512,0.9809441030738174]",0.9809441030738174,100,0.0014552060369169286,4,CcKWh,elu,0.057618726642930176,0.022175746605284898,0.15
adam,103,0.7,200,114,"[0.9431632653061225,0.9509723699362478]",0.9509723699362478,10,1.7009353083977206e-06,10,ECt5m,tanh,0.06512068541730795,0.251264558310056,0.15
adam,179,0.7,200,50,"[0.9575510204081633,0.9823643907026044]",0.9823643907026044,70,0.01117634139199734,4,YF8zr,tanh,0.020357729979573115,0.2747668828522093,0.15
SGD,136,0.7,200,93,"[0.9142857142857143,0.928269429973969]",0.928269429973969,5,0.0001109815182981006,7,rJzNc,relu,0.03331559030794368,0.3645427631910702,0.15
SGD,39,0.7,200,53,"[0.9366326530612245,0.9493275019531768]",0.9493275019531768,10,9.250173910395186e-05,6,JpV4T,tanh,0.020273138917777635,0.07748529238693638,0.15
SGD,143,0.7,200,94,"[0.9193877551020406,0.9310866248885791]",0.9310866248885791,50,0.000851576925807607,9,AFOHi,relu,0.0788125351884101,0.1354077471370701,0.15
SGD,41,0.7,200,100,"[0.9231632653061224,0.9705355510405409]",0.9705355510405409,30,0.11534143308810949,3,nxn5s,relu,0.0619497784245578,0.23116192919779796,0.15
adam,165,0.7,200,105,"[0.9592857142857143,0.9771862612027391]",0.9771862612027391,50,0.0005287684887787149,8,RG6wu,tanh,0.07830118279276918,0.3559803449523449,0.15
SGD,95,0.7,200,115,"[0.9198979591836733,0.948851318949635]",0.948851318949635,5,7.876855374467848e-05,5,lGIBo,elu,0.020596117147482773,0.15140685115988717,0.15
adam,177,0.7,200,12,"[0.9268367346938776,0.9753865116062943]",0.9753865116062943,50,0.03198871253392891,4,DZjvo,elu,0.06048205591988666,0.20577956343845796,0.15
adam,92,0.7,200,30,"[0.9395918367346938,0.9836949345973556]",0.9836949345973556,30,0.022749897958520122,9,uyohl,tanh,0.09369112216733902,0.03699537670500535,0.15
adam,87,0.7,200,191,"[0.9227551020408165,0.9355176149089836]",0.9355176149089836,50,1.961423283329907e-05,8,tgsvV,relu,0.030467880686576257,0.08692901650981716,0.15
adam,69,0.7,200,171,"[0.5428061224489796,0.9451837874548931]",0.9451837874548931,30,0.3972196681239898,2,Wk13v,tanh,0.09627881838562534,0.133838337547416,0.15
adam,67,0.7,200,199,"[0.9551020408163267,0.9817396595665183]",0.9817396595665183,30,0.0031483770567212136,10,uTcFi,tanh,0.09982067750390723,0.0054474473490136455,0.15
adam,74,0.7,200,176,"[0.4536224489795919,0.9424828037064208]",0.9424828037064208,30,0.3259010247469776,2,fJNnz,tanh,0.045256523529321725,0.18192342820661025,0.15
adam,59,0.7,200,30,"[0.9677551020408164,0.982622899147694]",0.982622899147694,10,0.004190441396759632,3,WbGJH,tanh,0.0011004868558577609,0.10885066849011635,0.15
adam,115,0.7,200,77,"[0.9451020408163264,0.9549825434376402]",0.9549825434376402,30,1.8107324286203005e-05,5,rbxgp,tanh,0.09370019298613358,0.30991781320154926,0.15
adam,86,0.7,200,154,"[0.9564285714285713,0.9820006045247028]",0.9820006045247028,50,0.0048857354411572795,7,zWvkR,tanh,0.04947905285899552,0.176741972819318,0.15
adam,12,0.7,200,33,"[0.3706632653061225,0.9661185956610497]",0.9661185956610497,70,0.12018439955718896,2,rzysc,tanh,0.0060870437162556315,0.04002172149577424,0.15
adam,111,0.7,200,77,"[0.7216836734693878,0.9591498398251342]",0.9591498398251342,50,0.10991672041245064,6,G8qBO,tanh,0.08783989415234683,0.0014839066130974132,0.15
adam,53,0.7,200,137,"[0.9583673469387757,0.9804230130655119]",0.9804230130655119,70,0.007604661440488368,9,IkgFV,tanh,0.04256820629599673,0.21268761206170175,0.15
adam,82,0.7,200,183,"[0.9588775510204082,0.9879828872625108]",0.9879828872625108,30,0.0017387893897056234,10,ImE9q,tanh,0.010664298489612959,0.1007720796689214,0.15
adam,101,0.7,200,139,"[0.9395918367346938,0.9526138361244042]",0.9526138361244042,30,1.125669687441292e-06,10,fyOTR,tanh,0.01187665218342139,0.11547394230235111,0.15
adam,13,0.7,200,157,"[0.6846938775510204,0.9687340447576421]",0.9687340447576421,30,0.06712801238679328,10,qi4S7,tanh,0.08424371314155238,0.026523300559062768,0.15
SGD,51,0.7,200,30,"[0.7018367346938775,0.7129461937038887]",0.7129461937038887,30,1.8310434873551384e-05,9,xYH0P,tanh,0.0535224269654197,0.078246529216971,0.15
adam,197,0.7,200,70,"[0.9688775510204082,0.9819379919696558]",0.9819379919696558,30,0.002917672398960785,8,V9paw,relu,1.3928027068054252e-05,0.10282945371358661,0.15
adam,129,0.7,200,127,"[0.9580612244897958,0.9749029409173101]",0.9749029409173101,100,0.00034538403106597603,10,KJNoA,tanh,0.01335073545977028,0.050331651128881244,0.15
adam,79,0.7,200,123,"[0.9383673469387755,0.9838907648473494]",0.9838907648473494,30,0.011935653034303466,9,nyxaD,elu,0.06775828663047606,0.15004327385114577,0.15
SGD,78,0.7,200,165,"[0.9508163265306123,0.9747394775831901]",0.9747394775831901,5,0.0016788270407163198,8,BsHrx,elu,0.06885123336153626,0.1569494258628174,0.15
adam,23,0.7,200,188,"[0.9325510204081633,0.9507928312062063]",0.9507928312062063,30,6.784177140962802e-06,7,WUkpb,elu,0.040549624028055085,0.22800308686763032,0.15
adam,119,0.7,200,142,"[0.9260204081632655,0.9770705010419072]",0.9770705010419072,10,0.012047196919373504,9,ZFave,elu,0.07500426392506343,0.16432365914510158,0.15
adam,32,0.7,200,124,"[0.948469387755102,0.974204980944692]",0.974204980944692,100,0.00025405461376600707,10,GvVdK,elu,0.05482027581993033,0.13086774770651455,0.15
adam,59,0.7,200,185,"[0.9531632653061225,0.9755367274229176]",0.9755367274229176,70,4.340880358736904e-05,8,m33Hz,elu,0.06718268411028408,0.399248289480587,0.15
SGD,107,0.7,200,165,"[0.9489795918367345,0.979296268093286]",0.979296268093286,30,0.04984022625976867,10,mtvRN,elu,0.049226697350478035,0.3276961526934331,0.15
adam,153,0.7,200,199,"[0.9434693877551019,0.9792488704102812]",0.9792488704102812,5,0.0006101138092798035,9,uhACH,elu,0.08237942410583472,0.27927588773867246,0.15
adam,128,0.7,200,147,"[0.9475510204081632,0.9765610977552704]",0.9765610977552704,100,0.0017166062508652423,7,Uvyu4,elu,0.025419547854961835,0.25202238025960616,0.15
SGD,80,0.7,200,110,"[0.8817857142857143,0.9796841072864343]",0.9796841072864343,10,0.21645941846768035,5,HCvk7,relu,0.03389897033250113,0.06891518943246364,0.15
adam,100,0.7,200,122,"[0.9328571428571429,0.9835294830593057]",0.9835294830593057,30,0.008225779875365652,6,Y7BHi,elu,0.07234058962581333,0.19688333359185314,0.15
SGD,45,0.7,200,132,"[0.9133673469387755,0.9382004568177438]",0.9382004568177438,70,0.0008157428797230738,9,gmVAR,relu,0.0635833736971271,0.09324205820903814,0.15
adam,62,0.7,200,90,"[0.9209183673469388,0.9854632687460002]",0.9854632687460002,30,0.018446368654367374,8,rt7Pc,elu,0.08864736721428164,0.12747351716741984,0.15
adam,24,0.7,200,62,"[0.9323469387755102,0.937884824602978]",0.937884824602978,5,2.8042055483778783e-06,7,X72Dy,elu,0.007571157557878929,0.06402607059322646,0.15
SGD,65,0.7,200,89,"[0.9263265306122447,0.9636734815687008]",0.9636734815687008,100,0.04597306486999318,8,bGWhC,relu,0.08924575852069429,0.01431603863012712,0.15
adam,93,0.7,200,82,"[0.9356122448979592,0.9811064104074234]",0.9811064104074234,30,0.024976717818085855,8,ZgZca,elu,0.01818218585730952,0.1201313496023218,0.15
adam,33,0.7,200,48,"[0.9480612244897959,0.9714395356650366]",0.9714395356650366,10,0.00011205332899810706,6,aNy0x,relu,0.035353281861609916,0.23546586103211153,0.15
adam,47,0.7,200,96,"[0.9555102040816326,0.9824314446533616]",0.9824314446533616,30,0.00016432550328683923,10,tCiJx,elu,0.028728660259352536,0.16533084390540292,0.15
SGD,61,0.7,200,103,"[0.9549999999999998,0.9827426776889322]",0.9827426776889322,30,0.19557364615368691,5,dRsTV,tanh,0.09800088607352037,0.1424646693304374,0.15
adam,137,0.7,200,61,"[0.9492857142857142,0.9747081806659523]",0.9747081806659523,5,5.663378356036148e-05,7,ZxdZS,elu,0.046032561820746616,0.19091074991289947,0.15
adam,148,0.7,200,115,"[0.9478571428571427,0.9827365512892314]",0.9827365512892314,70,0.0021306248895720473,8,eU0Cs,relu,0.03767611273617207,0.2904390502736827,0.15
adam,73,0.7,200,43,"[0.959591836734694,0.9826491522034138]",0.9826491522034138,50,0.001159638670426236,7,zOvNO,tanh,0.058274120869550694,0.04708620788231314,0.15
adam,171,0.7,200,68,"[0.9635714285714286,0.9847277410588194]",0.9847277410588194,30,0.005672625757399573,10,BBNCi,tanh,0.0039749429548922265,0.21205151682491227,0.15
SGD,159,0.7,200,86,"[0.9215306122448979,0.9395484213723007]",0.9395484213723007,10,0.0005264170736172602,4,rEyWa,elu,0.07726972019529338,0.08571150398483723,0.15
adam,109,0.7,200,41,"[0.9640816326530611,0.9826431710668798]",0.9826431710668798,100,0.016037991480808558,9,D2t3y,tanh,0.023919209588921755,0.1735903063847579,0.15
adam,16,0.7,200,19,"[0.9533673469387753,0.9850395257730333]",0.9850395257730333,30,0.00044218033763937184,8,eALbM,elu,0.015273745377843845,0.12131113732916535,0.15
adam,54,0.7,200,22,"[0.43336734693877554,0.950971915112296]",0.950971915112296,50,0.49939798796223384,9,Vaxp2,tanh,0.08837819807177805,0.3789017778193402,0.15
SGD,96,0.7,200,148,"[0.9564285714285713,0.9817585543868077]",0.9817585543868077,30,0.08021658683998512,6,ZBkwv,relu,0.009223105152756468,0.09683088414489693,0.15
adam,37,0.7,200,54,"[0.9572448979591837,0.9817698512415756]",0.9817698512415756,70,0.0031644546534677722,10,egEZp,tanh,0.052737509659789995,0.030509090944636483,0.15
adam,90,0.7,200,109,"[0.9596938775510205,0.9828086255415581]",0.9828086255415581,5,0.01698702155057986,8,TKeoT,tanh,0.02870745230603039,0.012064774702018902,0.15
adam,10,0.7,200,20,"[0.9321428571428572,0.9531480501057823]",0.9531480501057823,30,3.8466946423397105e-05,8,u8UYV,elu,0.013571479716945287,0.11908321062798125,0.15
adam,19,0.7,200,193,"[0.9594897959183675,0.9853526925236793]",0.9853526925236793,30,0.0010836774975058604,7,IKID8,elu,0.0026186382099925316,0.130851250360841,0.15
adam,29,0.7,200,172,"[0.9579591836734693,0.9824597838209606]",0.9824597838209606,30,0.0001796593791083318,7,tvpLZ,elu,0.0025144234819230874,0.08208214956126358,0.15
adam,42,0.7,200,185,"[0.953265306122449,0.9846895542250558]",0.9846895542250558,30,0.001338949188114926,6,lBkIk,elu,0.018377706968024862,0.13393549470982158,0.15
adam,19,0.7,200,196,"[0.9318367346938775,0.9851040232071462]",0.9851040232071462,30,0.007197308089045865,7,RSg6z,elu,0.005045726416485968,0.10804992729142333,0.15
adam,70,0.7,200,178,"[0.9524489795918367,0.9866447645730512]",0.9866447645730512,30,0.002258884585765084,5,Udtax,elu,0.009467844433253207,0.14917713939622673,0.15
adam,69,0.7,200,163,"[0.9564795918367347,0.9841568612811213]",0.9841568612811213,30,0.00238948830748527,5,d6P9c,elu,0.00021643988255103976,0.18789760080321377,0.15
adam,85,0.7,200,177,"[0.9507142857142858,0.983747432599641]",0.983747432599641,30,0.004004115964779632,4,nVOti,elu,0.02188652398130457,0.07068587039508609,0.15
adam,115,0.7,200,157,"[0.9386734693877552,0.9866057238256687]",0.9866057238256687,30,0.036995345066894725,3,Ma287,elu,0.01044669267443082,0.14563367335090951,0.15
adam,121,0.7,200,158,"[0.9372448979591838,0.9863480227532818]",0.9863480227532818,10,0.03268216566515503,3,vJagO,elu,0.01041513760819822,0.15124268252920497,0.15
adam,191,0.7,200,182,"[0.6039285714285715,0.9455805233374315]",0.9455805233374315,50,0.19580705091141154,3,jRPv8,tanh,0.03149907670629702,0.2191221204826658,0.15
adam,134,0.7,200,168,"[0.9535714285714286,0.975010022983757]",0.975010022983757,100,0.00033653042403656674,4,K5y2d,elu,0.016083347235574315,0.23864491169893218,0.15
adam,102,0.7,200,159,"[0.9509183673469387,0.9826955604558565]",0.9826955604558565,30,0.0007566833888867299,2,bjyBz,elu,0.008580086557886725,0.05174380660230402,0.15
adam,117,0.7,200,153,"[0.9167346938775511,0.9442803317397646]",0.9442803317397646,30,1.053304475712548e-05,3,ZS0oR,relu,0.01841751781544088,0.26036622156973765,0.15
SGD,127,0.7,200,132,"[0.9576530612244898,0.9700733709150269]",0.9700733709150269,70,0.04683336913457429,2,OqMHk,tanh,0.025467979409260662,0.2042370306785666,0.15
adam,141,0.7,200,172,"[0.9247959183673469,0.9858300892279805]",0.9858300892279805,5,0.009756659495688175,5,E6jqG,elu,0.011696066598797253,0.16832236313671117,0.15
adam,112,0.7,200,144,"[0.4957142857142857,0.9431941395722244]",0.9431941395722244,30,0.2869900298862796,4,ZWYdF,tanh,0.022084926314462988,0.14280836217759396,0.15
adam,72,0.7,200,191,"[0.9236734693877551,0.9811092260170682]",0.9811092260170682,10,0.005925736109806267,3,zABay,elu,0.03874562778490539,0.09725647581515506,0.15
SGD,96,0.7,200,200,"[0.9374489795918368,0.9775659881736469]",0.9775659881736469,30,0.14329039641696462,3,KAQIV,relu,0.02799768385983293,0.15941166965044945,0.15
adam,105,0.7,200,181,"[0.9285204081632653,0.9805608499991143]",0.9805608499991143,100,0.08476652738190087,2,PEzCX,elu,0.043225840964469325,0.17986955292160195,0.15
adam,81,0.7,200,176,"[0.9683673469387756,0.9827577418791217]",0.9827577418791217,50,0.012847230181787942,5,D72Ao,tanh,0.006604342049911276,0.3205509093768783,0.15
adam,88,0.7,200,150,"[0.9337755102040817,0.9840785467153325]",0.9840785467153325,30,0.02429101728166475,4,Zv06N,elu,0.03636321073586389,0.1420230418437533,0.15
adam,125,0.7,200,136,"[0.9559183673469388,0.9728265147246496]",0.9728265147246496,70,0.00011822099347601478,2,zY3fA,tanh,0.014692125276333994,0.10987377522385894,0.15
SGD,56,0.7,200,162,"[0.9338775510204081,0.9566933622184024]",0.9566933622184024,30,0.003957201681752462,5,hKLyd,elu,0.019273923905138463,0.22217285452816907,0.15
adam,50,0.7,200,118,"[0.9383673469387755,0.9823643620058556]",0.9823643620058556,5,0.0003652455082152371,4,gnBZq,relu,0.011583839881947985,0.1911457721383369,0.15
adam,132,0.7,200,188,"[0.9592857142857143,0.9798690172034001]",0.9798690172034001,30,0.001907604329960443,4,SBhzD,tanh,0.03144282583251951,0.2420556863023122,0.15
adam,114,0.7,200,168,"[0.9473469387755102,0.9844773506084342]",0.9844773506084342,10,0.000982889505272364,6,bmF4c,elu,0.02332894877001202,0.05961525997639003,0.15
SGD,156,0.7,200,194,"[0.9230612244897959,0.9444411491784177]",0.9444411491784177,100,0.0026708412674904566,3,FyFgM,elu,0.00047302077756797983,0.08933225599829664,0.15
adam,187,0.7,200,141,"[0.951734693877551,0.9518783550662591]",0.9518783550662591,50,2.5419453834859763e-05,5,QR9Oo,tanh,0.016978900410565614,0.06995106794760905,0.15
adam,75,0.7,200,134,"[0.9224489795918368,0.9782978343523953]",0.9782978343523953,30,0.05990116660419806,6,kxozd,relu,0.02721355062699192,0.036550475046946834,0.15
adam,147,0.7,200,145,"[0.9524489795918367,0.9772873947986245]",0.9772873947986245,30,0.00027176101974173275,2,GLCbz,elu,0.047763796863041386,0.2719928033657665,0.15
adam,163,0.7,200,155,"[0.9581632653061224,0.9756020424095129]",0.9756020424095129,70,6.008104954347525e-05,5,bboN6,tanh,0.039947651493750444,0.020131232570403307,0.15
SGD,66,0.7,200,188,"[0.9454081632653061,0.9829338875272164]",0.9829338875272164,5,0.039367177421585055,3,mUYRn,elu,0.003146161793545069,0.10187936135632683,0.15
adam,84,0.7,200,197,"[0.961326530612245,0.9854050756775635]",0.9854050756775635,30,0.0006422107680256132,4,tRgKZ,tanh,0.007479463147756902,0.17369212006596252,0.15
adam,100,0.7,200,129,"[0.9541836734693877,0.9868411898362262]",0.9868411898362262,30,0.009592320867274726,5,WX3h2,elu,0.004833533652870576,0.3372954458950861,0.15
adam,97,0.7,200,126,"[0.9474489795918368,0.9866050775338266]",0.9866050775338266,10,0.0015216670028997826,6,GSDWD,relu,0.005427701325179017,0.3807170607964783,0.15
adam,36,0.7,200,112,"[0.9414285714285715,0.9810969252135736]",0.9810969252135736,100,0.008907398140577982,5,lJRrW,elu,0.020685631203253473,0.3488589255071035,0.15
SGD,92,0.7,200,96,"[0.9442857142857145,0.9496179620901222]",0.9496179620901222,30,0.00014678679579634572,6,Z1XGk,tanh,0.0015438787346264155,0.29038836261721607,0.15
adam,77,0.7,200,119,"[0.9544897959183674,0.9786415962886614]",0.9786415962886614,50,0.00020857014616157543,5,TgBd7,elu,0.03359249340114232,0.3262884679193445,0.15
adam,70,0.7,200,103,"[0.9545918367346939,0.9676087435707468]",0.9676087435707468,30,8.087434979585515e-05,4,UUjzy,elu,0.013317401451891147,0.34002773123705565,0.15
adam,44,0.7,200,78,"[0.9113265306122449,0.9341821206218321]",0.9341821206218321,70,3.2297371699366226e-06,6,JTEfM,tanh,0.02534116175954381,0.3052632484499993,0.15
adam,49,0.7,200,168,"[0.9435714285714285,0.9850852471349866]",0.9850852471349866,30,0.005371602085336226,5,wUrgQ,elu,0.03018234278403676,0.24773015500380985,0.15
SGD,57,0.7,200,132,"[0.9313265306122449,0.9740806174595253]",0.9740806174595253,5,0.0033938877033702977,7,KsTn5,relu,0.05670607131919822,0.36089068391873835,0.15
adam,107,0.7,200,180,"[0.9515306122448978,0.9856459903831825]",0.9856459903831825,30,0.014518607740135065,6,sG8gW,tanh,0.04338099139750351,0.1977482768682251,0.15
adam,63,0.7,200,129,"[0.9155102040816325,0.9840876000215196]",0.9840876000215196,10,0.020068329929864456,5,ADp9T,elu,0.05163724652839591,0.29371424999881124,0.15
adam,83,0.7,200,108,"[0.9561224489795919,0.9793981041914922]",0.9793981041914922,30,0.0005522567529222582,7,oC0zx,elu,0.005457338047081185,0.38861192472767403,0.15
adam,122,0.7,200,174,"[0.9615306122448979,0.9773836584372149]",0.9773836584372149,100,0.0008633691125456224,4,lSV6z,tanh,0.009974331074267219,0.25999200877701817,0.15
SGD,99,0.7,200,139,"[0.9122448979591835,0.941077586102373]",0.941077586102373,50,0.0013418323932454154,6,qFwj1,elu,0.013478557243101786,0.0029901466315344905,0.15
adam,109,0.7,200,183,"[0.9510204081632653,0.9757736798481215]",0.9757736798481215,30,0.00041915413383359235,5,mYrdv,relu,0.07020238919029852,0.20982634975097741,0.15
adam,89,0.7,200,160,"[0.9564285714285715,0.9818964892029098]",0.9818964892029098,70,0.007106944827354986,4,f2axr,tanh,0.060397636612696655,0.07622101689089011,0.15
adam,28,0.7,200,69,"[0.9416326530612243,0.9837917434762498]",0.9837917434762498,30,0.027769636390754495,6,pk0aK,elu,0.01680842838255077,0.15777941657772937,0.15
adam,103,0.7,200,98,"[0.9433673469387756,0.9886664136611328]",0.9886664136611328,5,0.002193129967283968,7,tPVox,elu,0.003805495253803623,0.2252428931749701,0.15
adam,140,0.7,200,84,"[0.9579591836734693,0.9900530167631946]",0.9900530167631946,5,0.0002886553229358798,9,ZuArk,tanh,0.0038486042683237385,0.27967756926488146,0.15
SGD,172,0.7,200,63,"[0.938673469387755,0.9524701433416661]",0.9524701433416661,5,3.180533292239317e-05,9,UeVkn,tanh,0.0023155875721352372,0.31393647001273817,0.15
adam,142,0.7,200,75,"[0.9518367346938776,0.9637697857986044]",0.9637697857986044,5,6.240747328416114e-06,10,arCJ4,tanh,0.0842788618020398,0.2965420842332151,0.15
adam,152,0.7,200,92,"[0.958469387755102,0.9773324818451827]",0.9773324818451827,5,1.5362210997996137e-05,9,xFFaW,tanh,0.007997040931908457,0.2277700403766468,0.15
adam,200,0.7,200,83,"[0.9597959183673469,0.9831132640005226]",0.9831132640005226,5,0.0002543825033273064,10,uInUq,tanh,0.06574326758270531,0.28271069697764767,0.15
adam,186,0.7,200,57,"[0.9540816326530612,0.9768922628967094]",0.9768922628967094,5,0.00013766937387887725,9,N1Ocz,tanh,0.00018253098677763592,0.2526533403775649,0.15
SGD,177,0.7,200,37,"[0.9341836734693876,0.9591512970083427]",0.9591512970083427,5,4.735911235748498e-05,9,wpFnM,tanh,2.986337565584517e-05,0.2677471094437732,0.15
adam,138,0.7,200,86,"[0.9581632653061225,0.9829843296857954]",0.9829843296857954,5,8.793675599011593e-05,10,GrwRT,tanh,0.07518360955291782,0.28181321210092447,0.15
adam,147,0.7,200,98,"[0.9582653061224491,0.9755271586656491]",0.9755271586656491,5,6.216333616527135e-05,8,OvxnP,tanh,0.020633078743886476,0.26329066835006554,0.15
adam,118,0.7,200,65,"[0.9408163265306122,0.9518735114069969]",0.9518735114069969,5,1.722467253828939e-06,8,leG9o,tanh,0.03539740748744808,0.21634901423348016,0.15
adam,165,0.7,200,26,"[0.958469387755102,0.9783414852575556]",0.9783414852575556,5,8.004009782219566e-06,10,IKQ54,tanh,0.02330654362054814,0.24518383095251495,0.15
SGD,131,0.7,200,49,"[0.9495918367346938,0.9631489756617289]",0.9631489756617289,5,0.0003137777044171534,10,KtiMe,tanh,0.014716442119335888,0.2304397585072992,0.15
adam,161,0.7,200,72,"[0.9571428571428571,0.9862891007156194]",0.9862891007156194,5,0.00048110952067799266,9,d9UuC,tanh,0.045906964670857385,0.3005417376757702,0.15
adam,170,0.7,200,45,"[0.9545918367346937,0.982979127332821]",0.982979127332821,5,0.0010845419942212642,8,h3E1g,tanh,0.012249864662412572,0.37290547174691524,0.15
adam,125,0.7,200,102,"[0.9544897959183674,0.978838635881063]",0.978838635881063,5,2.539752883205596e-05,9,cvCX0,relu,0.006479634590938476,0.1855915991966024,0.15
adam,112,0.7,200,119,"[0.9527551020408163,0.9851241514483282]",0.9851241514483282,5,0.004492432091391943,9,VIjok,tanh,0.09331926097549444,0.20183064879423607,0.15
SGD,183,0.7,200,54,"[0.9578571428571427,0.9700307419667598]",0.9700307419667598,5,0.0017579283242416795,8,sM5hp,tanh,0.03248654285698952,0.3162374356702366,0.15
adam,157,0.7,200,107,"[0.9489795918367347,0.9829493772715268]",0.9829493772715268,10,0.0007031912153979243,10,ChFgZ,relu,0.029672877700261068,0.3476686009252565,0.15
adam,140,0.7,200,88,"[0.9598979591836734,0.9738089007486096]",0.9738089007486096,100,0.00020651218859629635,7,QEMy5,tanh,0.02506356208578992,0.27548919596883004,0.15
adam,104,0.7,200,77,"[0.9609183673469388,0.9851593344092819]",0.9851593344092819,50,0.002648448961530811,8,uJmad,tanh,0.01728026729992655,0.32812515982744483,0.15
adam,193,0.7,200,58,"[0.9650000000000001,0.9882109469641296]",0.9882109469641296,5,0.006569427095503924,10,XMQSx,tanh,0.0037915032744998416,0.23723676185030232,0.15
adam,197,0.7,200,38,"[0.4107142857142857,0.9515119936231378]",0.9515119936231378,5,0.10597311117037866,9,oBwBo,tanh,0.0033380516968632055,0.3081763833970924,0.15
SGD,179,0.7,200,12,"[0.838469387755102,0.9839139976436139]",0.9839139976436139,5,0.15795268830380008,7,mOplZ,relu,0.04165156735016588,0.25454315642116465,0.15
adam,167,0.7,200,80,"[0.9691836734693877,0.9856416069505871]",0.9856416069505871,5,0.006897994876154416,10,Dj6K2,tanh,0.004272438112491912,0.22576314149887486,0.15
adam,193,0.7,200,33,"[0.5579081632653062,0.9303502573999254]",0.9303502573999254,5,0.3552014826886135,10,nR2Fv,tanh,0.037586282121782465,0.39723138222338367,0.15
adam,135,0.7,200,73,"[0.9573469387755102,0.9827904105148291]",0.9827904105148291,5,0.00011030416575384841,8,o02Eq,tanh,0.020517790282781015,0.23772425001106537,0.15
adam,173,0.7,200,93,"[0.6109183673469387,0.9502027982943566]",0.9502027982943566,5,0.06510306578795483,7,z7OIT,relu,0.0551860441641683,0.28677305482578686,0.15
SGD,153,0.7,200,67,"[0.9195918367346939,0.9278263262872157]",0.9278263262872157,5,1.4215359836168109e-05,9,SmLCH,tanh,0.009005333719095062,0.2711860654456884,0.15
adam,80,0.7,200,58,"[0.9657142857142859,0.9750447006806116]",0.9750447006806116,5,0.011674508833676303,10,pNqDB,tanh,0.011594528509219802,0.1716783100242361,0.15
adam,94,0.7,200,52,"[0.9636734693877551,0.9830962557152997]",0.9830962557152997,70,0.003501895141147609,10,lDElp,tanh,0.0014463512056893252,0.20851137911844242,0.15
adam,120,0.7,200,99,"[0.9626530612244897,0.9876206047955314]",0.9876206047955314,5,0.002096539014971902,10,SRLv3,tanh,0.015343871169973808,0.1951999335285733,0.15
adam,129,0.7,200,58,"[0.9541836734693877,0.9869225433884262]",0.9869225433884262,10,0.0011908112211098604,9,DDWLK,tanh,0.006760114202081663,0.2389231057046966,0.15
adam,74,0.7,200,115,"[0.9623469387755103,0.986475565710568]",0.986475565710568,5,0.005179443154321952,9,UYm4H,tanh,0.010339576670014441,0.21792710503433693,0.15
adam,145,0.7,200,83,"[0.9576530612244898,0.9777934773780659]",0.9777934773780659,100,0.0003826570058410083,10,lufaK,tanh,0.00826471971247877,0.17830462070480635,0.15
adam,87,0.7,200,47,"[0.957857142857143,0.9841188851556317]",0.9841188851556317,50,0.0007622888253270753,9,uqgma,tanh,0.017993861065701985,0.26431251445726817,0.15
adam,103,0.7,200,40,"[0.9620408163265306,0.9789603666780204]",0.9789603666780204,5,0.020430305515137675,10,TnDxz,tanh,0.026771464117158403,0.16448586339459934,0.15
adam,108,0.7,200,90,"[0.9596938775510203,0.9791402099098894]",0.9791402099098894,70,0.00016267286746610816,8,NZ06T,tanh,0.0045000557411523385,0.1843151153335359,0.15
adam,92,0.7,200,24,"[0.9645918367346938,0.9875448196165196]",0.9875448196165196,5,0.0015605271887072728,10,bj13V,tanh,0.0018378310161427983,0.23008941453062862,0.15
adam,149,0.7,200,111,"[0.9547959183673468,0.9838045180690476]",0.9838045180690476,5,0.0005701108417485251,9,hyvcq,tanh,0.021662199093936886,0.25865229242775206,0.15
adam,67,0.7,200,71,"[0.958469387755102,0.9873294643618558]",0.9873294643618558,10,0.0009204367078844073,10,wsyH8,tanh,0.013212253635838733,0.20630703514308243,0.15
adam,60,0.7,200,96,"[0.8724489795918368,0.9741844656105363]",0.9741844656105363,50,0.014735098370361781,9,tjsC4,tanh,0.0002960097006717982,0.24888809773709364,0.15
adam,115,0.7,200,17,"[0.9564285714285713,0.9796847133934843]",0.9796847133934843,100,0.0026543746484022257,8,yG6Eo,tanh,0.019132040053482204,0.12508232948865528,0.15
adam,54,0.7,200,123,"[0.9525510204081632,0.9837238222667523]",0.9837238222667523,5,0.004384038943407111,10,W0oHU,tanh,0.01547086375351876,0.13631846643915196,0.15
adam,125,0.7,200,106,"[0.9475510204081632,0.9835228987935727]",0.9835228987935727,70,0.00888079053102185,7,JMNLq,relu,0.0235316129912727,0.33427715318215684,0.15
adam,98,0.7,200,63,"[0.7980102040816326,0.956801687295059]",0.956801687295059,5,0.030496799760838682,8,okbfi,tanh,4.2215735577291746e-05,0.11391157993945558,0.15
adam,194,0.7,200,84,"[0.9357142857142857,0.9855836721648779]",0.9855836721648779,5,0.005967003853473438,10,lttdQ,elu,0.011193547968891817,0.32091704412584154,0.15
adam,77,0.7,200,80,"[0.9658163265306122,0.9843037635060504]",0.9843037635060504,5,0.00029293053220714235,9,GrKf0,tanh,0.0032110930530524773,0.28339160219052884,0.15
adam,189,0.7,200,33,"[0.9639795918367348,0.9866237378377253]",0.9866237378377253,10,0.0035971624576926955,9,XyLSl,tanh,0.0075082987437017565,0.3023993407185577,0.15
SGD,184,0.7,200,102,"[0.9219387755102042,0.9489501162269736]",0.9489501162269736,50,0.0004584204635298851,8,vDWrp,elu,0.005669596591072909,0.15637156855424475,0.15
adam,84,0.7,200,60,"[0.956938775510204,0.9822716127040501]",0.9822716127040501,5,6.784586737085004e-05,10,kyrsr,relu,0.009101109979394447,0.3525548851459095,0.15
adam,131,0.7,200,67,"[0.9562244897959182,0.9748441491049229]",0.9748441491049229,100,0.00022200911461799506,9,eADxt,tanh,0.08023725698793506,0.36618078949297694,0.15
adam,112,0.7,200,27,"[0.9513265306122449,0.9846487142132846]",0.9846487142132846,70,0.0017235738750455733,8,j1gPX,elu,0.015905961856123065,0.2226815608746699,0.15
adam,180,0.7,200,77,"[0.9593877551020409,0.984957856715676]",0.984957856715676,5,0.00011078513994717225,7,gXY77,tanh,0.013803115499861095,0.2720780264844936,0.15
adam,121,0.7,200,89,"[0.9581632653061224,0.982916838302627]",0.982916838302627,5,0.01142179435450847,7,OkqN0,tanh,0.0495845662206192,0.19354156214153428,0.15
SGD,64,0.7,200,54,"[0.9420408163265307,0.9828808029736527]",0.9828808029736527,10,0.047486901061096515,10,BLXur,elu,0.02807172699307065,0.24311666938339785,0.15
adam,90,0.7,200,116,"[0.9545918367346939,0.9851276518863962]",0.9851276518863962,5,0.002186242635085966,9,Xg5qy,tanh,0.03364493011455084,0.2930096524176639,0.15
adam,105,0.7,200,95,"[0.9260204081632653,0.9557693187259169]",0.9557693187259169,100,3.6012103312726294e-05,10,bYhwM,relu,0.019478878855436817,0.21263012027955774,0.15
adam,158,0.7,200,45,"[0.9625510204081632,0.981596534701181]",0.981596534701181,50,0.0012087040405740442,8,EjZGN,tanh,0.0033090257257766174,0.31085948373555794,0.15
adam,200,0.7,200,121,"[0.9391836734693879,0.9820098098050215]",0.9820098098050215,5,0.0009106401084537232,10,MKB0U,elu,0.06078266452175888,0.23156645103720816,0.15
SGD,135,0.7,200,74,"[0.9552040816326531,0.9862598434981654]",0.9862598434981654,5,0.01742757281408302,9,vRnli,tanh,0.010200986060421344,0.04161841886164867,0.15
adam,81,0.7,200,50,"[0.9558163265306122,0.9841666493131502]",0.9841666493131502,70,0.0064954323634618515,7,VTnJI,elu,0.0003837274681630122,0.2573882314652001,0.15
adam,71,0.7,200,105,"[0.9555102040816326,0.9830761903642905]",0.9830761903642905,5,0.0006331106723928318,9,KzVUX,tanh,0.024506155257796695,0.20020403917208437,0.15
adam,176,0.7,200,110,"[0.9577551020408164,0.9844966575665677]",0.9844966575665677,5,4.746750618601951e-05,8,mOauN,tanh,0.006520628515393136,0.27843758387469864,0.15
adam,47,0.7,200,92,"[0.9438775510204082,0.983873093307768]",0.983873093307768,10,0.0029769484216196594,10,r6tjr,relu,0.031102051058427505,0.1874674967331574,0.15
adam,143,0.7,200,43,"[0.9512244897959183,0.9803127365701563]",0.9803127365701563,100,0.0014819554439625853,9,vVfTm,elu,0.02129445499782071,0.010705848087645908,0.15
SGD,167,0.7,200,125,"[0.6325510204081634,0.6301673483497416]",0.6301673483497416,5,5.010637947788441e-06,6,DT6F2,tanh,0.012376925110257883,0.25003687165049787,0.15
adam,102,0.7,200,101,"[0.9630612244897959,0.9867973503610494]",0.9867973503610494,50,0.023434592241078345,10,QWuYk,tanh,0.0042289540956540386,0.054222996903129886,0.15
adam,151,0.7,200,80,"[0.9486734693877551,0.9811184324209539]",0.9811184324209539,30,0.00017385547677316852,8,l42wg,elu,0.09976836613536498,0.1363967637979019,0.15
adam,38,0.7,200,87,"[0.5352040816326531,0.9536317319387301]",0.9536317319387301,5,0.08264707259264173,9,b0Q0b,tanh,0.0017698599549209443,0.21848307581183443,0.15
adam,118,0.7,200,151,"[0.9569387755102042,0.9817077992097938]",0.9817077992097938,70,0.004827389216163035,10,qT0zv,tanh,0.06370191666690311,0.02662005786508316,0.15
adam,108,0.7,200,69,"[0.9396938775510204,0.9806232100212702]",0.9806232100212702,5,0.00035644846939638834,7,r2d1l,relu,0.026260871653704578,0.15030747863412136,0.15
SGD,139,0.7,200,64,"[0.9410204081632653,0.9667611480693935]",0.9667611480693935,30,0.008111042499514456,8,YS9oI,elu,0.0139002646088251,0.3431456664212821,0.15
adam,97,0.7,200,98,"[0.9535714285714285,0.982155178205911]",0.982155178205911,5,0.0004882325963578253,9,s7zYm,tanh,0.017422355917811543,0.23622107688122967,0.15
adam,161,0.7,200,37,"[0.9591836734693878,0.9831847616932148]",0.9831847616932148,10,8.294303869370779e-05,10,EU29w,tanh,0.04397861351653992,0.17794787765422837,0.15
adam,87,0.7,200,129,"[0.9258163265306122,0.947986458595533]",0.947986458595533,100,2.3503827372379317e-05,7,bJm3b,elu,0.0075690456226567265,0.3229558238656582,0.15
adam,76,0.7,200,56,"[0.959591836734694,0.9749019370149611]",0.9749019370149611,50,0.0002533097955548022,6,XNtYm,tanh,0.09105321264120722,0.3323747283052796,0.15
adam,126,0.7,200,137,"[0.9558163265306122,0.9877456680426446]",0.9877456680426446,5,0.002245781819205672,9,BPlcv,tanh,0.02238740995838392,0.29855644251394237,0.15
SGD,94,0.7,200,114,"[0.9131632653061225,0.9412096881631072]",0.9412096881631072,30,0.0008054157521472799,8,fGLtl,relu,0.04042039768249884,0.0898596900314766,0.15
adam,51,0.7,200,32,"[0.9266326530612246,0.9463822550647709]",0.9463822550647709,5,1.003671424874353e-06,10,zYoDP,elu,0.011117259927763593,0.16460790416726373,0.15
adam,61,0.7,200,85,"[0.9675510204081632,0.9771669015566264]",0.9771669015566264,70,0.034283503013065514,10,sVgRH,tanh,0.009219329484683986,0.35880155464441854,0.15
adam,154,0.7,200,74,"[0.9563265306122448,0.9827596113837951]",0.9827596113837951,5,0.013818412178285569,9,BuuKw,tanh,0.029731988176510765,0.26621319161944185,0.15
adam,111,0.7,200,60,"[0.9595918367346938,0.9802103158510697]",0.9802103158510697,30,0.0001286899457466743,7,GC5kB,elu,0.03624368767595276,0.28859511539675087,0.15
adam,33,0.7,200,13,"[0.9664285714285714,0.9850337144150053]",0.9850337144150053,5,0.0011143659077694772,8,hvDGk,tanh,0.005749073999846775,0.20734771934557472,0.15
SGD,66,0.7,200,147,"[0.95,0.9603575109691077]",0.9603575109691077,100,0.0030140743556701715,10,k1thB,tanh,0.0165401437823278,0.24677817272456581,0.15
adam,115,0.7,200,49,"[0.908469387755102,0.9780709762465545]",0.9780709762465545,10,0.05594556882335212,9,AkC6X,relu,0.01897559595603379,0.08051647150722169,0.15
adam,145,0.7,200,66,"[0.9431632653061225,0.9496888689483868]",0.9496888689483868,30,1.0722280046465687e-05,6,iQty6,elu,0.001733109188450383,0.06327353432428984,0.15
adam,123,0.7,200,71,"[0.9591836734693878,0.9824847594285501]",0.9824847594285501,50,0.0006375200518825556,10,KoJsL,tanh,0.051240384734102085,0.2747492351341417,0.15
adam,197,0.7,200,93,"[0.8590306122448979,0.9812591394311594]",0.9812591394311594,5,0.010736040475581748,9,fw32S,tanh,0.00017857574391373773,0.12386247914632517,0.15
adam,82,0.7,200,81,"[0.9462244897959182,0.9846652782542922]",0.9846652782542922,5,0.0018685745628752488,8,JxKjR,elu,0.004137500261835317,0.09924292030416944,0.15
SGD,132,0.7,200,108,"[0.9468367346938775,0.9624993427180776]",0.9624993427180776,70,0.004162089764566695,7,EEiia,tanh,0.0473751733863327,0.17092031766660992,0.15
adam,41,0.7,200,77,"[0.9559183673469388,0.983685470603554]",0.983685470603554,30,0.0014773788537458309,10,QZMhR,tanh,0.014377922923895439,0.10849690362043865,0.15
adam,21,0.7,200,113,"[0.5,0.8130855831440538]",0.8130855831440538,5,0.2682999396108035,8,taNdH,relu,0.07509198599872777,0.2273690176352135,0.15
adam,56,0.7,200,118,"[0.9556122448979592,0.9808830706468633]",0.9808830706468633,5,0.000423289523870168,9,Agddk,elu,0.012618677765111209,0.3120173351394613,0.15
adam,99,0.7,200,28,"[0.6907142857142857,0.9511141218095961]",0.9511141218095961,10,0.11747642507966755,10,oi4qw,tanh,0.08628791249355935,0.38780335858381587,0.15
adam,91,0.7,200,98,"[0.9575510204081633,0.9737066073666452]",0.9737066073666452,100,0.00018429757549783462,6,O4SSf,tanh,0.05838929268953035,0.19781075386284577,0.15
SGD,69,0.7,200,52,"[0.9139795918367346,0.9382862092317072]",0.9382862092317072,30,0.0003114287986580577,9,oX01Z,elu,0.008048757143512764,0.2147041364476198,0.15
adam,14,0.7,200,143,"[0.9591836734693878,0.9857019041340402]",0.9857019041340402,5,0.006585085934483785,10,kdLlO,tanh,0.02736049007420182,0.14329188798546516,0.15
adam,86,0.7,200,134,"[0.9639795918367347,0.9809242844303441]",0.9809242844303441,5,0.01878565231186306,8,y7ute,tanh,0.024178764475636275,0.2564781781808859,0.15
adam,174,0.7,200,22,"[0.9625510204081632,0.9841039177294029]",0.9841039177294029,50,0.0009509874414376223,7,X0JQa,relu,5.4640008005825934e-05,0.2404475890565991,0.15
adam,181,0.7,200,104,"[0.9485714285714286,0.9763900252553158]",0.9763900252553158,30,0.026801160018827132,9,HcEri,elu,0.020250493531548105,0.30311907366457896,0.15
adam,169,0.7,200,63,"[0.9572448979591837,0.9793019467872192]",0.9793019467872192,70,9.65932693832809e-05,10,FoITn,tanh,0.03444969514332305,0.1586988621396396,0.15
adam,163,0.7,200,85,"[0.655,0.9756292935312161]",0.9756292935312161,5,0.04021485096762254,7,f9NEe,tanh,0.038644029914362915,0.2795430499704802,0.15
SGD,189,0.7,200,89,"[0.9176530612244898,0.9375885447032966]",0.9375885447032966,5,3.256968108593245e-05,8,dZHH7,elu,0.07032013348451246,0.18800884630242887,0.15
adam,137,0.7,200,56,"[0.9626530612244899,0.98912008172352]",0.98912008172352,10,0.005160646307482184,9,KQ9JQ,tanh,0.01636877504751473,0.26583564793898806,0.15
adam,156,0.7,200,40,"[0.5505102040816328,0.9513755094341703]",0.9513755094341703,10,0.09181400191001145,8,NXftv,tanh,0.016226845983486376,0.3737230830240702,0.15
adam,136,0.7,200,47,"[0.9541836734693877,0.9811382860397181]",0.9811382860397181,10,0.007998203676180378,8,ddb7m,tanh,0.03246252426831839,0.26403666105499407,0.15
adam,145,0.7,200,35,"[0.9342857142857144,0.983828972179764]",0.983828972179764,10,0.003403695363779149,9,OVg5F,relu,0.005864046484398481,0.2866559411097909,0.15
adam,151,0.7,200,10,"[0.5,0.700280641403722]",0.700280641403722,10,0.17821195696085199,6,OHXDf,elu,0.0026565709562735252,0.3163338638529978,0.15
SGD,142,0.7,200,18,"[0.960204081632653,0.9777870071510059]",0.9777870071510059,10,0.005259587084213819,7,vBWFH,tanh,0.010235165681150946,0.33943226314137975,0.15
adam,139,0.7,200,56,"[0.9587755102040816,0.9866368577993219]",0.9866368577993219,10,0.002371681163123951,9,EHzek,tanh,0.02257943941882186,0.2953559002995752,0.15
adam,149,0.7,200,66,"[0.9443877551020406,0.9891558674867962]",0.9891558674867962,10,0.003923742794741547,7,XE49A,elu,0.018125820095953236,0.23462999277596444,0.15
adam,129,0.7,200,69,"[0.5040816326530612,0.6836026494385223]",0.6836026494385223,10,0.48963894409041236,6,FZxvs,elu,0.030096060057210657,0.2748358665411823,0.15
adam,147,0.7,200,60,"[0.9341836734693878,0.9795536244021787]",0.9795536244021787,10,0.010314672020638155,7,OEE2l,elu,0.04184573584011673,0.2538097315479946,0.15
adam,159,0.7,200,42,"[0.9295918367346937,0.9506791885059105]",0.9506791885059105,10,1.5146447807137312e-06,6,W21Km,elu,0.037616432252905965,0.2684857503367008,0.15
adam,166,0.7,200,76,"[0.9535714285714285,0.9832921477834387]",0.9832921477834387,10,0.0006210892155005546,7,WPvRx,elu,0.026081906371669517,0.3314210868044436,0.15
SGD,134,0.7,200,93,"[0.9492857142857144,0.986720856794135]",0.986720856794135,10,0.012632135312404561,6,uOnQy,elu,0.017832984859203968,0.20213073803063353,0.15
adam,120,0.7,200,83,"[0.9315306122448979,0.9849206436199603]",0.9849206436199603,10,0.0038882550324341658,5,qrOSj,elu,0.020318214372365584,0.22372544546113862,0.15
adam,125,0.7,200,73,"[0.9409183673469386,0.9848186888034579]",0.9848186888034579,10,0.0012540013443248835,7,U8TUQ,elu,0.055195979452973234,0.23410104765320283,0.15
adam,149,0.7,200,46,"[0.9543877551020408,0.9852743544069558]",0.9852743544069558,10,0.00025480153677808864,7,ZXo7k,elu,0.04562603922726451,0.3196023124519138,0.15
adam,137,0.7,200,52,"[0.9436734693877551,0.9827164492688304]",0.9827164492688304,10,0.016228388103355543,5,b84X2,elu,0.02855712429814885,0.3532484512931363,0.15
adam,117,0.7,200,65,"[0.9628571428571429,0.9822279558008435]",0.9822279558008435,10,4.708635658974991e-05,7,E8dPy,elu,0.0147434951353086,0.2432961223488684,0.15
SGD,153,0.7,200,100,"[0.9358163265306121,0.9810604437138932]",0.9810604437138932,10,0.0603669214134514,6,qfxEY,elu,0.032511746393979336,0.21171988005770204,0.15
adam,131,0.7,200,79,"[0.9429591836734692,0.980866686907631]",0.980866686907631,10,0.002661433735371751,8,O7cqr,elu,0.024207003801723408,0.3065663785655503,0.15
adam,162,0.7,200,87,"[0.9587755102040816,0.9810174978349455]",0.9810174978349455,10,7.044505816206943e-05,7,UXCgy,elu,0.03563842367081214,0.2593172664289258,0.15
adam,142,0.7,200,71,"[0.9455102040816324,0.9802019129243422]",0.9802019129243422,10,0.02218158816576105,6,HHCam,elu,0.01154505900325982,0.2876212918224287,0.15
adam,105,0.7,200,28,"[0.9520408163265305,0.9758381528815635]",0.9758381528815635,10,0.00014272768679838332,8,Dgkg5,elu,0.019038624008589154,0.29719839809951576,0.15
adam,127,0.7,200,96,"[0.9543877551020408,0.9833984251891872]",0.9833984251891872,10,0.0007784028356158821,7,o8957,elu,0.025936473122609764,0.22608104951295366,0.15
SGD,111,0.7,200,121,"[0.929795918367347,0.9595942400491676]",0.9595942400491676,10,0.0016038649876930463,5,JKq89,elu,0.02195345465964563,0.24784645078564754,0.15
adam,176,0.7,200,106,"[0.9509183673469387,0.9816877587563846]",0.9816877587563846,10,0.00042413392958827104,6,NgszI,elu,0.04824813971529328,0.176581454075092,0.15
adam,123,0.7,200,37,"[0.8833673469387755,0.9769986109833866]",0.9769986109833866,100,0.03535534046746524,8,NgVyI,relu,0.009036786794921403,0.36616313396153977,0.15
adam,170,0.7,200,31,"[0.943061224489796,0.9796507416631611]",0.9796507416631611,50,0.005115986899068114,8,tks4U,elu,0.016956815244761652,0.32476360823779293,0.15
adam,115,0.7,200,62,"[0.9357142857142856,0.9770123063907746]",0.9770123063907746,10,0.002023822411248314,7,dMZCH,elu,0.06620468047067932,0.2800501631696251,0.15
adam,156,0.7,200,55,"[0.9315306122448981,0.9818740240798534]",0.9818740240798534,10,0.00862929330990767,8,pTxP2,elu,0.04012137932852655,0.2645686316584557,0.15
SGD,133,0.7,200,67,"[0.8873469387755103,0.9033350898315679]",0.9033350898315679,70,0.00020944823138315175,6,vUGlL,relu,0.05297563778612522,0.21664622291217506,0.15
adam,128,0.7,200,89,"[0.9279591836734692,0.9449085347952924]",0.9449085347952924,100,1.6736774890994e-05,7,gvZFR,elu,0.02832436820486993,0.19244906233982528,0.15
adam,165,0.7,200,111,"[0.9605102040816325,0.982447444137781]",0.982447444137781,50,0.0005245471458149887,8,brLsY,elu,0.013468620347399186,0.39925906885212487,0.15
adam,150,0.7,200,78,"[0.9416326530612246,0.9817761293571159]",0.9817761293571159,10,0.0011751733383365244,5,ktczy,elu,0.07300360800127498,0.2046509062724734,0.15
adam,141,0.7,200,22,"[0.9384693877551019,0.9827588670887515]",0.9827588670887515,70,0.0030136791313268552,7,MG0we,relu,0.09623075086117686,0.34095084911695617,0.15
adam,185,0.7,200,42,"[0.9522448979591838,0.9837828735928872]",0.9837828735928872,10,0.000337897526412348,8,CO5zL,elu,0.0062004847822029405,0.18288962662443392,0.15
SGD,120,0.7,200,15,"[0.646938775510204,0.6478285153707898]",0.6478285153707898,10,4.514527809474591e-06,6,yXnqD,elu,0.012492894824161162,0.23573032384293935,0.15
adam,194,0.7,200,58,"[0.9668367346938777,0.9861363670991178]",0.9861363670991178,5,0.004194816524672466,9,OUxtA,tanh,0.004435854140895911,0.25311080650878404,0.15
adam,183,0.7,200,51,"[0.9676530612244898,0.9857107404722679]",0.9857107404722679,5,0.007735473605505913,9,cFXRB,tanh,0.008331591758035033,0.23586186229740472,0.15
adam,102,0.7,200,83,"[0.9701020408163264,0.9813794716601822]",0.9813794716601822,5,0.012612141903329953,9,UeZG4,tanh,0.001641498225451313,0.2709723547568426,0.15
adam,200,0.7,200,73,"[0.9640816326530611,0.985753371222126]",0.985753371222126,5,0.006085610551621236,9,uHLrY,tanh,0.007251731429016752,0.22482935974956075,0.15
adam,174,0.7,200,45,"[0.5130102040816326,0.9581426700424054]",0.9581426700424054,5,0.02909583996925551,10,WWegE,tanh,0.0002790663209415369,0.24428794249890085,0.15
adam,108,0.7,200,58,"[0.9687755102040816,0.9828133884316564]",0.9828133884316564,5,0.0009641821775990547,8,lIOzL,tanh,0.0026551093033202328,0.28951930762620526,0.15
adam,160,0.7,200,66,"[0.9589795918367348,0.9818576111169535]",0.9818576111169535,5,0.017369286345060537,9,tEImd,tanh,0.015402838173216454,0.21629860284862923,0.15
adam,179,0.7,200,49,"[0.963469387755102,0.9845878393011624]",0.9845878393011624,5,0.0021354838699444868,10,AUZQm,tanh,0.010036072161004769,0.30989690315326507,0.15
adam,138,0.7,200,61,"[0.5748979591836736,0.954220825003867]",0.954220825003867,5,0.04673591115106681,10,dwu0L,tanh,0.005235662030645636,0.19973187373642334,0.15
adam,192,0.7,200,91,"[0.9583673469387755,0.9797144507431769]",0.9797144507431769,100,0.0033019665283937614,8,WsjM1,tanh,0.012213207329720064,0.25871735400810797,0.15
adam,144,0.7,200,69,"[0.9464285714285715,0.9728796411133223]",0.9728796411133223,50,0.006395997422328143,9,rFP1Y,tanh,0.00011635893570406631,0.23034121259712725,0.15
adam,148,0.7,200,80,"[0.9561224489795919,0.9840339106758291]",0.9840339106758291,5,0.0016797639301773676,8,Qp6uI,tanh,0.014773119460600385,0.27044635749015344,0.15
adam,115,0.7,200,74,"[0.9586734693877551,0.9829969722912985]",0.9829969722912985,10,0.00962877078567351,7,Oi8Ma,tanh,0.01909853113324746,0.2829458360264572,0.15
adam,155,0.7,200,101,"[0.9558163265306122,0.9838757459321881]",0.9838757459321881,70,0.004613277734612388,9,zZoM3,tanh,0.0040901276326128656,0.30114038967465934,0.15
adam,169,0.7,200,35,"[0.9453061224489796,0.983148952808274]",0.983148952808274,5,0.0007701271023670509,10,Z72fB,relu,0.007644681064263725,0.2481229262442512,0.15
adam,188,0.7,200,56,"[0.941530612244898,0.9749360469563124]",0.9749360469563124,10,0.02305268913932233,10,RptZz,elu,0.010706901912460213,0.22147878392440318,0.15
adam,164,0.7,200,95,"[0.9579591836734694,0.9832556248877724]",0.9832556248877724,5,0.001282365765279874,9,EGbUR,tanh,0.02235556579062868,0.21001901189643768,0.15
adam,123,0.7,200,86,"[0.6352040816326531,0.9751222667876253]",0.9751222667876253,5,0.07573848214218658,8,Ks1Bf,elu,0.016628768855732792,0.19232929307080252,0.15
adam,95,0.7,200,42,"[0.9657142857142856,0.9870218388934122]",0.9870218388934122,10,0.002835648268888229,7,n43UT,tanh,0.006464818127638864,0.16884760155449885,0.15
adam,135,0.7,200,64,"[0.9661224489795917,0.9866640007759113]",0.9866640007759113,100,0.010693747885513446,9,RQoze,tanh,0.0029071504303564764,0.24058841957253832,0.15
adam,112,0.7,200,53,"[0.938469387755102,0.9786429362711223]",0.9786429362711223,50,0.016740352347188237,7,C7fS3,elu,0.020917785589976798,0.2639722067903237,0.15
adam,131,0.7,200,76,"[0.9485714285714284,0.9836483606514455]",0.9836483606514455,5,0.002350376910720159,6,KK1oE,tanh,0.03089183085163444,0.27905507994006795,0.15
adam,171,0.7,200,69,"[0.8206122448979591,0.9652727493826372]",0.9652727493826372,10,0.1336320204773294,10,nw2R8,elu,0.018103877876210674,0.25619852332568993,0.15
adam,105,0.7,200,25,"[0.951530612244898,0.9787837130582382]",0.9787837130582382,70,0.0005608748382594073,4,EwPnD,relu,0.024309065690601723,0.29443262783940205,0.15
adam,159,0.7,200,82,"[0.9531632653061225,0.9803172322281298]",0.9803172322281298,5,0.005000998931856042,8,VhZWD,tanh,0.009225431902246064,0.18395381488387708,0.15
adam,120,0.7,200,38,"[0.9386734693877552,0.9847295590422764]",0.9847295590422764,10,0.0072272185895946705,9,a1Ng7,elu,0.01330590956813632,0.23237132741917482,0.15
adam,145,0.7,200,49,"[0.9625510204081632,0.986168651838409]",0.986168651838409,5,0.0014606356771092379,8,JVVtc,tanh,0.0021720206505582117,0.20664393759177896,0.15
adam,153,0.7,200,30,"[0.9461224489795917,0.9883319749964725]",0.9883319749964725,10,0.003539373939856079,10,xbVUA,elu,0.011191971994351754,0.1561894275556843,0.15
SGD,156,0.7,200,21,"[0.928673469387755,0.9622943435668342]",0.9622943435668342,10,0.0010809674013373346,9,soQYt,elu,0.026919184190628283,0.12950824427614005,0.15
adam,150,0.7,200,31,"[0.9392857142857144,0.9867860827296964]",0.9867860827296964,10,0.0037714745778917092,6,M6gsQ,elu,0.02291330779612577,0.1629656374188826,0.15
adam,139,0.7,200,25,"[0.9412244897959183,0.9850985395763188]",0.9850985395763188,10,0.0007634224805448255,7,c6lKk,elu,0.03462010669918329,0.15382945775089218,0.15
adam,152,0.7,200,19,"[0.9461224489795917,0.9829633533414107]",0.9829633533414107,10,0.0002586026795383774,10,dP6bM,elu,0.011502175204251404,0.1400076537941416,0.15
adam,128,0.7,200,16,"[0.950612244897959,0.9821415328609808]",0.9821415328609808,10,0.0005179396055846643,8,l9Wam,elu,0.015675468327166275,0.17121744389693785,0.15
adam,142,0.7,200,13,"[0.9413265306122449,0.9817158320560315]",0.9817158320560315,10,0.00182550661330126,7,F4dQM,elu,0.02014460546528227,0.11476355857232574,0.15
adam,161,0.7,200,46,"[0.9479591836734695,0.9808564568097505]",0.9808564568097505,10,0.0003670191326333537,5,NkoJm,elu,0.02898032322677241,0.15080213149989619,0.15
SGD,137,0.7,200,40,"[0.9464285714285715,0.9847459983410083]",0.9847459983410083,10,0.013440336297033265,10,QkrnM,elu,0.014078899404844915,0.183047669707822,0.15
adam,146,0.7,200,104,"[0.9532653061224489,0.9828699284268044]",0.9828699284268044,10,0.00014583890501583354,9,dhuIM,elu,0.017852598015374185,0.14631399318171737,0.15
adam,134,0.7,200,35,"[0.9400000000000001,0.9850961672727049]",0.9850961672727049,10,0.0009658768514889369,6,jhDu1,elu,0.025617028837930753,0.19494787822211485,0.15
adam,167,0.7,200,30,"[0.9541836734693877,0.9785907295986149]",0.9785907295986149,10,0.00010215685689335958,8,aH74v,elu,0.07972899753220625,0.1774464956816948,0.15
adam,174,0.7,200,116,"[0.9528571428571428,0.9864995686714529]",0.9864995686714529,10,0.0026101257092369648,10,rEKWi,elu,2.1782947039348122e-05,0.13614344132808598,0.15
adam,126,0.7,200,126,"[0.9495918367346938,0.9866269624315531]",0.9866269624315531,10,0.004097930387398911,7,gw0oz,elu,0.005168940712264602,0.2199300952791189,0.15
adam,154,0.7,200,90,"[0.9473469387755102,0.9848896418444936]",0.9848896418444936,10,0.0006659233324231825,9,oIpqp,elu,0.009339746321284058,0.3287330915724443,0.15
SGD,99,0.7,200,60,"[0.9401020408163265,0.97097045467695]",0.97097045467695,100,0.009120316231332365,8,uO18j,elu,0.010839669685113577,0.12258074285904613,0.15
adam,130,0.7,200,98,"[0.9592857142857142,0.9869147012505783]",0.9869147012505783,50,0.0019041389602860817,9,sCMyL,elu,0.007403362494123165,0.16073669394313028,0.15
adam,116,0.7,200,108,"[0.930204081632653,0.9718400432700184]",0.9718400432700184,10,0.027079709320792785,7,lgNY8,elu,0.03139029236965855,0.31522576624524823,0.15
adam,109,0.7,200,52,"[0.9550000000000001,0.9816178998052836]",0.9816178998052836,70,0.0003032323178382881,10,BFC3x,elu,0.03729693131371718,0.34954652256630975,0.15
adam,178,0.7,200,72,"[0.9441836734693878,0.9865266897915322]",0.9865266897915322,10,0.0014330537864512911,6,E4GLh,elu,0.04423343708411229,0.1061495762438042,0.15
adam,148,0.7,200,65,"[0.9540816326530612,0.9786030499169879]",0.9786030499169879,10,0.0002064457686682826,4,CP7Fc,elu,0.021918871576187788,0.3065648732030549,0.15
adam,122,0.7,200,44,"[0.9460204081632652,0.9802776029399694]",0.9802776029399694,10,0.003271046427064126,5,LTozz,relu,0.024249391536862716,0.25060638337074065,0.15
SGD,164,0.7,200,93,"[0.9228571428571429,0.9641625002301831]",0.9641625002301831,100,0.005456762101492847,8,JYrjC,elu,2.490257226123692e-05,0.2742116655318575,0.15
adam,159,0.7,200,28,"[0.797142857142857,0.9550065293510391]",0.9550065293510391,50,0.03746235228977775,9,NEpgN,elu,0.015888441602432912,0.21261660687183065,0.15
adam,142,0.7,200,78,"[0.9328571428571427,0.9789458133990412]",0.9789458133990412,10,0.014495741923095046,10,H9ODt,elu,0.06266015485728318,0.19987814289215725,0.15
adam,133,0.7,200,83,"[0.951938775510204,0.9873037198563412]",0.9873037198563412,70,0.002436915313715376,7,ze4jV,elu,0.019573071337056578,0.09408179075782308,0.15
adam,151,0.7,200,11,"[0.9551530612244896,0.9836702465798683]",0.9836702465798683,10,0.00041906348193617034,8,ydDPN,relu,0.0032658020942437785,0.2629076696186928,0.15
adam,182,0.7,200,55,"[0.9340816326530611,0.98487264604865]",0.98487264604865,10,0.02050805154968338,9,zSbjl,elu,0.013136584095642542,0.19077558008396767,0.15
adam,137,0.7,200,113,"[0.9572448979591837,0.9848008893277564]",0.9848008893277564,10,0.0009288947084627484,2,PktOo,elu,0.006133408775970663,0.24149658018374537,0.15
SGD,118,0.7,200,87,"[0.9288775510204079,0.9580707084318748]",0.9580707084318748,100,0.00766292807298611,10,um4oz,elu,0.01781501260774905,0.2847556279351149,0.15
adam,125,0.7,200,62,"[0.9417346938775509,0.9603645002942519]",0.9603645002942519,50,6.455178120539634e-05,5,FKL7W,elu,0.03314853393619087,0.22237128050604296,0.15
adam,169,0.7,200,38,"[0.9151020408163264,0.9723054418100402]",0.9723054418100402,10,0.05136365731984559,3,nEP2d,relu,0.027563820010612326,0.20574896314089622,0.15
adam,157,0.7,200,100,"[0.9549999999999998,0.9801588822160868]",0.9801588822160868,70,0.0001616547198212542,6,rGjc1,elu,0.008324661287998988,0.22904385121716372,0.15
adam,140,0.7,200,49,"[0.9206122448979592,0.9850471321563361]",0.9850471321563361,10,0.011586733860900648,8,czFzz,elu,0.011313505090207995,0.1736146565604047,0.15
adam,89,0.7,200,33,"[0.9450000000000001,0.9698071159878069]",0.9698071159878069,10,1.1078278943363455e-05,7,huDg4,elu,0.08267399645201853,0.13018987667335735,0.15
adam,113,0.7,200,75,"[0.9377551020408162,0.980767172476126]",0.980767172476126,10,0.005523995386952747,9,jaukg,relu,0.014884315213457308,0.2960355948809568,0.15
SGD,145,0.7,200,68,"[0.9096938775510204,0.9440745946506184]",0.9440745946506184,100,0.0012500035359988581,10,ggkyn,elu,0.004968990560499061,0.15538225390786087,0.15
adam,102,0.7,200,104,"[0.9488775510204082,0.983033390015309]",0.983033390015309,50,0.00355932357205434,9,fAzn2,elu,0.04185542298004487,0.251378115473226,0.15
adam,173,0.7,200,96,"[0.9529591836734694,0.983165479280817]",0.983165479280817,10,0.0006016025444290714,6,BWfxj,elu,0.02115743725665514,0.38053120273422847,0.15
adam,129,0.7,200,119,"[0.945204081632653,0.9668557485679907]",0.9668557485679907,70,3.8636033083369866e-05,8,HEnla,elu,0.0012973164314639446,0.2657237406360182,0.15
adam,154,0.7,200,123,"[0.9629591836734693,0.9884623557999948]",0.9884623557999948,10,0.0004660169595722893,7,rR6cq,relu,6.45609863726606e-06,0.33577421359157705,0.15
adam,166,0.7,200,130,"[0.9572448979591834,0.9829792835976152]",0.9829792835976152,10,0.00012259946143128157,7,pVIID,relu,0.0019651574351730304,0.38831324469996514,0.15
adam,107,0.7,200,144,"[0.9430612244897958,0.9564753768016466]",0.9564753768016466,100,0.00025886449329621375,7,B5kpU,relu,6.968019748287914e-05,0.3559178324381832,0.15
SGD,94,0.7,200,124,"[0.9025510204081633,0.8966211845502279]",0.8966211845502279,10,2.0865560625158053e-05,6,TS6Mb,relu,0.003949478199123823,0.3447525927193809,0.15
adam,162,0.7,200,138,"[0.960969387755102,0.9811626689860983]",0.9811626689860983,5,0.0001819878597536286,7,L0fL3,relu,5.237756659524577e-05,0.36503455250161093,0.15
adam,149,0.7,200,155,"[0.9321428571428572,0.9676640619305037]",0.9676640619305037,50,6.186812003148797e-05,6,bD1Ir,relu,0.005918666902591524,0.32521418917684525,0.15
adam,121,0.7,200,134,"[0.9478571428571427,0.9728659504988174]",0.9728659504988174,10,2.6244075812425526e-05,7,x4v5G,relu,0.00971268198563724,0.3383642061365465,0.15
adam,134,0.7,200,110,"[0.9507142857142858,0.9800394378043966]",0.9800394378043966,5,0.000484445994282156,7,jEWKJ,relu,0.007551621084084201,0.3312633415002349,0.15
adam,118,0.7,200,128,"[0.9275510204081632,0.9510509003435581]",0.9510509003435581,70,8.70806745100414e-05,6,AJjFj,relu,0.039356837434050565,0.37677200380869413,0.15
adam,79,0.7,200,140,"[0.9559183673469389,0.9804902191972374]",0.9804902191972374,10,0.0008055704696757812,7,mxCi2,relu,0.012508732828801945,0.31304211445450814,0.15
SGD,140,0.7,200,165,"[0.9159183673469388,0.9414325997006963]",0.9414325997006963,5,0.00021420974479252665,6,OAKE5,relu,0.05678357864714281,0.39552667431791216,0.15
adam,178,0.7,200,120,"[0.9602040816326533,0.9833587433522076]",0.9833587433522076,10,0.00036627358550707617,7,omxMe,relu,0.0036710920702551723,0.32030221758456784,0.15
adam,156,0.7,200,151,"[0.9514285714285714,0.9750700817344672]",0.9750700817344672,5,4.792843963088621e-05,5,fljqa,relu,0.05022204578081471,0.30370105544298437,0.15
adam,125,0.7,200,115,"[0.9459183673469387,0.9772262950233086]",0.9772262950233086,30,9.38692775547344e-05,8,ky56s,relu,0.017785036573875236,0.35727610393041187,0.15
adam,110,0.7,200,125,"[0.9531632653061225,0.9838221732377084]",0.9838221732377084,10,0.00030950609996070955,6,LbNOU,relu,0.00201887217121857,0.29090971014534234,0.15
adam,144,0.7,200,110,"[0.953877551020408,0.9797721228904889]",0.9797721228904889,100,0.0017956217994589767,7,UGoPo,relu,0.008752439029372186,0.3464092517052198,0.15
adam,130,0.7,200,147,"[0.9466326530612246,0.9651800897989146]",0.9651800897989146,50,0.00014026576374093973,8,fW51X,relu,0.014319993048222492,0.2759893616223743,0.15
SGD,98,0.7,200,133,"[0.9197959183673469,0.9489712991238136]",0.9489712991238136,10,0.000677092175688125,7,YwXGr,relu,0.006231793822265214,0.3361800806032021,0.15
adam,136,0.7,200,106,"[0.9448979591836736,0.9814232743999554]",0.9814232743999554,5,0.0004560006478174528,6,mnq8r,relu,0.07662482984844564,0.3026219234278664,0.15
adam,171,0.7,200,93,"[0.9539795918367349,0.9818602152736432]",0.9818602152736432,70,0.0012748954161185858,8,mKEQG,relu,0.025337371687929634,0.3695135566707782,0.15
adam,186,0.7,200,101,"[0.9371428571428572,0.9834483252179147]",0.9834483252179147,10,0.0009718204045185577,5,fT5kv,relu,0.06796185779887763,0.2867006557415285,0.15
adam,160,0.7,200,86,"[0.9282653061224491,0.9443799138764957]",0.9443799138764957,5,2.2799347213119737e-06,7,lFJ8w,relu,0.029550788599539496,0.32226337024533724,0.15
adam,113,0.7,200,121,"[0.9588775510204082,0.9807778976219177]",0.9807778976219177,10,7.584764166474455e-05,8,yPLuM,relu,0.00012634451834281357,0.27946182365486566,0.15
adam,104,0.7,200,116,"[0.946326530612245,0.984122798289137]",0.984122798289137,30,0.00230371331466567,6,PVh9H,relu,0.023171081156611623,0.3086586979297651,0.15
SGD,153,0.7,200,80,"[0.9550000000000001,0.9785698093907431]",0.9785698093907431,5,0.0016288965979690314,8,qPU8P,tanh,0.009764034308862204,0.2713366238258189,0.15
adam,147,0.7,200,91,"[0.9559183673469389,0.983408636241375]",0.983408636241375,10,0.00011947028946388749,7,wAmoq,tanh,0.016936130286608706,0.38578753767174834,0.15
adam,123,0.7,200,113,"[0.9322448979591836,0.9558375147702766]",0.9558375147702766,100,5.219064694988862e-05,8,mMQAj,relu,0.020170535388272195,0.2406971842893713,0.15
adam,85,0.7,200,104,"[0.9558163265306122,0.9831528912963428]",0.9831528912963428,5,0.0002610996560898099,5,n1Ca6,tanh,0.0045258100800504505,0.3614842469294487,0.15
adam,163,0.7,200,141,"[0.951734693877551,0.9792119005209754]",0.9792119005209754,50,0.0003810805698438001,7,Be7If,relu,0.03521075196657604,0.2557813556729969,0.15
adam,176,0.7,200,131,"[0.958061224489796,0.9798078244973022]",0.9798078244973022,10,0.0006361465526544954,4,HTqRG,tanh,0.013368827552381626,0.29501377017798286,0.15
adam,167,0.7,200,98,"[0.6094897959183674,0.9389827525792404]",0.9389827525792404,70,0.21939342659575262,6,nQWVU,tanh,0.01581720513439681,0.2638347501050813,0.15
SGD,132,0.7,200,83,"[0.9103061224489795,0.9136716708479413]",0.9136716708479413,10,8.253969256158938e-06,8,h5luD,relu,0.0022027823047129774,0.2328560512982525,0.15
adam,139,0.7,200,136,"[0.9582653061224491,0.9796241253098412]",0.9796241253098412,5,0.00017611185448593823,7,VVT9D,tanh,0.007055737212625916,0.3286493371281161,0.15
adam,149,0.7,200,71,"[0.9608163265306121,0.9855273532900531]",0.9855273532900531,10,0.0011161092794735696,6,NM5d7,tanh,0.027171542792016223,0.2832818592768764,0.15
adam,74,0.7,200,95,"[0.9587755102040816,0.9779589527941062]",0.9779589527941062,30,0.0027881647554068734,7,LiDV4,relu,0.01201582690831542,0.34766147730223373,0.15
adam,157,0.7,200,122,"[0.9678571428571429,0.9874770687982526]",0.9874770687982526,5,0.0008247996729203965,8,w4psn,tanh,5.348971803715262e-05,0.313813739800614,0.15
adam,91,0.7,200,76,"[0.9685714285714285,0.9850771248855205]",0.9850771248855205,10,0.004947648647028828,7,BXdN3,tanh,0.008528408500043516,0.2477009789458354,0.15
adam,129,0.7,200,126,"[0.9357142857142856,0.9852645190277011]",0.9852645190277011,50,0.008720683118421956,6,CFVfD,relu,0.01941794377478769,0.26959251908210446,0.15
SGD,119,0.7,200,108,"[0.5530612244897959,0.526458736260287]",0.526458736260287,100,2.6966376231412424e-05,8,MpP2b,tanh,0.05913899318987738,0.294803683612635,0.15
adam,196,0.7,200,88,"[0.9418367346938776,0.9846051354388543]",0.9846051354388543,10,0.0018603278113062632,7,Yew2a,relu,0.03119036786596648,0.21512541676019734,0.15
adam,143,0.7,200,81,"[0.9571428571428573,0.9876120090914352]",0.9876120090914352,5,0.0005246660558208097,6,I2k3g,tanh,0.004669913498975435,0.3361019241674945,0.15
adam,190,0.7,200,158,"[0.9418367346938776,0.947607260974513]",0.947607260974513,70,1.4683324669621369e-05,5,NZv7c,tanh,0.022378482460533672,0.30144291452574906,0.15
adam,107,0.7,200,101,"[0.9509183673469389,0.9806632786074407]",0.9806632786074407,10,0.0002218465660967692,8,blMwz,relu,0.011225240071941105,0.2585119734627572,0.15
adam,182,0.7,200,59,"[0.971734693877551,0.9823353998798087]",0.9823353998798087,5,0.006258899633164038,3,ZgJdW,tanh,6.894743197252782e-06,0.3701999382153834,0.15
adam,102,0.7,200,64,"[0.9467346938775512,0.9667490742684166]",0.9667490742684166,10,3.545932833185857e-05,7,bhw4b,relu,0.015139571510865672,0.24385415433878954,0.15
SGD,127,0.7,200,117,"[0.9432653061224489,0.9524815615431876]",0.9524815615431876,30,0.0013760730658040536,8,wh8lJ,tanh,0.002217395762971368,0.31657225269539213,0.15
adam,116,0.7,200,89,"[0.9626530612244899,0.9865141084349451]",0.9865141084349451,5,0.0002957603412436382,7,WYiLx,tanh,0.0330586304763625,0.22487987447561789,0.15
adam,136,0.7,200,71,"[0.7862244897959183,0.9646563741246481]",0.9646563741246481,10,0.06637561275110297,6,JkkGG,relu,0.04624600794803939,0.2775489600610339,0.15
adam,151,0.7,200,111,"[0.958061224489796,0.9702134260863546]",0.9702134260863546,100,0.01574175370019322,9,k451a,tanh,0.0540229876573592,0.23657131908103882,0.15
adam,173,0.7,200,68,"[0.9335714285714287,0.9884666297876604]",0.9884666297876604,50,0.02293125410962368,8,T3Yoh,relu,0.006087160342273801,0.25388870787348894,0.15
adam,198,0.7,200,67,"[0.6254081632653061,0.956126111426503]",0.956126111426503,50,0.08956081959862554,9,K8XzT,tanh,0.018734878984994464,0.19695060428519034,0.15
adam,172,0.7,200,53,"[0.7822448979591836,0.9688509884118928]",0.9688509884118928,50,0.04051449193701628,9,VKiXE,elu,0.024540833965027816,0.2106974929342537,0.15
SGD,185,0.7,200,56,"[0.9579591836734693,0.9797984079080206]",0.9797984079080206,50,0.03060588761664357,8,Icwsc,tanh,0.037039221128906466,0.2542761949510785,0.15
adam,180,0.7,200,76,"[0.4568367346938776,0.7153472068739448]",0.7153472068739448,50,0.34492436193169024,8,JPXCU,elu,0.021110665660926033,0.2166861542640179,0.15
adam,187,0.7,200,61,"[0.9321428571428573,0.9785747052595977]",0.9785747052595977,50,0.050711756553459865,9,GlHAr,relu,0.017213175188584548,0.22729716716512402,0.15
adam,193,0.7,200,49,"[0.7280612244897959,0.9590607718116957]",0.9590607718116957,50,0.13282525886122362,9,pEn0d,elu,0.07265868756836232,0.1873314403634308,0.15
adam,164,0.7,200,43,"[0.31801020408163266,0.9450368348770134]",0.9450368348770134,50,0.23239879404642827,8,bmiQc,tanh,0.029451698568922033,0.20113338169694533,0.15
adam,176,0.7,200,78,"[0.9355102040816327,0.9789659829169068]",0.9789659829169068,50,0.023180426374920775,9,XOhoy,relu,0.013229991564060175,0.2326101571997667,0.15
adam,168,0.7,200,73,"[0.927142857142857,0.9699478864168795]",0.9699478864168795,50,0.06624354307283271,8,zNxCN,elu,0.009763077142066031,0.260309253154463,0.15
SGD,200,0.7,200,84,"[0.961122448979592,0.9829278419773975]",0.9829278419773975,50,0.17125076213981805,9,ogJLF,tanh,0.006290867747037584,0.2692357966154326,0.15
adam,159,0.7,200,64,"[0.6141326530612246,0.89635610330067]",0.89635610330067,50,0.10830792070424629,8,zTHCL,elu,0.008288579433613243,0.2894180475691059,0.15
adam,146,0.7,200,68,"[0.9619387755102041,0.9856328954902708]",0.9856328954902708,50,0.029565888292084282,9,wAy2j,tanh,0.027621232862033905,0.24687839991985375,0.15
adam,94,0.7,200,57,"[0.9329591836734693,0.9842137284946805]",0.9842137284946805,50,0.019865397005757002,8,uFGbl,relu,0.015442373743892073,0.20518290056276658,0.15
adam,110,0.7,200,46,"[0.9465306122448979,0.9857202225205753]",0.9857202225205753,50,0.00987216718693875,8,Wm9Mp,elu,0.023940555351736108,0.22161693530815882,0.15
adam,99,0.7,200,53,"[0.9518367346938776,0.9814744562621422]",0.9814744562621422,50,0.012906681635866933,9,YykAG,tanh,0.06398490337949746,0.2361742781143915,0.15
adam,81,0.7,200,80,"[0.5325510204081633,0.7128075303727242]",0.7128075303727242,50,0.4142241306444316,8,JeJyz,elu,0.043018539579621394,0.25044598273874125,0.15
adam,171,0.7,200,92,"[0.9411224489795916,0.9657787716733225]",0.9657787716733225,50,0.041570029301073445,8,kj4Z6,relu,0.025711504307799185,0.1824992034418379,0.15
SGD,190,0.7,200,71,"[0.9529591836734694,0.9655113058524727]",0.9655113058524727,50,0.007280704832690578,9,k4H6e,tanh,0.011888522239162442,0.277820136644546,0.15
adam,179,0.7,200,86,"[0.9396428571428572,0.9725970044728122]",0.9725970044728122,5,0.016856700273478648,8,R91b0,elu,0.00557561079220123,0.24194305813185468,0.15
adam,123,0.7,200,61,"[0.9571428571428571,0.9841698365832375]",0.9841698365832375,70,0.010711391851796046,9,RNN4g,tanh,0.09264624745372853,0.26466378910707683,0.15
adam,140,0.7,200,97,"[0.9378571428571428,0.9770099210799975]",0.9770099210799975,50,0.09291560306208098,7,lNHNH,relu,0.00260637889825542,0.2533670056723831,0.15
adam,163,0.7,200,76,"[0.9355102040816327,0.9819391605699723]",0.9819391605699723,5,0.004092857128410698,8,dUxiA,elu,0.09604994953985853,0.28378095799254766,0.15
adam,134,0.7,200,41,"[0.9453061224489797,0.9804366203442072]",0.9804366203442072,5,0.02323684410336807,9,zQJV4,tanh,0.018835846991593307,0.20867354140948607,0.15
adam,115,0.7,200,83,"[0.9415306122448979,0.9817460785690606]",0.9817460785690606,30,0.0351758910456599,7,muolM,elu,0.01364680974698479,0.16875204386808387,0.15
SGD,173,0.7,200,66,"[0.9160204081632652,0.9480393483586684]",0.9480393483586684,100,0.006146639085452256,10,u6qs7,relu,0.004067937333624341,0.22803931403946573,0.15
adam,156,0.7,200,37,"[0.9614285714285715,0.9769537055951514]",0.9769537055951514,50,0.003215086711480605,8,MzgMm,tanh,0.010442406066965533,0.19044036055546934,0.15
adam,88,0.7,200,91,"[0.943061224489796,0.9822057543101753]",0.9822057543101753,5,0.004759566302619979,9,vQR3K,elu,0.021969700390498004,0.29946158803910045,0.15
adam,150,0.7,200,108,"[0.958061224489796,0.9888340536399955]",0.9888340536399955,10,0.0022370771584973048,7,gQ7Rm,relu,0.007260206467459751,0.27059970915829207,0.15
adam,152,0.7,200,105,"[0.9458163265306123,0.985155406414639]",0.985155406414639,10,0.0023777423151783977,7,oW84d,relu,0.007074016500536342,0.2868833163646773,0.15
adam,143,0.7,200,103,"[0.9462244897959182,0.9877632578530051]",0.9877632578530051,10,0.004243969259760047,7,WXgBP,relu,0.00802705857197111,0.3079868245745413,0.15
adam,148,0.7,200,95,"[0.9487244897959183,0.983478057185305]",0.983478057185305,10,0.008042518890036649,7,WLa99,relu,0.004100302547332506,0.2609384666784476,0.15
adam,163,0.7,200,88,"[0.9467346938775509,0.9833742420854508]",0.9833742420854508,10,0.002178056173257211,7,mNTEh,relu,0.016769217057449846,0.2687806848571207,0.15
adam,138,0.7,200,74,"[0.9434693877551019,0.9847855012666782]",0.9847855012666782,70,0.014586060020624054,7,UNolt,relu,1.5969650434211058e-05,0.2738666816681042,0.15
adam,157,0.7,200,97,"[0.9447959183673469,0.9839458216339168]",0.9839458216339168,10,0.002781070330897988,7,entiK,relu,0.010187974968429377,0.24548781103087752,0.15
adam,169,0.7,200,82,"[0.9372448979591835,0.9840613566457442]",0.9840613566457442,5,0.01054148094060228,8,DOHYi,relu,0.014045551984158994,0.2362219471935324,0.15
adam,132,0.7,200,108,"[0.948265306122449,0.9886502602214107]",0.9886502602214107,10,0.0016990473958880155,7,kA49o,relu,0.005736373266362259,0.2574836456293938,0.15
adam,129,0.7,200,109,"[0.9431632653061225,0.9799176095981842]",0.9799176095981842,10,0.0012745582761338912,6,ykbWr,relu,0.0028018322466192343,0.2910779906125969,0.15
adam,132,0.7,200,115,"[0.9465306122448978,0.9846042184371957]",0.9846042184371957,10,0.0009252406074574443,6,dj8Vh,relu,0.008994094219895835,0.2776441675635051,0.15
adam,125,0.7,200,119,"[0.9534693877551019,0.9860206126600257]",0.9860206126600257,10,0.001606902127597778,6,ufSR1,relu,0.01241274702823443,0.21803032286058596,0.15
adam,143,0.7,200,101,"[0.9530102040816327,0.9818091805048164]",0.9818091805048164,10,0.0007980355582481836,6,z5vJu,relu,0.0013247693454279813,0.26294315957294745,0.15
adam,120,0.7,200,106,"[0.937857142857143,0.9848756832957115]",0.9848756832957115,10,0.0020844989954611347,7,OaTAe,relu,0.016267970008265523,0.22959601213296196,0.15
adam,137,0.7,200,113,"[0.9462244897959184,0.9829650000282253]",0.9829650000282253,10,0.003485210853294334,6,TOnP1,relu,0.019731063321140267,0.24324717054705536,0.15
adam,112,0.7,200,98,"[0.9530612244897958,0.9815521967703418]",0.9815521967703418,10,0.0010901187662384854,7,VccSE,relu,0.006976190892868948,0.2956372743325209,0.15
adam,126,0.7,200,109,"[0.9494897959183672,0.9872676229805553]",0.9872676229805553,10,0.005195355989208781,7,O4i0O,relu,0.011083040023267345,0.2707450377189153,0.15
adam,147,0.7,200,130,"[0.9480612244897959,0.9828370866300083]",0.9828370866300083,10,0.0006210679925367892,6,CEBm2,relu,0.01448549402774342,0.28488753719118215,0.15
adam,132,0.7,200,101,"[0.95734693877551,0.9838372719578986]",0.9838372719578986,10,0.0015000781414949065,5,WMucj,relu,0.003891439273781415,0.3079161397527461,0.15
adam,106,0.7,200,93,"[0.9642857142857142,0.9865268354072999]",0.9865268354072999,10,0.0026691732700714183,7,docs8,relu,5.3084661186536194e-05,0.25556823600965267,0.15
adam,122,0.7,200,123,"[0.9505102040816327,0.9864311058529489]",0.9864311058529489,10,0.006676047398108748,7,kGpTJ,relu,0.008579116580010978,0.2114989339274997,0.15
adam,140,0.7,200,112,"[0.958469387755102,0.9846795712494533]",0.9846795712494533,10,0.0019711316197831273,6,tqkq6,relu,0.0057463072097397585,0.22114115858789987,0.15
adam,117,0.7,200,118,"[0.938469387755102,0.9856617746745788]",0.9856617746745788,10,0.003339454891962372,7,hd6IH,relu,0.017423057019402895,0.23876500071538784,0.15
adam,134,0.7,200,92,"[0.9559183673469388,0.9814657152640764]",0.9814657152640764,10,0.0003938222787069602,6,ZVrUy,relu,0.012618830872862596,0.3187679184327557,0.15
adam,150,0.7,200,128,"[0.9566326530612246,0.9797335152821418]",0.9797335152821418,10,0.0009961335478825507,7,FYmKt,relu,0.0023159669805221236,0.24816352563814162,0.15
adam,144,0.7,200,107,"[0.9408163265306122,0.9814412563558216]",0.9814412563558216,10,0.0007242180230132478,6,SwwhY,relu,0.08663810857882212,0.2000032622338549,0.15
adam,128,0.7,200,89,"[0.9604081632653061,0.9877552391051069]",0.9877552391051069,10,0.0015219835359311705,5,INvM0,tanh,0.010185993499403941,0.27925442136821593,0.15
adam,137,0.7,200,104,"[0.9270408163265307,0.9836678877370927]",0.9836678877370927,10,0.005317353981218126,7,RjrHH,relu,0.02118418309768133,0.30193139460183005,0.15
adam,101,0.7,200,100,"[0.9220408163265306,0.980514248480859]",0.980514248480859,5,0.003741071703566037,7,OWNWf,elu,0.015294713282495287,0.23023586918874472,0.15
adam,154,0.7,200,87,"[0.9569387755102042,0.9816978922953226]",0.9816978922953226,30,0.0005422074574039638,6,Om7QT,tanh,0.004848614932654187,0.25841203719863154,0.15
adam,111,0.7,200,137,"[0.9528571428571431,0.9802310545584347]",0.9802310545584347,10,0.0028080134534591967,7,Ku9Gl,relu,0.00742682729215327,0.29018807498577565,0.15
adam,119,0.7,200,79,"[0.9541836734693877,0.9770737302674972]",0.9770737302674972,100,0.001192687094924173,6,sXMv7,elu,0.019252983636599948,0.2736789911178534,0.15
adam,124,0.7,200,94,"[0.9640816326530611,0.9844118493160894]",0.9844118493160894,5,0.0018418227950275394,5,AyIpM,tanh,0.0014594438452286192,0.24982519087533514,0.15
adam,146,0.7,200,113,"[0.9287755102040818,0.9833970694489306]",0.9833970694489306,10,0.004544291577218862,7,xoOM9,relu,0.011879776265456866,0.21886093767818432,0.15
SGD,96,0.7,200,85,"[0.9414285714285715,0.9665603720600882]",0.9665603720600882,70,0.008651425737228704,8,hyPi6,elu,0.023261180567337014,0.2646617725710314,0.15
adam,131,0.7,200,119,"[0.9540816326530612,0.9879443517014973]",0.9879443517014973,10,0.0007524498956048059,7,SIUTI,tanh,0.009206492859559101,0.31289762822543893,0.15
adam,114,0.7,200,132,"[0.9337755102040817,0.9829222697280814]",0.9829222697280814,5,0.006690407101381494,2,IsDBT,relu,0.017687587779541082,0.2987870900658594,0.15
adam,159,0.7,200,95,"[0.9552551020408163,0.9798996036025203]",0.9798996036025203,10,0.0003576405960481162,8,KJtPH,elu,0.00010726126201074902,0.23533735796426228,0.15
adam,141,0.7,200,109,"[0.9565306122448979,0.9844288247256336]",0.9844288247256336,5,0.00237865610113739,6,FIKFE,tanh,0.025917245704960623,0.1776301687119261,0.15
adam,151,0.7,200,103,"[0.9592857142857142,0.9850111919034104]",0.9850111919034104,10,0.0010555057177041752,4,GppvG,elu,0.004668334925050425,0.32525138363745754,0.15
adam,108,0.7,200,126,"[0.9597959183673469,0.984378870834561]",0.984378870834561,30,0.0015988148029283645,7,PL7OE,relu,0.013354114397336237,0.20858918905715612,0.15
SGD,134,0.7,200,78,"[0.9308163265306122,0.945407699183509]",0.945407699183509,100,0.00048238911748310783,6,B71c5,tanh,0.002989304514486775,0.2842576199693252,0.15
adam,128,0.7,200,116,"[0.9420408163265306,0.9753117811012032]",0.9753117811012032,10,0.013074589410914357,7,pkBGc,elu,0.016237338640481786,0.24249807472815185,0.15
adam,105,0.7,200,98,"[0.9331632653061224,0.9861774635597793]",0.9861774635597793,5,0.0038490143643037226,8,Zo4Vi,relu,0.007624039397084411,0.19844360914695086,0.15
adam,122,0.7,200,72,"[0.9613265306122448,0.9857789141242158]",0.9857789141242158,10,0.008521013473755959,7,Cah1H,tanh,0.020867728633474112,0.25761961267179434,0.15
adam,141,0.7,200,122,"[0.9590816326530611,0.9860914902493565]",0.9860914902493565,10,0.00021544812771592996,5,U1u3t,elu,0.011094596127926171,0.26807962810635066,0.15
adam,148,0.7,200,89,"[0.9672448979591837,0.9821722066325089]",0.9821722066325089,70,0.001978099621220208,8,DoPlt,relu,5.864741148244382e-05,0.2201192207796732,0.15
